# .PCD v0.7 - Point Cloud Data file format
# Original synthetic bunny-like point cloud generated by scripts/generate_bunny.py
VERSION 0.7
FIELDS x y z r g b
SIZE 4 4 4 1 1 1
TYPE F F F U U U
COUNT 1 1 1 1 1 1
WIDTH 13810
HEIGHT 1
VIEWPOINT 0 0 0 1 0 0 0
POINTS 13810
DATA ascii
-0.2850966 0.2640234 0.0165882 204 216 232
-0.1279963 0.2579993 0.1823839 204 216 232
-0.3776739 -0.1010128 0.2612379 204 216 232
0.0458692 0.1710140 -0.2944889 204 216 232
0.2067246 -0.3815417 -0.1849668 204 216 232
0.2379076 0.0083210 -0.3317966 204 216 232
0.3775085 0.0649885 -0.2223093 204 216 232
-0.1898551 0.2104919 0.2073014 204 216 232
-0.0657591 -0.2380477 -0.3480560 204 216 232
-0.2516993 -0.4256742 0.0720087 204 216 232
-0.2902974 0.2629362 -0.0373851 204 216 232
-0.0727121 -0.0605494 0.3866299 204 216 232
-0.3386829 0.1908934 0.1373214 204 216 232
0.3406073 -0.3391035 0.1285755 204 216 232
0.1250166 -0.2825375 -0.3180171 204 216 232
-0.0545440 -0.3227202 -0.3109306 204 216 232
0.1953607 0.2071997 -0.2526143 204 216 232
0.0793119 -0.4653164 -0.1286806 204 216 232
0.3566784 -0.1432897 -0.2527082 204 216 232
0.4317467 0.0581665 0.1532771 204 216 232
0.2374103 -0.1411574 0.3265341 204 216 232
-0.4175646 -0.1827092 0.2192548 204 216 232
-0.4453661 0.0546401 0.1479798 204 216 232
-0.1844066 0.2718955 0.1471564 204 216 232
0.1665013 -0.0105340 0.3570947 204 216 232
-0.4077479 -0.2977121 -0.1179632 204 216 232
-0.4915963 -0.0049425 0.1242794 204 216 232
-0.2188159 0.0115184 -0.3389589 204 216 232
0.4081650 -0.2702839 -0.1733838 204 216 232
-0.2564598 0.1959117 -0.1983287 204 216 232
0.0435144 0.2239883 -0.2524611 204 216 232
0.4739877 -0.2362021 0.0003151 204 216 232
0.4909126 -0.1936364 0.1358255 204 216 232
-0.3880358 -0.0891233 -0.2452207 204 216 232
-0.4281861 -0.2402938 0.1686284 204 216 232
-0.2418561 0.2062653 0.2031510 204 216 232
-0.0443527 0.2988256 -0.1531560 204 216 232
0.4775898 -0.2759872 -0.0324108 204 216 232
-0.2273493 -0.4106562 0.1295997 204 216 232
-0.4888557 -0.0238743 -0.1320048 204 216 232
0.4650489 0.0091662 0.1721957 204 216 232
-0.0872675 -0.4697307 0.0621630 204 216 232
-0.3224206 -0.3498802 0.1692001 204 216 232
0.1872951 0.1852722 -0.2641905 204 216 232
0.4633551 0.1007272 -0.0196209 204 216 232
0.0530025 -0.3155503 0.3091969 204 216 232
0.4346219 0.1539304 0.0913349 204 216 232
0.1190735 -0.4512124 -0.0876198 204 216 232
0.1050756 -0.4106381 0.1931564 204 216 232
0.1193464 -0.0407154 0.3591618 204 216 232
-0.3645737 0.1312466 0.1774787 204 216 232
-0.4300836 -0.2470068 0.1451953 204 216 232
0.0123838 -0.0420800 -0.3773868 204 216 232
0.4568557 0.0982981 -0.0399085 204 216 232
-0.3448901 0.1003456 0.2211474 204 216 232
0.1174116 -0.4457684 0.1096185 204 216 232
0.1343880 0.2215462 -0.2525750 204 216 232
-0.4470911 -0.1243875 0.1917010 204 216 232
-0.2031012 -0.3510450 0.2382307 204 216 232
0.0522564 0.1853476 0.2879985 204 216 232
0.5155830 -0.0710063 0.0272392 204 216 232
-0.4788648 0.0083833 0.1339988 204 216 232
0.4734240 -0.1158606 0.1523102 204 216 232
-0.4345870 0.0651524 -0.1574532 204 216 232
-0.5087137 -0.1711344 -0.0934742 204 216 232
-0.4709637 -0.2638631 0.0116097 204 216 232
-0.3429100 -0.3765274 0.0740766 204 216 232
-0.1214737 0.2988271 0.0301702 204 216 232
-0.1697453 0.1446451 0.2948439 204 216 232
-0.2066010 0.0742246 -0.3141242 204 216 232
0.1739697 -0.0894462 0.3517482 204 216 232
-0.3209199 -0.3104638 -0.2020380 204 216 232
-0.4510635 -0.0346359 0.1868586 204 216 232
-0.1595086 0.2504934 -0.2052195 204 216 232
-0.2593687 -0.0970436 -0.3276265 204 216 232
-0.1989220 0.0694816 -0.3089799 204 216 232
-0.3369742 -0.1499564 -0.2965603 204 216 232
-0.3179400 -0.3696747 -0.1202085 204 216 232
0.1361438 -0.4800430 -0.0173406 204 216 232
0.4068680 0.0869918 0.1737123 204 216 232
0.4840833 -0.2287740 0.0460953 204 216 232
-0.0132915 0.1007234 -0.3294340 204 216 232
-0.0252453 0.0043791 0.3581233 204 216 232
-0.3519976 0.1888923 0.1413792 204 216 232
-0.2911699 -0.4005061 0.0973585 204 216 232
-0.4160158 -0.2337149 0.1671623 204 216 232
0.4265472 0.1357829 0.1092788 204 216 232
0.5373955 -0.0772487 -0.0406408 204 216 232
-0.2555586 -0.4289137 -0.0858711 204 216 232
0.5195681 -0.1013773 -0.0417571 204 216 232
-0.4038738 -0.0321625 0.2288490 204 216 232
0.3137661 -0.3630794 -0.1476282 204 216 232
0.1524930 -0.4576893 0.0722535 204 216 232
0.1536282 -0.2889672 -0.2979558 204 216 232
0.1729744 0.3125367 -0.0275032 204 216 232
0.0124025 -0.1308847 0.3651874 204 216 232
-0.2906868 -0.3934229 0.1188515 204 216 232
-0.4336266 -0.3246647 -0.0531638 204 216 232
0.0094356 0.3224659 -0.0630764 204 216 232
-0.1722177 -0.4004852 -0.1916440 204 216 232
0.0730045 -0.4214514 0.2156633 204 216 232
-0.4530205 -0.2160979 0.1180400 204 216 232
-0.2658469 -0.2748774 0.2650343 204 216 232
-0.3225409 0.2070916 -0.1322481 204 216 232
0.1324352 0.2168360 -0.2354245 204 216 232
-0.4620011 -0.1762420 -0.1455346 204 216 232
-0.0486360 0.3251928 0.0405103 204 216 232
0.2195570 -0.1359583 0.3449780 204 216 232
0.1586938 -0.4547670 0.0185244 204 216 232
0.0334845 0.2687049 0.1871071 204 216 232
-0.4727268 -0.0707471 -0.1687321 204 216 232
-0.3064409 -0.2201547 -0.2723851 204 216 232
0.1903104 0.1083415 0.3023902 204 216 232
-0.1471501 -0.2144466 -0.3362358 204 216 232
0.0983529 -0.4713882 -0.0222500 204 216 232
0.0232320 -0.4428861 0.2015789 204 216 232
-0.0084597 -0.1324695 -0.3850001 204 216 232
0.1106918 0.3167551 0.0556928 204 216 232
0.4418031 -0.1943972 -0.1790062 204 216 232
-0.2677967 0.2594024 0.0877752 204 216 232
0.0987709 0.2532806 -0.2011231 204 216 232
-0.0789159 -0.4319167 0.2047759 204 216 232
0.2967617 0.1417963 0.2270110 204 216 232
0.1829488 -0.1694265 -0.3466867 204 216 232
-0.3335014 -0.2290868 0.2633371 204 216 232
-0.1986395 0.2851302 0.0949461 204 216 232
0.2360964 0.1652045 -0.2413297 204 216 232
0.1556887 0.0388703 -0.3415401 204 216 232
0.1957120 0.2016186 0.2334611 204 216 232
0.3575262 -0.0713492 -0.2810923 204 216 232
0.3670444 0.1014777 0.2209822 204 216 232
0.5158732 -0.0355544 -0.0076050 204 216 232
0.1742451 0.3065618 0.0974585 204 216 232
-0.4336331 0.1406488 0.0612806 204 216 232
0.1708323 -0.2722319 0.3117217 204 216 232
0.1679530 0.2893299 0.0914496 204 216 232
-0.5025230 -0.0572389 -0.1100880 204 216 232
-0.0251025 -0.4711773 0.1524077 204 216 232
0.4104926 -0.3191236 0.0998674 204 216 232
0.4984288 0.0101561 0.0650617 204 216 232
-0.1840451 0.3005845 0.0432503 204 216 232
-0.4772160 0.0277982 0.0630271 204 216 232
0.3217164 -0.3862060 0.0622839 204 216 232
-0.4884445 -0.1796599 0.0651820 204 216 232
-0.2062280 0.2366182 0.1827459 204 216 232
-0.4129231 0.1382727 -0.1246820 204 216 232
-0.2952378 -0.2889750 0.2430544 204 216 232
0.0233354 -0.0501830 -0.3687396 204 216 232
0.3896987 0.1808013 0.0406277 204 216 232
-0.1868322 0.3019789 -0.0316774 204 216 232
0.1407191 -0.2368801 -0.3398614 204 216 232
-0.4631128 -0.1732224 -0.1290287 204 216 232
0.3926887 -0.1816440 -0.2414491 204 216 232
0.0916374 -0.1621536 0.3725266 204 216 232
-0.5091084 -0.0935302 0.0966868 204 216 232
0.1586040 -0.1044216 0.3712218 204 216 232
0.3720008 -0.3525730 -0.1186129 204 216 232
0.4812974 -0.2225137 0.0509648 204 216 232
0.4292199 0.0876010 -0.1271815 204 216 232
0.0163254 -0.3377577 0.2875717 204 216 232
-0.2689587 0.1267977 -0.2601908 204 216 232
-0.3099043 -0.2343731 -0.2557535 204 216 232
-0.4303151 0.1353872 0.0075370 204 216 232
0.1639959 -0.3742509 0.2441951 204 216 232
-0.4841102 -0.0062250 0.1417882 204 216 232
-0.4484789 -0.2189064 0.0966273 204 216 232
-0.0899436 0.0071384 0.3586253 204 216 232
-0.0185388 -0.2332025 -0.3632364 204 216 232
-0.4876668 -0.0675276 -0.1388242 204 216 232
-0.3607449 -0.0883214 -0.2786429 204 216 232
-0.0580334 -0.1181810 -0.3635140 204 216 232
-0.2093208 0.1942709 -0.2369621 204 216 232
-0.3885304 -0.2767277 0.1527131 204 216 232
-0.4704690 0.0827872 -0.0715536 204 216 232
-0.4332678 -0.1677046 0.1860975 204 216 232
-0.2973045 0.0085623 -0.3038014 204 216 232
0.0166108 0.2664093 0.1863977 204 216 232
0.0055018 -0.4198757 -0.2108136 204 216 232
-0.0589520 -0.3212739 -0.3013333 204 216 232
-0.1189092 0.1042115 -0.3299951 204 216 232
0.0726962 0.1266401 -0.3190714 204 216 232
-0.2066419 -0.2602151 0.3165520 204 216 232
0.1465975 0.1294957 0.2943702 204 216 232
-0.2295999 -0.0059355 -0.3413497 204 216 232
-0.1654645 -0.1912064 0.3506799 204 216 232
-0.3252547 0.1052663 0.2478375 204 216 232
0.1176525 -0.0419753 0.3740251 204 216 232
0.2613423 -0.2692113 -0.2831693 204 216 232
0.0538147 -0.4731828 -0.0850959 204 216 232
0.2227652 -0.3866202 0.1977505 204 216 232
0.2102659 -0.0517301 0.3416494 204 216 232
-0.1109488 -0.4241050 0.1704970 204 216 232
0.0663201 -0.3648254 0.2738561 204 216 232
0.3588624 -0.1480630 -0.2555563 204 216 232
0.3597988 0.1107310 0.2013707 204 216 232
0.2807753 0.2187821 -0.1839625 204 216 232
-0.2384603 0.2419704 0.1473285 204 216 232
0.3201973 -0.3934054 0.1080532 204 216 232
-0.3148967 0.1017085 0.2452390 204 216 232
-0.0291636 0.2271862 0.2598678 204 216 232
0.3064353 -0.1757244 -0.3011668 204 216 232
0.3085705 -0.3926103 0.1209494 204 216 232
0.3688930 -0.0716225 -0.2627394 204 216 232
-0.0913958 -0.2377425 0.3447774 204 216 232
0.4902439 -0.1460399 -0.0857675 204 216 232
0.0851522 -0.0616187 0.3846345 204 216 232
0.2067303 -0.3369710 -0.2580720 204 216 232
-0.4573327 0.1016145 -0.0448944 204 216 232
0.4566079 0.0784215 -0.1034107 204 216 232
-0.1835842 -0.1924833 -0.3283794 204 216 232
0.2649288 -0.1928814 -0.3015519 204 216 232
0.4550002 0.0968933 0.0302472 204 216 232
-0.4632331 -0.0786568 -0.1669272 204 216 232
-0.4768356 0.0557492 -0.1230087 204 216 232
0.0002928 -0.4729664 -0.1207085 204 216 232
-0.1057247 -0.1487493 0.3740657 204 216 232
-0.4633049 0.0239952 -0.1302452 204 216 232
0.1366609 0.0543465 -0.3361711 204 216 232
-0.1322615 0.2975629 0.0952869 204 216 232
-0.1366445 -0.2229829 -0.3530510 204 216 232
0.5387374 -0.0892499 0.0121140 204 216 232
-0.3356489 -0.3446926 0.1523103 204 216 232
0.4856988 -0.2149168 0.0409565 204 216 232
0.3354330 -0.0449662 0.2795197 204 216 232
0.1515862 0.2915731 -0.1187915 204 216 232
0.3529337 -0.2655365 -0.2323342 204 216 232
0.1029121 0.2396769 -0.1968911 204 216 232
-0.0483468 0.2101433 0.2797814 204 216 232
0.4516650 0.0429816 0.1634808 204 216 232
-0.2580587 -0.0138747 0.3120959 204 216 232
-0.0914882 0.3173929 -0.0324308 204 216 232
-0.4843190 -0.1651313 0.1121406 204 216 232
-0.0510068 -0.5005403 0.0147247 204 216 232
0.1637324 0.1715745 0.2952142 204 216 232
-0.0356655 -0.3571172 -0.2843792 204 216 232
-0.4631616 0.0889415 0.0338117 204 216 232
-0.3781689 0.0712862 -0.2328463 204 216 232
-0.1875134 0.0856231 -0.3257469 204 216 232
0.1791827 -0.4493294 0.0999888 204 216 232
-0.4695283 -0.0295703 -0.1528601 204 216 232
-0.1368692 0.0737047 0.3464604 204 216 232
-0.4786836 0.0450329 -0.0544992 204 216 232
-0.5001789 -0.0102508 -0.0269912 204 216 232
0.2501785 -0.1226585 -0.3394197 204 216 232
0.1108684 0.3147165 0.0197922 204 216 232
-0.5036020 -0.1080763 -0.1244985 204 216 232
0.0810536 -0.4081554 0.2355721 204 216 232
0.4725588 -0.2486525 0.0325566 204 216 232
0.4738518 0.0998257 -0.0132914 204 216 232
-0.3915123 0.0051887 -0.2453867 204 216 232
0.0533846 0.2086674 0.2627787 204 216 232
0.2318286 -0.4498192 0.0381447 204 216 232
-0.1586396 0.1987705 0.2507756 204 216 232
0.0614758 -0.4107039 0.1978386 204 216 232
0.4629079 -0.0047840 0.1464518 204 216 232
0.2287179 -0.3416357 -0.2368568 204 216 232
-0.4881895 0.0393820 0.0052965 204 216 232
0.1887469 -0.4630471 0.1107622 204 216 232
-0.4285296 0.1792367 -0.0325774 204 216 232
-0.0053468 -0.3075358 0.3154416 204 216 232
0.1500854 0.1345527 -0.2975425 204 216 232
0.1311828 -0.4387052 0.1634277 204 216 232
-0.0839030 0.2801659 0.1686559 204 216 232
0.0557622 -0.0288157 0.3741119 204 216 232
-0.1804024 -0.4465684 0.1005466 204 216 232
-0.2567643 0.2586092 -0.0221944 204 216 232
0.4029677 -0.3255905 -0.0206579 204 216 232
-0.3868981 0.1746000 -0.0242550 204 216 232
-0.4188870 -0.3019963 0.0569968 204 216 232
-0.2270244 0.2646959 -0.1148901 204 216 232
-0.4218324 -0.2817909 -0.0782923 204 216 232
0.1124119 -0.2063644 -0.3578581 204 216 232
-0.3465898 0.2109862 0.0537125 204 216 232
-0.1966430 -0.4521968 0.0539354 204 216 232
0.0383893 0.0972138 0.3481500 204 216 232
-0.3513657 0.0373110 0.2608313 204 216 232
-0.0770736 0.0891911 -0.3244070 204 216 232
-0.2177981 0.1771958 -0.2400941 204 216 232
0.2493830 0.2425372 0.1522245 204 216 232
0.3602965 -0.3726819 0.0147694 204 216 232
0.1430237 0.1977958 0.2693502 204 216 232
-0.1078127 -0.3196649 -0.3132958 204 216 232
-0.0233351 -0.2667726 0.3419642 204 216 232
-0.2359695 0.2921383 0.0442028 204 216 232
0.4029811 -0.3228173 -0.0562170 204 216 232
-0.3536945 0.0907741 -0.2386256 204 216 232
-0.0225291 0.3275399 -0.0565695 204 216 232
0.3009238 -0.1256344 0.3039784 204 216 232
0.3424806 -0.3308898 0.1700344 204 216 232
-0.4894440 -0.2441385 -0.0398433 204 216 232
0.2885019 0.2691358 -0.0068006 204 216 232
0.2910281 -0.3772123 -0.1249057 204 216 232
-0.0664708 -0.3411277 0.2825045 204 216 232
-0.4278917 0.1293841 0.0845658 204 216 232
0.2733889 0.2524503 -0.1196202 204 216 232
0.2611489 0.2706452 0.0857845 204 216 232
0.3274516 0.1730466 0.1896139 204 216 232
-0.0396122 0.3336838 0.0793306 204 216 232
0.2202157 -0.4661972 0.0165484 204 216 232
0.3296732 -0.0978538 -0.2916898 204 216 232
0.3138410 -0.0375972 0.3080790 204 216 232
0.4787388 -0.0473903 -0.1267720 204 216 232
0.2435865 -0.3257791 0.2502963 204 216 232
-0.2825136 0.0160572 0.2998897 204 216 232
0.3685287 0.0126247 -0.2506925 204 216 232
-0.3814212 -0.1110919 -0.2467007 204 216 232
-0.0969458 0.1643376 0.3016585 204 216 232
0.5093482 -0.1169030 0.0749829 204 216 232
0.1040001 0.0100942 0.3604620 204 216 232
-0.0408632 0.3009124 0.1585795 204 216 232
-0.1802336 -0.2092908 0.3357349 204 216 232
0.0190110 -0.0767492 -0.3748873 204 216 232
0.1808740 0.1738079 0.2803366 204 216 232
-0.4469461 0.0200195 0.1542572 204 216 232
0.2220619 0.2867748 0.0592154 204 216 232
0.0476687 0.2193899 -0.2521374 204 216 232
0.4570312 -0.1636332 -0.1425743 204 216 232
0.1308121 0.1712101 -0.2739144 204 216 232
-0.0814456 -0.4304065 0.1766203 204 216 232
0.3313744 0.1553290 0.2031560 204 216 232
0.3119604 0.2451199 0.0232008 204 216 232
0.2491408 -0.4372109 -0.0834547 204 216 232
-0.3942330 -0.0042867 -0.2444691 204 216 232
0.1045836 -0.4852273 0.0325419 204 216 232
0.3497587 -0.3175174 0.1657347 204 216 232
-0.4094749 0.1388849 0.1342083 204 216 232
-0.1192802 0.2248147 -0.2438299 204 216 232
-0.1493228 -0.0965661 0.3776617 204 216 232
-0.4867231 -0.2545832 -0.0293273 204 216 232
0.0640340 -0.4830184 -0.0765525 204 216 232
0.1781840 -0.2866879 0.3038437 204 216 232
0.4917539 0.0439764 -0.0488059 204 216 232
0.3841042 -0.3514403 0.0115469 204 216 232
-0.0477105 -0.4716572 -0.0152835 204 216 232
-0.3188500 -0.3599443 -0.1360999 204 216 232
-0.5191323 -0.0014371 0.0563514 204 216 232
-0.4156405 -0.3212047 -0.0286396 204 216 232
0.1898298 -0.2431652 0.3148923 204 216 232
-0.2690921 0.2679164 0.0268604 204 216 232
0.2914850 -0.3726625 -0.1710533 204 216 232
0.0676690 -0.3919477 -0.2311115 204 216 232
-0.3149061 -0.4076504 0.0056527 204 216 232
-0.5104344 -0.0163060 -0.0212567 204 216 232
0.2786866 0.0630348 0.2866849 204 216 232
0.2547005 -0.2761382 0.2763929 204 216 232
0.3235663 0.0677382 -0.2589612 204 216 232
-0.1473533 0.3098838 0.0944946 204 216 232
-0.5133656 -0.1155197 0.0368630 204 216 232
-0.1268773 0.0327765 -0.3574454 204 216 232
0.1051662 -0.3776561 -0.2738833 204 216 232
0.1284927 -0.4797771 0.0415372 204 216 232
0.2261227 0.2462197 -0.1522007 204 216 232
-0.3961052 0.1607481 -0.0985055 204 216 232
0.0553633 -0.1907400 -0.3634224 204 216 232
0.5104806 -0.1618795 0.0639037 204 216 232
-0.3648880 0.0295285 -0.2609754 204 216 232
-0.3453057 -0.3655151 -0.0784937 204 216 232
-0.2500744 0.1942420 -0.1977179 204 216 232
-0.4279673 -0.1351569 -0.1933040 204 216 232
0.3465023 0.1064482 0.2307787 204 216 232
0.0758642 0.3117284 -0.0661691 204 216 232
-0.2142155 0.0172443 0.3327108 204 216 232
0.4152007 -0.3082243 0.0313370 204 216 232
0.0756405 0.2925643 -0.1193343 204 216 232
0.0917080 -0.4772590 0.0350544 204 216 232
0.1790869 0.1145450 0.3108072 204 216 232
0.0590547 0.1238977 0.3325391 204 216 232
-0.2158052 -0.4049660 0.1493484 204 216 232
-0.5230682 -0.0986089 0.0142570 204 216 232
-0.2998051 -0.3216896 -0.2119158 204 216 232
0.5114736 -0.0107148 -0.0565175 204 216 232
0.3410543 0.1646995 0.1985408 204 216 232
0.2901591 -0.1710268 -0.3008848 204 216 232
0.0074601 -0.4805584 0.0752048 204 216 232
0.1551530 0.2622527 -0.1513499 204 216 232
0.4346615 -0.0779207 -0.2148757 204 216 232
-0.0029155 -0.3810959 -0.2621475 204 216 232
-0.4541373 -0.0167590 -0.1942719 204 216 232
-0.0746815 -0.1234796 -0.3638767 204 216 232
0.2558231 -0.4201911 -0.1090209 204 216 232
0.3541682 -0.3301825 0.1448111 204 216 232
0.3607044 -0.1951842 -0.2549420 204 216 232
-0.4753956 -0.1173339 0.1529212 204 216 232
-0.5091226 -0.0073702 0.0174852 204 216 232
-0.0088351 0.3284208 0.0765770 204 216 232
-0.1071410 0.0927502 0.3356547 204 216 232
0.1190075 0.3238826 0.0275176 204 216 232
0.4369248 0.0393725 -0.1820797 204 216 232
-0.3006306 -0.0546339 0.3020463 204 216 232
-0.1945553 -0.4514795 -0.0576422 204 216 232
0.4813303 0.0260865 -0.0991167 204 216 232
-0.4946611 0.0520770 0.0225224 204 216 232
-0.4253334 0.0891332 0.1569653 204 216 232
0.3235818 -0.3616713 -0.1725748 204 216 232
0.2650164 -0.4291642 -0.0689925 204 216 232
-0.5082529 -0.2084998 0.0240981 204 216 232
-0.2940443 0.0339081 -0.3016267 204 216 232
-0.3628798 -0.2344425 0.2375654 204 216 232
0.1537361 -0.4735248 0.0309130 204 216 232
0.1903284 -0.2575891 -0.3132696 204 216 232
-0.4774040 -0.1659185 0.1374214 204 216 232
-0.1404474 0.0385975 -0.3407629 204 216 232
-0.2971560 -0.2434432 -0.2894337 204 216 232
0.1391498 -0.3320089 -0.2784233 204 216 232
-0.4848376 -0.1600327 0.1362064 204 216 232
0.0061077 0.3247880 -0.0982924 204 216 232
0.4421267 0.0586445 0.1240295 204 216 232
-0.4584871 -0.2258327 0.1025034 204 216 232
0.0703361 -0.1557863 -0.3770761 204 216 232
-0.1132141 0.0243082 -0.3615388 204 216 232
-0.4327323 -0.0716927 -0.2021600 204 216 232
0.4640416 -0.2333462 0.1021472 204 216 232
0.3074476 0.1436860 -0.2289661 204 216 232
0.4674861 0.1125115 -0.0501515 204 216 232
-0.0332488 0.1021862 -0.3541811 204 216 232
-0.2360285 0.0665834 -0.3093758 204 216 232
-0.1883497 -0.0944049 -0.3657456 204 216 232
-0.3586471 -0.3404020 0.1426423 204 216 232
0.4880377 0.0369826 0.0872415 204 216 232
-0.4635188 -0.0787400 0.1651502 204 216 232
-0.3420443 -0.2387346 -0.2603280 204 216 232
0.0835627 -0.1953286 0.3644853 204 216 232
0.2610507 -0.1781758 0.3227947 204 216 232
-0.2114361 0.0458109 0.3107866 204 216 232
-0.3722878 0.2226603 -0.0220375 204 216 232
0.2366776 0.0930989 -0.3054943 204 216 232
0.1788818 -0.4310829 0.1559455 204 216 232
0.2766907 -0.3976854 0.1339445 204 216 232
0.2108820 0.0083075 0.3202786 204 216 232
-0.3425261 0.1986675 0.0950942 204 216 232
-0.0531705 -0.1514927 0.3758263 204 216 232
-0.2458775 -0.3772496 -0.1782967 204 216 232
-0.3100847 0.1004448 -0.2589894 204 216 232
-0.1297798 -0.4820818 -0.0251759 204 216 232
0.1110048 -0.0523510 -0.3649879 204 216 232
-0.3465426 -0.3712766 -0.0096269 204 216 232
-0.2718476 -0.2105461 0.3010316 204 216 232
0.0168586 -0.4591641 -0.1543115 204 216 232
0.0078188 0.2979653 0.1579783 204 216 232
-0.0132525 0.3251168 -0.0904165 204 216 232
0.0145018 -0.2781432 0.3386086 204 216 232
-0.0270329 -0.1451827 0.3704188 204 216 232
0.0037487 -0.0618768 -0.3918055 204 216 232
-0.1488543 -0.1324863 0.3601345 204 216 232
-0.4762336 0.0373064 0.0824520 204 216 232
-0.2682733 -0.4368546 0.0319170 204 216 232
0.3546738 0.2136225 0.0658563 204 216 232
0.2483903 0.1659994 -0.2404823 204 216 232
0.3169746 -0.3861577 0.0903530 204 216 232
0.2684464 -0.3540227 0.1971225 204 216 232
0.4895882 -0.2110197 -0.0365238 204 216 232
0.0682574 0.2782344 0.1727317 204 216 232
0.0708503 0.3270003 0.0180258 204 216 232
0.2229536 0.0925524 -0.2985426 204 216 232
-0.4978692 -0.1883194 0.0406887 204 216 232
0.1303127 0.1634914 0.2999516 204 216 232
0.2268970 0.0919770 0.3038957 204 216 232
0.1027117 0.0942810 0.3270227 204 216 232
-0.4668635 -0.2058500 0.0853293 204 216 232
-0.3764117 0.1390266 -0.1697495 204 216 232
0.4599647 0.0071171 -0.1335337 204 216 232
-0.3582596 -0.3484181 0.1270695 204 216 232
0.3265578 -0.3564449 0.1443025 204 216 232
-0.3301780 -0.3615335 0.1271729 204 216 232
-0.4867569 -0.1637285 -0.0957266 204 216 232
-0.2894988 -0.4058956 0.0931189 204 216 232
-0.4735093 -0.1978648 -0.0841357 204 216 232
0.3431726 -0.3490016 0.1174015 204 216 232
-0.1961585 -0.1347508 0.3531021 204 216 232
-0.1525114 0.0873359 -0.3403444 204 216 232
-0.4565883 -0.2777714 0.0827907 204 216 232
-0.4481010 0.0282735 -0.1422204 204 216 232
-0.3180600 0.2059472 0.1343368 204 216 232
-0.4997888 -0.1758389 0.0128205 204 216 232
0.0886823 0.2231642 -0.2560166 204 216 232
0.5071331 -0.1633202 -0.0194554 204 216 232
-0.3994248 -0.0856896 -0.2702038 204 216 232
-0.4754379 0.0591896 -0.0278209 204 216 232
0.4775148 0.0772104 0.0273386 204 216 232
0.0121180 0.2634423 0.1865959 204 216 232
-0.0770692 -0.1218704 0.3718743 204 216 232
0.4128942 0.1463776 0.0682554 204 216 232
0.0370231 -0.4787764 -0.1195030 204 216 232
-0.0258373 -0.2292337 -0.3536479 204 216 232
0.2719146 0.0984121 -0.2723547 204 216 232
0.1370265 0.3145597 -0.0653511 204 216 232
0.1578968 -0.0313339 0.3674480 204 216 232
0.0169791 0.3277881 -0.0641282 204 216 232
0.3419323 -0.2025223 0.2591678 204 216 232
0.4139360 0.0997160 -0.1321350 204 216 232
-0.3880790 0.0721260 0.1924636 204 216 232
0.1607946 0.2622471 -0.1629723 204 216 232
-0.1046745 -0.4913493 0.0068872 204 216 232
0.0743117 -0.3118342 -0.2895207 204 216 232
0.4714951 -0.2504452 0.1063639 204 216 232
0.1274083 0.2579156 0.2146458 204 216 232
-0.2297013 -0.4403480 0.1179755 204 216 232
0.2573014 -0.0228862 -0.3298404 204 216 232
-0.0138228 0.3244164 0.0842542 204 216 232
-0.3335316 -0.1288962 0.2818892 204 216 232
0.2413338 -0.2143591 -0.3086391 204 216 232
0.3001399 -0.0144974 -0.3008822 204 216 232
0.4984709 -0.0200583 0.0579790 204 216 232
0.0685474 -0.0484853 0.3830951 204 216 232
-0.4585584 0.1045940 -0.0985571 204 216 232
0.1468002 -0.1648006 -0.3597230 204 216 232
0.3178409 -0.0691895 -0.2948035 204 216 232
-0.2548725 -0.3606389 -0.1945392 204 216 232
0.3974239 0.0429747 -0.2345986 204 216 232
0.0440703 0.2547126 0.2113429 204 216 232
-0.0729711 -0.3086417 0.2989405 204 216 232
-0.3979670 -0.2584418 0.1815393 204 216 232
-0.0764621 0.3168765 0.1222675 204 216 232
0.1480727 0.0428403 0.3435741 204 216 232
0.1557690 0.0612384 0.3359279 204 216 232
0.4731197 0.0520889 -0.0997052 204 216 232
-0.1767785 -0.1036536 0.3692831 204 216 232
0.3203049 0.0760479 0.2583487 204 216 232
0.1350531 -0.3802224 -0.2492841 204 216 232
-0.2085148 0.0156203 -0.3399529 204 216 232
-0.4971401 -0.1070712 -0.0978183 204 216 232
-0.2171243 -0.3523286 -0.2282847 204 216 232
-0.5069544 -0.0426312 -0.1223382 204 216 232
-0.2615161 0.2396135 0.1468241 204 216 232
0.2930291 0.2544581 0.0852490 204 216 232
-0.1744538 -0.2667614 0.3160776 204 216 232
0.0857218 0.1224215 0.3287340 204 216 232
0.3936151 -0.0334675 0.2591623 204 216 232
0.0098453 -0.3825466 -0.2522336 204 216 232
0.0646804 0.3144078 0.0862718 204 216 232
-0.1331216 0.0629747 0.3494430 204 216 232
-0.4427238 0.0869301 0.1148469 204 216 232
0.3137400 -0.4132539 -0.0468630 204 216 232
0.2775734 -0.3236333 0.2261358 204 216 232
0.3419946 -0.2160587 -0.2696752 204 216 232
-0.3069505 -0.3047035 -0.2197058 204 216 232
-0.4073336 -0.1882092 -0.2028969 204 216 232
0.5134139 -0.1492628 0.0337374 204 216 232
0.3173912 0.0504960 -0.2664199 204 216 232
0.2762522 0.0132639 0.3023184 204 216 232
-0.3196788 -0.3447920 -0.1997556 204 216 232
0.1696418 0.3011436 0.0421019 204 216 232
0.2104050 -0.1811130 -0.3323651 204 216 232
0.3010215 -0.3813860 0.1313908 204 216 232
0.2030739 0.2485203 0.1807931 204 216 232
-0.0844017 0.2487363 0.2260200 204 216 232
-0.1042025 0.3182218 -0.0146669 204 216 232
-0.1956171 0.1519019 -0.2913244 204 216 232
0.4342578 -0.3021486 0.0601716 204 216 232
-0.0927837 0.3412876 -0.0227875 204 216 232
-0.3775774 -0.2372664 0.2030910 204 216 232
0.2959424 -0.3129897 0.1988957 204 216 232
-0.3323572 -0.2117495 -0.2530685 204 216 232
-0.0061042 0.0250113 -0.3683229 204 216 232
0.0452018 0.2970002 -0.0850350 204 216 232
-0.2143674 -0.2505538 -0.3120556 204 216 232
-0.1945038 0.1498300 -0.2763662 204 216 232
0.3369532 -0.2210160 -0.2577715 204 216 232
0.3802981 0.1829213 -0.0520100 204 216 232
-0.3204731 0.0849758 0.2718680 204 216 232
0.4368904 -0.1641286 -0.1856623 204 216 232
0.4524306 0.0043333 0.2063163 204 216 232
0.0471561 -0.3308287 -0.2919835 204 216 232
0.3056644 -0.0835678 -0.3050351 204 216 232
-0.4727389 0.0125653 -0.1083260 204 216 232
-0.0348036 -0.0415164 -0.3653547 204 216 232
-0.0844091 -0.2076456 -0.3567663 204 216 232
0.0785812 0.2892397 -0.1324631 204 216 232
0.2111957 -0.1328644 0.3501762 204 216 232
-0.1097454 0.0555954 -0.3487072 204 216 232
-0.4450606 0.1355653 0.0123774 204 216 232
0.3671119 0.1914367 -0.0792446 204 216 232
0.1264271 -0.1616245 -0.3683455 204 216 232
0.3915161 0.1409492 0.1423854 204 216 232
-0.0879211 0.1188334 0.3363714 204 216 232
-0.0672498 -0.4167168 0.2149284 204 216 232
-0.0719975 0.3094705 -0.0628357 204 216 232
0.2699779 0.2748130 -0.0586417 204 216 232
0.4342548 0.0105155 0.2046642 204 216 232
0.0157165 0.2798509 -0.1736431 204 216 232
0.3759430 -0.1783007 0.2709648 204 216 232
0.0517411 0.0997459 -0.3354729 204 216 232
0.2015609 0.0129684 0.3417683 204 216 232
0.4415218 -0.1292814 0.2002150 204 216 232
-0.1748171 -0.1632104 0.3439088 204 216 232
0.3653834 0.0337671 -0.2337412 204 216 232
-0.1101521 -0.4683393 -0.0066586 204 216 232
-0.3076901 0.2578454 -0.0216117 204 216 232
0.1528665 0.2349210 0.2128832 204 216 232
-0.0972943 -0.2635640 0.3259616 204 216 232
0.3852522 -0.3314829 -0.0857298 204 216 232
-0.5041385 -0.1520546 0.0771889 204 216 232
-0.3425082 -0.2265828 0.2740677 204 216 232
-0.1824486 -0.4387085 0.1181340 204 216 232
-0.3353048 0.1868360 0.1438269 204 216 232
0.4021378 -0.2997274 -0.1741374 204 216 232
0.3491173 0.0901781 -0.2396799 204 216 232
-0.0708714 0.1321547 -0.3151718 204 216 232
-0.0605745 -0.1398816 -0.3658337 204 216 232
-0.5306047 -0.1223184 0.0908708 204 216 232
0.0162207 -0.4941889 -0.0244099 204 216 232
0.4903072 -0.1626130 0.0609723 204 216 232
0.3253279 0.1585838 -0.2055275 204 216 232
-0.2365712 -0.0428279 -0.3306642 204 216 232
0.0726869 0.1059655 -0.3203487 204 216 232
0.3303364 -0.4008641 -0.0233220 204 216 232
0.2008616 -0.1449145 -0.3442011 204 216 232
-0.0235038 0.3264993 0.0098357 204 216 232
-0.3760810 0.1556913 0.1239709 204 216 232
0.2650087 0.0264523 0.3165742 204 216 232
-0.5107375 -0.0454615 -0.0601379 204 216 232
-0.4727868 0.0512304 -0.0487086 204 216 232
-0.1910553 0.0919534 0.3221108 204 216 232
-0.3663769 0.1037027 -0.1951480 204 216 232
0.0211001 0.2051624 -0.2740697 204 216 232
-0.2714308 0.2484238 0.1029181 204 216 232
-0.3805617 0.1575620 -0.1177188 204 216 232
0.2709893 -0.2450692 -0.2834479 204 216 232
-0.0326620 0.1021867 0.3413793 204 216 232
0.1280745 0.2167210 0.2376259 204 216 232
-0.2773209 -0.3036284 -0.2442228 204 216 232
-0.3333004 0.1126329 -0.2159739 204 216 232
0.4760137 0.0713819 -0.0479968 204 216 232
0.4282245 0.0846147 0.1428549 204 216 232
0.1699410 -0.4260867 0.1890671 204 216 232
-0.4334726 -0.2303160 -0.1359681 204 216 232
0.0483224 0.1344817 0.3193162 204 216 232
-0.5078024 -0.1451090 -0.0617541 204 216 232
0.2780571 0.2110338 0.1954464 204 216 232
-0.0703216 0.2119478 0.2723609 204 216 232
0.0909847 -0.3184071 -0.2995058 204 216 232
-0.0717529 0.2069623 -0.2467799 204 216 232
0.4036430 0.0852904 0.1620186 204 216 232
-0.0916248 -0.4046097 0.2094900 204 216 232
0.2239968 0.2314921 0.1770490 204 216 232
0.1384920 0.2135441 -0.2467805 204 216 232
-0.1456329 -0.4649951 0.0369069 204 216 232
0.4152854 -0.3232439 -0.0835715 204 216 232
0.0512763 0.3193820 0.0891986 204 216 232
-0.0009539 -0.4592285 0.1478141 204 216 232
-0.3923769 -0.3256843 -0.1161801 204 216 232
-0.4134368 -0.1882875 0.1959421 204 216 232
0.1051764 0.3196886 0.1034544 204 216 232
0.0185754 0.1720805 0.2967257 204 216 232
0.1982044 -0.1177827 -0.3521023 204 216 232
-0.2140883 0.2839007 0.0527451 204 216 232
-0.4848708 -0.1121811 -0.1715771 204 216 232
-0.1284416 -0.4183008 -0.1669657 204 216 232
-0.5105459 -0.0291150 -0.0227545 204 216 232
-0.2533653 -0.3196502 0.2412389 204 216 232
0.4929387 -0.0106555 -0.0919202 204 216 232
-0.0496615 0.3188876 0.0302596 204 216 232
0.5197012 -0.1508971 0.0306024 204 216 232
0.2180337 0.2169548 0.2018023 204 216 232
-0.0302797 0.3098603 -0.0876161 204 216 232
-0.3449092 -0.2540407 0.2246526 204 216 232
-0.1034898 -0.4842256 0.0028212 204 216 232
0.4456100 0.0727507 0.1241957 204 216 232
-0.1264196 0.0129331 -0.3531995 204 216 232
-0.2379360 0.0940202 -0.2844625 204 216 232
0.2408385 -0.3095645 -0.2430626 204 216 232
0.3893822 0.1850333 0.0247498 204 216 232
-0.5024744 -0.0573083 -0.0714071 204 216 232
-0.2652404 0.0015147 0.3249875 204 216 232
-0.0632477 0.3217339 -0.0227776 204 216 232
0.0587080 -0.2449239 -0.3594999 204 216 232
0.3741407 0.1900938 0.1005690 204 216 232
-0.3931559 0.0915942 -0.1586400 204 216 232
0.0906470 -0.4723851 -0.0945759 204 216 232
0.4485732 -0.1297396 -0.1731641 204 216 232
-0.1393622 0.2334275 -0.2414751 204 216 232
0.0310235 -0.2742994 -0.3256868 204 216 232
0.1515228 -0.4491014 -0.1078191 204 216 232
-0.0016698 -0.1742714 -0.3842282 204 216 232
0.4561896 0.0762760 0.1087488 204 216 232
0.2249710 -0.0076304 -0.3334993 204 216 232
0.2375022 0.2833584 0.0009680 204 216 232
-0.2482494 -0.2581393 -0.2666308 204 216 232
0.0473407 0.2812249 -0.1886346 204 216 232
0.2332679 -0.1829272 0.3191503 204 216 232
0.4650087 -0.0664054 -0.1517636 204 216 232
-0.1798601 -0.2049209 -0.3359628 204 216 232
-0.3635775 -0.3030511 0.1890372 204 216 232
0.2336288 -0.1647244 0.3372979 204 216 232
0.1529604 0.3084601 0.0550627 204 216 232
0.3138965 0.1549107 0.2153516 204 216 232
0.1811475 -0.2806376 0.2999605 204 216 232
0.0358416 0.2424529 0.2461683 204 216 232
-0.1186121 -0.4716576 0.0754748 204 216 232
-0.2943300 -0.0387042 0.3221925 204 216 232
-0.5031009 -0.0607610 -0.1448400 204 216 232
-0.1647438 0.0887927 0.3176349 204 216 232
0.2040845 0.1672374 0.2536825 204 216 232
0.1905223 -0.1824016 0.3419906 204 216 232
-0.4775708 -0.1307799 0.1384929 204 216 232
0.3318078 -0.0963903 -0.2840653 204 216 232
-0.3634633 -0.3447534 0.0926686 204 216 232
-0.2091408 -0.4116306 -0.1688772 204 216 232
0.2950517 -0.1143191 0.3006650 204 216 232
-0.4596326 0.1147656 0.0235325 204 216 232
-0.2700962 -0.1977115 0.3120869 204 216 232
-0.3400036 -0.0908833 -0.2787976 204 216 232
-0.4079697 -0.3156565 -0.0282360 204 216 232
-0.5172512 -0.0568805 0.0846219 204 216 232
0.2016285 -0.2348868 0.3172830 204 216 232
-0.1035652 0.2489182 0.2062740 204 216 232
-0.2023105 -0.3577046 -0.2329623 204 216 232
-0.2823060 -0.1378960 0.3287682 204 216 232
-0.3928417 -0.2358357 -0.1957581 204 216 232
0.3798431 0.1252026 0.1605576 204 216 232
0.4141366 0.1122749 0.1333694 204 216 232
0.5257081 -0.0434604 0.0195691 204 216 232
-0.4719647 0.0927332 -0.0231468 204 216 232
-0.0651206 0.1126122 -0.3364724 204 216 232
-0.1120320 0.2103858 -0.2778080 204 216 232
-0.2359679 -0.1057130 0.3347815 204 216 232
-0.2874960 -0.4062799 0.1348053 204 216 232
0.0224258 -0.0216253 0.3798296 204 216 232
-0.0206519 0.3351651 0.0852299 204 216 232
-0.3318214 0.2086773 0.1283795 204 216 232
0.4968493 -0.0770465 -0.1102987 204 216 232
0.1066061 -0.4714427 -0.0168175 204 216 232
-0.0669201 -0.2453448 -0.3511007 204 216 232
0.3194048 -0.0217727 0.2879114 204 216 232
-0.1720266 0.3010927 -0.0386263 204 216 232
0.5234240 -0.1533256 0.0696337 204 216 232
-0.2418309 -0.3912571 0.1678992 204 216 232
-0.3224891 -0.1583155 0.2936385 204 216 232
0.0270382 0.0823101 -0.3533142 204 216 232
0.0671629 -0.0326304 -0.3745575 204 216 232
0.4912307 -0.1582472 -0.0983014 204 216 232
0.3196160 0.1788475 -0.1901437 204 216 232
-0.3338542 -0.3399916 -0.1540445 204 216 232
0.4859450 -0.1277112 -0.1218711 204 216 232
-0.3793139 0.1939629 0.0161947 204 216 232
-0.3231428 -0.1638409 -0.2832709 204 216 232
-0.1033804 -0.3483413 -0.2776245 204 216 232
-0.4021286 0.1304587 0.1202204 204 216 232
-0.3084243 0.1901549 0.1659740 204 216 232
0.0164060 -0.4833308 0.0135900 204 216 232
0.3914656 -0.0072593 0.2492302 204 216 232
-0.3837972 0.1911742 -0.0586113 204 216 232
0.4192230 -0.1997100 0.1895384 204 216 232
-0.0613671 -0.3924200 -0.2484366 204 216 232
-0.2740595 0.0984740 0.2780131 204 216 232
-0.0946313 0.0370304 0.3512408 204 216 232
-0.1204752 -0.4459882 0.1266985 204 216 232
0.0914878 -0.4838883 -0.0116199 204 216 232
-0.3074402 -0.4013606 0.0507347 204 216 232
0.0091709 -0.4896695 0.0551913 204 216 232
0.3884705 -0.0868260 0.2552982 204 216 232
-0.0208645 -0.1943199 0.3733376 204 216 232
0.1231252 0.1093355 -0.3303016 204 216 232
0.2781427 0.1930216 -0.2161369 204 216 232
0.1906701 -0.4438840 0.1169914 204 216 232
-0.3910577 -0.3493334 0.0760088 204 216 232
-0.0210417 -0.1275501 0.3915379 204 216 232
0.1289608 -0.4100869 -0.1831600 204 216 232
-0.2728595 0.0333289 -0.3210261 204 216 232
0.1926963 -0.4532436 0.0664274 204 216 232
-0.0533312 0.3435659 0.0194037 204 216 232
0.2059803 0.0788378 0.3213687 204 216 232
0.0260001 -0.1180624 0.3898859 204 216 232
-0.1375871 0.2542722 0.2006305 204 216 232
0.3176097 -0.0942387 -0.3074875 204 216 232
-0.4362366 0.0364184 0.1684735 204 216 232
0.3464857 -0.3018541 -0.1710270 204 216 232
-0.1997137 -0.1067582 0.3230298 204 216 232
0.0158682 0.2984063 0.1831550 204 216 232
0.5202391 -0.0143838 0.0417163 204 216 232
-0.5035042 -0.1022625 0.0710758 204 216 232
-0.4864817 0.0145136 0.0696187 204 216 232
0.1017922 -0.0637015 0.3834972 204 216 232
0.1225353 -0.4805489 0.0368639 204 216 232
-0.2674890 0.2136389 0.1885566 204 216 232
-0.3853574 -0.3648854 0.0859175 204 216 232
-0.0763632 0.2485572 -0.2019248 204 216 232
0.2345343 0.1011215 0.2977558 204 216 232
-0.4923216 -0.1106840 -0.1261240 204 216 232
-0.4890949 -0.1319694 0.0957413 204 216 232
-0.0700976 0.3027152 -0.1114495 204 216 232
-0.2959195 0.2535364 -0.1194567 204 216 232
0.0674657 0.2829362 0.1476623 204 216 232
-0.1298803 0.2834111 0.1592797 204 216 232
-0.4832303 0.0745896 -0.0437109 204 216 232
0.3278751 -0.1303948 0.2734223 204 216 232
-0.1251870 0.3138930 -0.0423404 204 216 232
0.3216703 -0.3658422 0.1231019 204 216 232
-0.2229599 -0.4394458 -0.0457655 204 216 232
-0.2511905 0.1707780 0.2330563 204 216 232
0.2760349 -0.4166971 0.1126606 204 216 232
-0.3330935 0.0147767 -0.2818762 204 216 232
0.3137545 -0.2551292 0.2546550 204 216 232
-0.1513636 0.2203126 0.2499505 204 216 232
0.2123481 -0.2991522 0.2614752 204 216 232
-0.2515411 -0.0269073 0.3264686 204 216 232
0.3535420 -0.0036128 0.2718938 204 216 232
-0.2002595 -0.3367486 -0.2571762 204 216 232
0.1194775 -0.4109766 0.2215869 204 216 232
0.4304011 -0.0225347 -0.2192969 204 216 232
-0.4061599 -0.0104149 -0.2090698 204 216 232
-0.0532418 0.1804077 0.2745684 204 216 232
0.4364351 -0.1463708 0.2040717 204 216 232
-0.4189006 -0.1160280 -0.2126980 204 216 232
0.1048365 0.1893254 -0.2762205 204 216 232
-0.2746390 0.0390429 -0.3026780 204 216 232
-0.4810710 0.0779149 -0.0200426 204 216 232
-0.2541714 -0.4249321 0.0366320 204 216 232
-0.3122076 0.2329312 0.0914199 204 216 232
-0.2688922 0.2192497 0.1816756 204 216 232
0.3555214 0.1188603 -0.2165034 204 216 232
0.3403827 0.2210626 -0.0240972 204 216 232
0.5105377 -0.0231953 -0.0326059 204 216 232
0.0062539 0.2404757 0.2222860 204 216 232
0.0352368 0.3137014 0.0312199 204 216 232
-0.5073342 0.0265074 -0.0537076 204 216 232
0.4923061 -0.1997578 0.0215133 204 216 232
-0.2419278 0.1745031 -0.2438938 204 216 232
0.2343585 -0.4352057 -0.0492961 204 216 232
0.5008526 0.0238104 0.0644248 204 216 232
-0.3791550 0.0677263 -0.2153635 204 216 232
-0.3466389 -0.2975293 -0.1986361 204 216 232
0.4058814 0.1214035 0.1229355 204 216 232
0.0902152 0.3239105 0.0311162 204 216 232
-0.0052063 -0.4797222 -0.0838189 204 216 232
-0.0961719 0.0943974 0.3425843 204 216 232
0.4754477 -0.2522052 0.0125049 204 216 232
-0.0891246 0.1041710 0.3278616 204 216 232
-0.3740237 -0.3611456 -0.0733476 204 216 232
-0.1980908 -0.4265366 -0.1367854 204 216 232
-0.3868390 -0.0062946 0.2471013 204 216 232
0.1298491 -0.4612388 -0.1161078 204 216 232
0.4139591 0.0315065 -0.2165797 204 216 232
0.2871288 0.2403556 0.1293397 204 216 232
-0.5225923 -0.1406256 0.0448115 204 216 232
-0.1165998 -0.0684116 0.3578828 204 216 232
-0.3772540 -0.0621932 -0.2545661 204 216 232
-0.4955744 -0.2116432 0.0267266 204 216 232
0.2601735 -0.3606210 0.1996860 204 216 232
-0.0990364 0.1496936 -0.3139092 204 216 232
-0.4799813 -0.1000691 0.1553303 204 216 232
0.0825761 0.3189054 -0.0217701 204 216 232
0.1070651 -0.0683476 -0.3631561 204 216 232
0.2609120 -0.0531843 -0.3141137 204 216 232
-0.0394183 -0.4941482 -0.0545228 204 216 232
-0.2373298 -0.2775955 -0.2896526 204 216 232
-0.4782836 -0.2256711 -0.1206302 204 216 232
0.3396526 -0.4095923 -0.0553304 204 216 232
0.0317278 -0.2939477 -0.3356791 204 216 232
-0.1636047 -0.0749047 0.3660313 204 216 232
-0.3341858 -0.3350095 0.1653709 204 216 232
0.3267094 -0.3698967 0.1215867 204 216 232
-0.1726893 0.3017369 -0.0664400 204 216 232
0.3539313 -0.0050081 -0.2764241 204 216 232
-0.4770883 -0.0520078 0.1350669 204 216 232
-0.3412877 -0.1820638 -0.2738124 204 216 232
0.3770293 0.1352975 -0.1753258 204 216 232
0.4170570 -0.2475268 0.1813221 204 216 232
0.3877531 0.1519607 0.1004136 204 216 232
0.3982036 -0.3180886 -0.0988412 204 216 232
0.0882746 0.0030978 0.3713546 204 216 232
-0.4539607 0.0983682 -0.0574187 204 216 232
-0.3329766 -0.1992790 0.2556721 204 216 232
0.2496927 0.1650388 -0.2399552 204 216 232
-0.3809528 0.0079411 0.2548105 204 216 232
0.4701653 0.0979487 0.0886614 204 216 232
0.3619841 0.2051451 0.0285730 204 216 232
0.5069890 -0.0882607 0.0318480 204 216 232
0.0415971 -0.2246469 0.3444979 204 216 232
-0.1584179 -0.1405436 0.3538692 204 216 232
0.2528808 -0.3564298 -0.2073308 204 216 232
-0.1896527 -0.2725638 -0.2983226 204 216 232
-0.4491192 0.0957653 0.0764662 204 216 232
0.1944358 -0.1860791 -0.3355441 204 216 232
0.3416893 -0.0708667 -0.2939553 204 216 232
0.2236903 -0.2013634 -0.3250560 204 216 232
-0.0607222 0.0049418 0.3642428 204 216 232
0.4340376 -0.0473575 0.2274149 204 216 232
-0.3268214 0.0368330 -0.2663895 204 216 232
-0.3879943 -0.3516271 -0.0941344 204 216 232
0.2142167 -0.4374992 -0.0541710 204 216 232
0.2749760 -0.1366015 0.3055992 204 216 232
0.4154285 -0.0522496 -0.2316897 204 216 232
0.0248124 0.0418157 0.3719143 204 216 232
0.3053730 -0.0492978 0.2958776 204 216 232
-0.2411241 -0.2947873 -0.2624337 204 216 232
0.0231754 -0.4732566 -0.0531365 204 216 232
0.2646725 -0.2675763 -0.2762862 204 216 232
-0.0900918 0.3057674 0.0095520 204 216 232
0.4532573 0.1023589 0.0207473 204 216 232
0.4774764 -0.1253827 -0.1369809 204 216 232
0.3818104 0.1508130 0.1264406 204 216 232
-0.3366479 -0.0328725 -0.2977846 204 216 232
0.1920883 -0.3944373 0.1766928 204 216 232
-0.1827082 -0.2760915 0.3099685 204 216 232
-0.3198638 0.2111920 -0.1560160 204 216 232
0.2440031 -0.3796660 0.1780168 204 216 232
-0.3987410 0.0618101 0.1966078 204 216 232
-0.0083044 0.0058959 -0.3744898 204 216 232
0.2223215 -0.4418098 0.1027778 204 216 232
0.3637915 0.0798748 0.2107942 204 216 232
-0.2405116 0.1736772 0.2266025 204 216 232
-0.0264287 -0.4670429 0.1222614 204 216 232
-0.0178909 0.0045448 0.3718931 204 216 232
-0.2496803 0.0133754 -0.3027772 204 216 232
0.0880442 -0.2576455 0.3330793 204 216 232
-0.1541864 -0.3582958 -0.2557854 204 216 232
-0.0127663 -0.2597733 0.3470595 204 216 232
-0.4476910 0.1244393 0.0713232 204 216 232
-0.1257916 0.3237143 0.0009158 204 216 232
-0.4942333 -0.1233575 -0.1253856 204 216 232
0.4749557 -0.0103452 0.1580120 204 216 232
0.4601386 -0.1877015 -0.1656917 204 216 232
0.4720197 0.0047849 0.1300371 204 216 232
-0.2592692 -0.0623715 0.3150460 204 216 232
0.3487717 0.0858664 0.2125997 204 216 232
-0.1283628 0.2346799 -0.2393263 204 216 232
-0.1463463 0.2738512 0.1501799 204 216 232
0.1829472 -0.3937040 -0.2076647 204 216 232
-0.0550487 -0.1195694 -0.3750966 204 216 232
-0.3203670 0.2374381 0.1015472 204 216 232
0.5182929 -0.1207268 -0.0676995 204 216 232
-0.4297093 -0.0977326 0.2234638 204 216 232
0.0651320 -0.4836424 0.0477107 204 216 232
0.4003121 0.1785045 -0.0036301 204 216 232
0.3790290 0.1814014 -0.0777213 204 216 232
0.3390395 -0.0583267 0.2970020 204 216 232
-0.0944110 -0.4707613 0.0968596 204 216 232
-0.4825934 -0.0923193 -0.1258049 204 216 232
-0.0865276 -0.1044269 -0.3874569 204 216 232
-0.2276844 -0.0485648 -0.3318696 204 216 232
-0.2308864 -0.1002767 0.3432717 204 216 232
0.4712175 -0.1858837 0.0940887 204 216 232
-0.1269239 -0.4409280 -0.1130232 204 216 232
0.3127662 -0.0340527 -0.2915595 204 216 232
0.2478187 0.2696239 -0.0490735 204 216 232
0.0882616 0.2508540 -0.2213378 204 216 232
0.3726009 -0.0939867 -0.2480519 204 216 232
-0.4478720 -0.2563202 0.0716656 204 216 232
-0.1674136 -0.3800599 -0.2292334 204 216 232
-0.1294857 0.1533034 -0.2946970 204 216 232
0.3256095 -0.1109424 -0.3210926 204 216 232
0.3392073 -0.2693847 0.2200325 204 216 232
-0.2502901 -0.3672130 0.2141649 204 216 232
-0.3200453 -0.4096206 0.0156757 204 216 232
-0.4394456 -0.2857339 0.0770217 204 216 232
-0.1752336 -0.3485284 -0.2678455 204 216 232
0.3940997 -0.0291491 -0.2623709 204 216 232
-0.1810972 0.3088019 -0.0689489 204 216 232
0.2881190 0.1284747 0.2703598 204 216 232
0.1260580 0.1942477 0.2720731 204 216 232
-0.1443321 -0.1002205 -0.3576126 204 216 232
-0.4572138 0.0326813 -0.1572948 204 216 232
0.4751952 0.0167424 0.0835113 204 216 232
0.4652471 0.0922391 -0.0093694 204 216 232
-0.2274037 0.1063504 -0.2959886 204 216 232
0.3361653 0.1230083 -0.2303046 204 216 232
-0.5068772 -0.1740592 -0.0035021 204 216 232
0.3152424 0.1075674 -0.2592826 204 216 232
0.2526881 0.2706594 -0.0749521 204 216 232
0.3074637 0.1251579 -0.2402558 204 216 232
0.1131288 0.0297802 -0.3662426 204 216 232
0.0011152 0.1353572 -0.3265197 204 216 232
-0.1796518 -0.2903702 0.3053537 204 216 232
0.1059854 0.3224660 0.0254533 204 216 232
-0.4972015 0.1002485 0.0096893 204 216 232
-0.0918705 -0.4847478 -0.0811969 204 216 232
0.3799450 0.1624342 -0.1340715 204 216 232
0.2735499 0.2422399 -0.1183769 204 216 232
0.1153070 0.2631411 0.1969687 204 216 232
0.0835496 0.1554368 0.3019877 204 216 232
-0.2654769 0.2645089 0.0931763 204 216 232
-0.3487043 -0.0804102 0.2939630 204 216 232
0.1170604 0.3113116 -0.1067751 204 216 232
0.1171800 -0.4099387 -0.1996060 204 216 232
-0.3949685 0.0290217 0.2384901 204 216 232
0.1800609 0.0119724 0.3507494 204 216 232
0.1840024 -0.1865543 0.3357135 204 216 232
0.2108694 -0.1725614 -0.3502527 204 216 232
-0.2464039 -0.4404964 0.0726456 204 216 232
-0.2844186 -0.2186791 -0.2686726 204 216 232
-0.2902794 -0.3536715 -0.1451335 204 216 232
0.4153648 -0.1897064 -0.1842199 204 216 232
0.1393564 -0.1371164 -0.3634099 204 216 232
-0.4653207 -0.0729101 0.1894833 204 216 232
-0.1916784 -0.4420094 -0.0693046 204 216 232
-0.0223158 -0.0105998 -0.3665906 204 216 232
0.1476771 -0.3305242 -0.2804278 204 216 232
0.0191451 -0.4634927 -0.1160728 204 216 232
-0.0490454 -0.3463644 0.2752405 204 216 232
0.5168455 -0.0265414 -0.0195214 204 216 232
-0.0893853 -0.3149072 -0.3109402 204 216 232
-0.3510056 -0.3218020 0.1567677 204 216 232
-0.4717300 0.0909842 -0.0108955 204 216 232
0.2766607 0.2485273 -0.0544339 204 216 232
0.1608156 -0.4368967 0.1389859 204 216 232
0.4986697 -0.1274328 0.0540739 204 216 232
-0.0048509 -0.0400421 0.3773209 204 216 232
-0.5102143 -0.1309959 -0.0004491 204 216 232
0.0661284 -0.4829206 -0.0919372 204 216 232
0.4497567 -0.2970133 0.0258308 204 216 232
0.2920735 -0.2723943 0.2467004 204 216 232
0.3864124 -0.0729480 -0.2359583 204 216 232
-0.3613597 0.1957733 0.0681312 204 216 232
-0.4270188 0.0421293 0.1734301 204 216 232
-0.3409253 -0.2868887 -0.2202541 204 216 232
-0.0159060 -0.4206106 -0.2169579 204 216 232
0.1036684 0.2796060 0.1556074 204 216 232
-0.3856146 0.1165663 -0.1832838 204 216 232
0.4346849 0.1225967 0.0567424 204 216 232
-0.3990998 0.1298348 -0.1708219 204 216 232
-0.0016099 0.3031640 -0.1389970 204 216 232
-0.1982144 -0.4062351 -0.1762505 204 216 232
0.0148646 -0.3634658 -0.2989548 204 216 232
0.2952752 0.0643601 -0.2857969 204 216 232
0.3969684 0.1401360 -0.1231811 204 216 232
-0.2936381 -0.4168148 -0.1033657 204 216 232
0.1500245 -0.4781643 -0.0241178 204 216 232
0.3536670 0.1576633 -0.1847398 204 216 232
0.3774753 0.1000814 -0.1620937 204 216 232
0.4771283 0.0076468 -0.1197474 204 216 232
0.4091730 -0.3368607 0.0340414 204 216 232
0.3261229 -0.3849831 -0.0707377 204 216 232
-0.1593460 0.2799100 -0.1430919 204 216 232
-0.1764133 -0.4604443 -0.0071717 204 216 232
0.3044928 -0.3446732 -0.1851926 204 216 232
0.4825771 0.0666301 0.0016290 204 216 232
-0.2169365 0.0148190 -0.3272193 204 216 232
-0.0959233 0.1078695 -0.3300300 204 216 232
0.3185762 -0.3373679 -0.1718950 204 216 232
-0.5151902 0.0269982 0.0458735 204 216 232
0.3774417 0.1118862 0.1856172 204 216 232
0.2178557 -0.2498953 -0.3090146 204 216 232
-0.2468010 0.2605016 0.1160510 204 216 232
0.4272381 0.0790797 -0.1659981 204 216 232
-0.3673652 -0.0932255 0.2690550 204 216 232
0.0692756 0.3224651 -0.0558183 204 216 232
-0.1247179 0.0661098 0.3466954 204 216 232
-0.0260785 -0.4639645 0.1534484 204 216 232
0.4809916 0.0046456 0.1439672 204 216 232
0.5216969 -0.0076611 0.0588140 204 216 232
-0.5119990 -0.0634821 0.0794215 204 216 232
-0.1412489 -0.1457513 -0.3499139 204 216 232
-0.4633276 -0.1789393 -0.1279318 204 216 232
0.4845895 -0.0010877 -0.0960909 204 216 232
0.1563438 0.2525316 -0.2021183 204 216 232
0.3571098 -0.1125269 0.2651303 204 216 232
-0.4985138 -0.0434050 -0.0289400 204 216 232
-0.4068250 -0.2699870 0.1496328 204 216 232
-0.3637006 0.1252877 0.1852447 204 216 232
0.3010123 0.2356263 -0.0972521 204 216 232
0.0381628 0.0853187 0.3437669 204 216 232
-0.2960103 0.0801790 0.2684723 204 216 232
0.3449273 -0.1343338 0.2854759 204 216 232
-0.0313571 0.1833849 -0.3065020 204 216 232
0.3204733 -0.0942537 0.3067766 204 216 232
-0.3070190 -0.4165230 0.0145869 204 216 232
0.2756316 -0.4013910 0.0832736 204 216 232
0.1529014 -0.3390745 -0.2703012 204 216 232
-0.1990359 -0.0394765 0.3402081 204 216 232
-0.4813474 -0.1488303 0.1147849 204 216 232
-0.3635465 -0.3717182 0.0425947 204 216 232
-0.1026148 -0.1152469 -0.3789154 204 216 232
0.3965571 -0.3082820 -0.0881461 204 216 232
0.3804904 0.1374187 0.1294014 204 216 232
0.3321521 -0.0468809 -0.2916412 204 216 232
0.2279800 0.0642534 -0.3064212 204 216 232
-0.0627131 -0.1434807 0.3581972 204 216 232
0.1760552 -0.0554395 -0.3560699 204 216 232
-0.2139522 -0.3397568 -0.2360255 204 216 232
0.3119545 0.2294948 0.1007537 204 216 232
-0.2822809 0.2013621 -0.1797722 204 216 232
-0.4549714 0.1149030 0.0715679 204 216 232
0.3593542 -0.0610849 0.2723849 204 216 232
0.5026837 -0.1766577 -0.0688728 204 216 232
-0.2067832 0.0340988 0.3349730 204 216 232
-0.1501971 -0.1873921 0.3541933 204 216 232
-0.4856153 -0.1206136 -0.1489497 204 216 232
0.1552563 0.1572366 -0.2978836 204 216 232
0.1104503 0.2658670 0.1863352 204 216 232
-0.1324564 -0.2710318 0.3180974 204 216 232
0.2516422 0.2914342 0.0073651 204 216 232
0.2141638 0.2079768 -0.2296977 204 216 232
0.3218535 0.0778292 0.2598529 204 216 232
0.3035778 0.2514790 0.0751985 204 216 232
-0.0894769 -0.0096650 0.3737784 204 216 232
0.1390758 0.2567419 -0.1818027 204 216 232
-0.0878677 -0.3423941 -0.2905937 204 216 232
0.3763674 -0.1448889 -0.2584169 204 216 232
-0.4933901 -0.1075732 -0.0517690 204 216 232
0.0220943 -0.1009460 -0.3904217 204 216 232
0.1588832 -0.4291243 -0.1696284 204 216 232
0.3502818 -0.2169909 -0.2452092 204 216 232
0.2194235 0.2526742 0.1595964 204 216 232
0.3205787 0.0214383 0.2763416 204 216 232
-0.4801984 -0.2041922 -0.1179539 204 216 232
0.4741049 -0.1364418 0.1309263 204 216 232
-0.3997072 -0.0040253 -0.2375841 204 216 232
-0.4029256 -0.2771860 -0.1524219 204 216 232
0.1776933 -0.4661989 -0.0614002 204 216 232
-0.1669896 0.1659530 0.2771527 204 216 232
-0.2294949 -0.4308684 0.0504189 204 216 232
-0.4312345 -0.3233946 -0.0264675 204 216 232
0.4081574 -0.1266854 0.2360199 204 216 232
-0.0138831 0.0597215 -0.3571679 204 216 232
-0.0562207 -0.4850271 -0.0447618 204 216 232
-0.2028318 -0.3514784 -0.2425102 204 216 232
-0.3888517 0.1962257 0.0826035 204 216 232
-0.4856038 -0.2255035 -0.0445288 204 216 232
-0.4430042 -0.2452685 -0.1350204 204 216 232
0.2499990 -0.4334330 -0.0232136 204 216 232
0.0340002 0.0095984 -0.3735117 204 216 232
-0.0342172 0.3268562 0.0720973 204 216 232
-0.1591264 -0.3814211 0.2329901 204 216 232
-0.2954118 0.0993318 0.2526289 204 216 232
-0.1641315 -0.1483954 -0.3426885 204 216 232
-0.3394201 -0.0175026 -0.2861115 204 216 232
-0.2213918 -0.3837878 -0.2074209 204 216 232
0.2713328 0.2006116 -0.1997709 204 216 232
-0.4577064 -0.1736299 -0.1694320 204 216 232
0.4494879 0.0140987 -0.1513107 204 216 232
-0.2663654 -0.4381437 0.0129921 204 216 232
0.0971908 -0.3194605 -0.3124818 204 216 232
0.0722546 -0.2220704 -0.3404519 204 216 232
-0.3503965 -0.3442878 0.1160403 204 216 232
-0.3357837 -0.4030149 -0.0065159 204 216 232
-0.3246687 0.0824246 -0.2501847 204 216 232
-0.4120296 -0.2818690 -0.1011769 204 216 232
-0.5162539 -0.0959386 -0.0367744 204 216 232
0.2301028 -0.3767435 -0.2009313 204 216 232
0.0954163 0.2908688 -0.1642870 204 216 232
-0.3602201 -0.3372821 0.1115080 204 216 232
-0.0768539 0.2189498 -0.2454742 204 216 232
0.0683349 -0.4745555 -0.0502407 204 216 232
-0.1228733 0.3027219 0.0914681 204 216 232
0.0634387 -0.4528306 0.1445761 204 216 232
0.2483899 0.2361900 -0.1235194 204 216 232
-0.0133721 0.0725103 0.3546075 204 216 232
0.4050267 -0.3469334 0.0088920 204 216 232
0.2199090 -0.0543187 -0.3474247 204 216 232
0.2851769 -0.0597560 0.3289560 204 216 232
-0.0178838 0.2594226 0.2266551 204 216 232
0.3928244 0.1945169 -0.0391688 204 216 232
-0.0632375 -0.3117726 0.3209492 204 216 232
-0.1707409 -0.4608401 0.0564258 204 216 232
-0.3614850 0.1580922 0.1788128 204 216 232
-0.3693088 0.1523010 -0.1603872 204 216 232
-0.0221419 -0.0162078 0.3748933 204 216 232
-0.1984724 0.2849097 -0.0237781 204 216 232
0.3704860 0.1831087 0.1291668 204 216 232
0.4038191 0.1725475 0.0089672 204 216 232
0.4512610 0.1006886 -0.0472784 204 216 232
0.4711976 -0.2175491 -0.1003881 204 216 232
-0.0923102 0.2080638 0.2459220 204 216 232
-0.3221466 0.0104533 0.2770660 204 216 232
-0.4862234 -0.1377190 0.1153193 204 216 232
-0.3152991 -0.3547164 0.1692339 204 216 232
-0.4307422 0.1060834 0.1519672 204 216 232
0.3421355 -0.3586080 0.1193663 204 216 232
-0.2968967 -0.2984518 0.2393327 204 216 232
-0.2401284 -0.2338200 -0.3014103 204 216 232
-0.1188865 -0.3485336 -0.2923357 204 216 232
-0.4259745 0.1274144 0.0938618 204 216 232
0.1699212 0.2882273 0.1172106 204 216 232
-0.1869205 -0.0211788 -0.3571769 204 216 232
-0.3504951 -0.1597269 0.2728260 204 216 232
0.1834598 -0.1251772 0.3517322 204 216 232
-0.0855740 0.2939192 0.1635333 204 216 232
-0.3924449 -0.1954702 -0.1954999 204 216 232
0.0592436 0.1775659 -0.2952885 204 216 232
-0.0779821 0.3320728 0.0523452 204 216 232
-0.2472923 0.0094485 0.3391095 204 216 232
-0.3636439 0.2125162 -0.0833687 204 216 232
-0.0565825 0.2861584 -0.1726663 204 216 232
-0.0536580 0.1580798 0.3179089 204 216 232
0.2160014 0.1626404 -0.2735628 204 216 232
0.2431126 0.0349059 0.3132077 204 216 232
0.2684876 -0.3481851 -0.2021947 204 216 232
0.4991921 -0.0087121 -0.1120579 204 216 232
-0.1906788 0.1630434 -0.2813002 204 216 232
0.3625757 0.1619447 -0.1649788 204 216 232
-0.3391925 -0.3928437 -0.0267429 204 216 232
0.3644670 0.1743279 -0.1570799 204 216 232
-0.4804193 0.0274040 -0.0392730 204 216 232
-0.4716467 -0.2635337 0.0591243 204 216 232
0.4346121 -0.0982880 -0.1707233 204 216 232
0.1811291 0.1814877 -0.2623334 204 216 232
-0.2982270 0.0705642 -0.2794591 204 216 232
-0.2050723 0.1781501 -0.2576898 204 216 232
-0.4442615 0.1239398 -0.0644900 204 216 232
-0.2226367 0.0164353 -0.3256614 204 216 232
0.3867993 0.1678993 0.0817481 204 216 232
-0.2114286 -0.2552615 0.2981949 204 216 232
-0.1874844 0.2957680 -0.0076896 204 216 232
0.0069783 -0.2942596 0.3401093 204 216 232
0.2765101 0.1195982 0.2480531 204 216 232
-0.4835404 -0.0452736 0.1462469 204 216 232
0.4824955 -0.1436127 0.1493624 204 216 232
-0.0769289 -0.4801508 0.0708652 204 216 232
-0.1399007 -0.3686044 0.2367651 204 216 232
-0.0382331 -0.1080265 -0.3886901 204 216 232
-0.2710995 -0.3463380 0.2082077 204 216 232
0.3214745 0.2387692 -0.0049294 204 216 232
0.2040800 -0.2829289 0.2895712 204 216 232
0.2790214 -0.0113962 -0.3168542 204 216 232
0.4713394 -0.1682348 0.1227707 204 216 232
0.1836661 0.2330922 0.2113607 204 216 232
-0.2045062 -0.1330320 0.3453934 204 216 232
-0.0758081 0.1274442 0.3170057 204 216 232
-0.1697510 0.3061416 0.0441218 204 216 232
-0.0086474 -0.3155369 -0.3253478 204 216 232
0.4477822 0.0635465 -0.1356746 204 216 232
-0.5127234 -0.0406030 0.0459570 204 216 232
-0.0110541 0.3382937 -0.0475430 204 216 232
-0.1004514 -0.2538356 -0.3366549 204 216 232
0.0154416 -0.2924316 -0.3253925 204 216 232
-0.5028201 -0.1233077 -0.1110243 204 216 232
0.1769300 0.2635744 0.1811885 204 216 232
-0.1885793 -0.4319703 -0.1230631 204 216 232
0.1880964 -0.1038127 -0.3380229 204 216 232
0.2407415 0.0611786 0.3204853 204 216 232
-0.0396079 -0.2965046 0.3363531 204 216 232
0.4791523 -0.2164315 -0.0482354 204 216 232
-0.2939757 -0.3710350 -0.1652372 204 216 232
-0.0704045 -0.2335529 0.3515634 204 216 232
-0.3975895 0.0390447 0.2149156 204 216 232
0.3646841 0.1161010 -0.2053457 204 216 232
-0.1537185 -0.3628467 0.2635385 204 216 232
0.1914284 0.2708965 0.1419695 204 216 232
-0.2978026 -0.1770507 -0.3088211 204 216 232
0.0897529 0.1906978 0.2712618 204 216 232
-0.0820946 -0.4741275 0.0870098 204 216 232
-0.3017180 -0.3631792 0.1495992 204 216 232
0.2610195 -0.0249386 0.3170310 204 216 232
0.4876623 -0.0904836 0.1327939 204 216 232
0.3752816 -0.3575922 0.0320800 204 216 232
0.0469265 -0.3243816 -0.3090321 204 216 232
-0.0014129 0.0532044 -0.3729790 204 216 232
0.4865498 -0.1073253 -0.1276814 204 216 232
0.2509405 0.0703442 0.2960121 204 216 232
0.0492625 0.2139309 0.2701994 204 216 232
-0.0109990 0.3239965 0.0433037 204 216 232
-0.1010044 -0.4958726 0.0154780 204 216 232
-0.0700607 -0.4709344 -0.1226471 204 216 232
-0.1771375 0.2854880 -0.0858160 204 216 232
0.5323855 -0.0748075 -0.0239391 204 216 232
0.4905137 -0.1978920 0.1073175 204 216 232
0.1558730 -0.4505924 -0.0780796 204 216 232
0.4609185 0.0024364 -0.1552048 204 216 232
0.2348526 -0.3035951 0.2600439 204 216 232
-0.2689313 -0.4178900 0.0115795 204 216 232
0.2900045 -0.0611276 -0.3148651 204 216 232
-0.3938410 -0.3382118 0.0782635 204 216 232
-0.4801074 -0.0429775 0.1770162 204 216 232
0.3193914 -0.1737691 -0.2794511 204 216 232
-0.1808262 -0.4726107 -0.0485392 204 216 232
0.2010149 -0.4625488 0.0104393 204 216 232
-0.2232479 -0.1101722 -0.3428827 204 216 232
0.4711195 0.0149612 0.1606628 204 216 232
-0.4263614 0.0955089 0.1207907 204 216 232
0.4993985 -0.1329251 -0.1343007 204 216 232
-0.4014854 -0.0111707 -0.2393310 204 216 232
-0.4876265 -0.1950697 -0.1041007 204 216 232
-0.4895279 -0.1000278 -0.1149925 204 216 232
0.1303588 -0.4628442 0.0847740 204 216 232
-0.0965965 -0.2669276 -0.3305323 204 216 232
-0.2743219 -0.3029893 0.2443537 204 216 232
0.5103045 -0.1346773 0.0155552 204 216 232
-0.3806463 -0.1006983 -0.2641353 204 216 232
-0.3142346 -0.1030876 -0.3096861 204 216 232
0.0378896 0.0642929 0.3610533 204 216 232
-0.1149415 -0.0428830 0.3758048 204 216 232
0.0458632 -0.1669783 0.3720275 204 216 232
-0.4562233 0.1247348 -0.0505667 204 216 232
-0.0474930 -0.4583418 -0.1447309 204 216 232
0.1157161 -0.4513253 0.1220645 204 216 232
0.0796153 0.2664773 -0.1908982 204 216 232
-0.3471367 -0.3694391 0.0046399 204 216 232
-0.1346432 0.2513705 0.2038694 204 216 232
0.3308663 0.2071750 0.0953959 204 216 232
-0.2202576 -0.4276105 -0.1480447 204 216 232
-0.1492643 0.1938863 -0.2518210 204 216 232
-0.1750758 -0.0285815 0.3560493 204 216 232
0.0854765 -0.4104097 0.2070277 204 216 232
-0.4365506 0.0336553 -0.1686966 204 216 232
0.3460561 -0.0333609 0.2728873 204 216 232
-0.1761811 0.2705965 -0.1288032 204 216 232
-0.0497338 0.3091365 0.0784829 204 216 232
-0.5023196 -0.1581517 -0.0942937 204 216 232
-0.4492087 -0.2310414 0.1187230 204 216 232
-0.3512671 0.1084114 0.2447725 204 216 232
0.2311387 -0.4195523 0.0847410 204 216 232
0.4970655 -0.0885495 -0.1369469 204 216 232
-0.1085321 0.2138268 -0.2658139 204 216 232
0.4840857 -0.0403369 -0.1463317 204 216 232
0.2590595 0.2710124 -0.0640489 204 216 232
0.4527106 0.0728600 0.1277615 204 216 232
-0.5100567 0.0002691 0.0330137 204 216 232
-0.4955603 0.0616310 -0.0593588 204 216 232
0.3463514 -0.2991628 -0.2034237 204 216 232
-0.0414369 -0.4727088 0.1173212 204 216 232
-0.0860183 0.0522630 0.3393060 204 216 232
0.3709204 -0.0161556 -0.2464220 204 216 232
0.1809924 -0.2837572 -0.3158399 204 216 232
-0.4647344 -0.2507911 0.0540434 204 216 232
0.2251365 -0.1640715 0.3208774 204 216 232
0.0355357 0.2800219 0.1798261 204 216 232
-0.0337087 0.2022716 -0.2685066 204 216 232
0.1698057 -0.4567525 -0.0710779 204 216 232
-0.1329051 -0.4703742 0.0800423 204 216 232
-0.1500521 0.0224869 -0.3539670 204 216 232
0.3447694 -0.0487270 0.2913672 204 216 232
0.0160342 -0.2309147 0.3381927 204 216 232
-0.0157952 -0.3863635 0.2537596 204 216 232
0.1940997 0.2881186 -0.0709101 204 216 232
-0.4124098 -0.2523803 0.1837784 204 216 232
0.0337167 -0.4862836 -0.0595171 204 216 232
0.4451313 0.0223174 -0.1849317 204 216 232
0.3228003 -0.0796749 0.3078745 204 216 232
0.0903410 -0.0977450 -0.3496829 204 216 232
-0.0786805 -0.2684995 0.3334992 204 216 232
0.0696829 -0.0786298 0.3727848 204 216 232
0.2114218 0.1580355 0.2649485 204 216 232
0.2777377 0.2282656 -0.1406796 204 216 232
0.3823436 -0.2351430 -0.2384524 204 216 232
0.3266511 -0.1607220 0.2877151 204 216 232
-0.1373037 -0.0715825 0.3633050 204 216 232
-0.2625346 0.2156661 -0.1812073 204 216 232
0.4688065 0.0530552 -0.1003801 204 216 232
0.4078113 0.1502511 -0.0593488 204 216 232
0.0334371 0.1912244 -0.2803052 204 216 232
-0.2887307 -0.0413843 0.3027516 204 216 232
0.3974338 -0.3379693 -0.0067119 204 216 232
0.4199292 0.1684619 -0.0284134 204 216 232
0.2020852 0.0737152 0.3374777 204 216 232
0.0727812 -0.3911998 0.2398212 204 216 232
-0.3461810 -0.1313415 -0.2681323 204 216 232
0.4985918 -0.1104127 -0.0924501 204 216 232
0.2983492 -0.4112893 0.0137023 204 216 232
0.3255084 0.0613855 -0.2511886 204 216 232
-0.4175971 -0.3358456 0.0168300 204 216 232
-0.1086871 0.1823706 0.2768995 204 216 232
-0.4005975 0.0986628 -0.1855714 204 216 232
-0.1327607 -0.2269877 -0.3295682 204 216 232
-0.3267624 0.2378357 -0.0769077 204 216 232
0.3991334 -0.1233958 0.2572525 204 216 232
0.2433402 0.2544348 -0.1108426 204 216 232
0.3750682 -0.0799353 -0.2657847 204 216 232
0.5074419 -0.1312863 0.0354200 204 216 232
0.1689604 -0.0020660 -0.3570424 204 216 232
-0.3810591 -0.0870264 -0.2583170 204 216 232
0.4794145 -0.0746021 0.1467832 204 216 232
-0.3360300 -0.3548448 -0.1142671 204 216 232
0.0104033 0.2457199 -0.2437032 204 216 232
0.5245730 -0.0653252 -0.0011871 204 216 232
0.4256513 -0.0505519 0.2073469 204 216 232
-0.0154225 -0.4206304 -0.2250042 204 216 232
0.4855096 -0.0067137 -0.0619479 204 216 232
-0.4411403 -0.2994928 -0.0948538 204 216 232
-0.0704751 0.1944653 0.2626362 204 216 232
0.3902908 -0.3466759 0.0436897 204 216 232
-0.4607882 0.1190983 -0.0464756 204 216 232
0.0872572 -0.3905475 0.2546892 204 216 232
0.3730378 -0.2775992 0.1720420 204 216 232
-0.5044023 -0.0641879 -0.0705054 204 216 232
0.4236732 0.0886700 -0.1625864 204 216 232
-0.0115779 -0.0909992 -0.3866405 204 216 232
-0.4210645 -0.2676069 0.1349304 204 216 232
-0.0031605 -0.1532471 0.3681373 204 216 232
-0.0054483 -0.4890393 -0.0002825 204 216 232
-0.1161377 -0.1096826 0.3699566 204 216 232
0.2108007 -0.0016184 0.3392406 204 216 232
-0.2945819 -0.3449083 -0.2081479 204 216 232
0.2822914 0.2390786 0.0686796 204 216 232
0.3132007 -0.0422684 -0.2919796 204 216 232
0.3854669 -0.3546886 -0.0426767 204 216 232
0.2376457 0.2592135 0.1001157 204 216 232
-0.3867998 0.0857853 -0.1949177 204 216 232
-0.4056959 0.0079603 -0.2172828 204 216 232
-0.1426908 0.3149924 -0.0052219 204 216 232
0.2969388 -0.3712758 0.1518727 204 216 232
0.0848188 -0.4130295 -0.2183270 204 216 232
-0.3782704 0.1580864 -0.1442908 204 216 232
-0.2991922 0.0670973 0.2733725 204 216 232
0.1835756 -0.3998939 -0.2032095 204 216 232
-0.1480249 -0.4507978 -0.0786821 204 216 232
-0.0476089 -0.3778893 -0.2627998 204 216 232
0.2741951 -0.4185801 0.0138537 204 216 232
0.0172432 0.3105138 0.1090394 204 216 232
0.4893900 -0.0422736 -0.1525239 204 216 232
-0.3913383 -0.3407027 0.0585052 204 216 232
0.3055300 -0.3978290 -0.0189351 204 216 232
-0.1573900 0.0445847 -0.3431729 204 216 232
-0.1745410 -0.2004078 -0.3414076 204 216 232
-0.1634153 -0.2177894 0.3369757 204 216 232
0.2846137 -0.0736275 -0.3126792 204 216 232
0.2542985 -0.2562803 -0.2831651 204 216 232
0.4569424 -0.2458206 0.1231765 204 216 232
0.4219991 -0.0542429 -0.2116175 204 216 232
0.3447128 -0.3056889 0.1867648 204 216 232
0.0717593 0.3231778 0.0516940 204 216 232
-0.1535721 -0.3292355 0.2761121 204 216 232
-0.0275624 0.0824477 0.3637123 204 216 232
0.1291112 -0.4241916 0.1792172 204 216 232
0.0851412 -0.4893855 0.0404704 204 216 232
-0.4296644 -0.0963193 0.2216088 204 216 232
-0.0833171 0.2030951 -0.2758350 204 216 232
-0.4635651 -0.1227236 0.1768093 204 216 232
0.3035536 -0.0063241 -0.3069282 204 216 232
-0.4175644 0.0649351 -0.1942766 204 216 232
0.0258277 0.2538217 -0.2227531 204 216 232
0.0805285 -0.3687901 0.2595974 204 216 232
0.2643405 -0.1870195 0.3045813 204 216 232
0.0114344 -0.3673391 0.2787430 204 216 232
-0.1871945 0.2939119 0.0922710 204 216 232
0.2251649 -0.4389825 0.0013517 204 216 232
-0.2852506 -0.1688854 0.3083844 204 216 232
-0.0089007 -0.3733909 -0.2599421 204 216 232
-0.3040707 0.0805566 -0.2690642 204 216 232
-0.3536302 0.1470037 0.1753889 204 216 232
0.1231537 0.2683737 0.1761573 204 216 232
-0.1268446 0.1968283 0.2622121 204 216 232
0.0141234 -0.1055310 -0.3775460 204 216 232
-0.3165813 -0.0857714 0.2905351 204 216 232
0.2813886 -0.3691081 -0.1853616 204 216 232
0.4893585 -0.1529229 -0.0283571 204 216 232
0.0454135 0.0893266 -0.3453984 204 216 232
-0.4410875 -0.0388715 0.1830196 204 216 232
-0.0385044 -0.0221490 0.3632001 204 216 232
-0.4164860 -0.3223003 0.1079627 204 216 232
0.0122342 -0.4420375 -0.1935446 204 216 232
0.4757483 -0.0015731 0.0729912 204 216 232
-0.0646883 -0.1650167 0.3681790 204 216 232
0.3736119 0.1132200 0.1869404 204 216 232
0.4752629 -0.0499857 0.1493853 204 216 232
0.1125252 -0.3453336 -0.2674651 204 216 232
0.0682829 0.1443293 0.3184792 204 216 232
0.4338697 -0.1763852 0.2009818 204 216 232
-0.4013568 0.0235869 0.2154136 204 216 232
-0.2768680 -0.4229727 -0.0099486 204 216 232
0.3868575 -0.2341442 -0.1795606 204 216 232
0.3488737 -0.1305519 0.2820554 204 216 232
0.4159940 -0.2521615 0.1678648 204 216 232
0.4464251 -0.2035753 -0.1525297 204 216 232
0.1508051 -0.1171812 0.3595238 204 216 232
-0.1916794 0.1584778 0.2540241 204 216 232
-0.0107819 0.1459572 -0.3130762 204 216 232
0.4877699 -0.0861567 -0.1048074 204 216 232
0.3956797 0.1655255 0.1153695 204 216 232
0.4600462 0.0342869 -0.1522966 204 216 232
-0.2548757 0.0149211 0.3177592 204 216 232
-0.5038443 -0.0194441 0.0640385 204 216 232
0.4148079 -0.2146901 0.1826721 204 216 232
0.3534413 0.0600408 -0.2529717 204 216 232
-0.0921570 -0.1411595 0.3664803 204 216 232
-0.4315848 -0.2348647 -0.1739747 204 216 232
-0.3325413 -0.3223535 -0.1754615 204 216 232
-0.5132208 -0.1385645 0.0584000 204 216 232
0.3856604 -0.3462523 -0.0123464 204 216 232
0.1917266 0.2726247 0.1325634 204 216 232
0.3191564 -0.1666021 -0.2872752 204 216 232
0.1980707 -0.2324522 0.3206470 204 216 232
-0.1153621 -0.2234947 0.3378814 204 216 232
-0.3472888 0.1079818 0.2338386 204 216 232
0.0607059 0.2392361 -0.2219826 204 216 232
0.4184366 -0.3274742 0.0549574 204 216 232
0.2485783 -0.4408472 0.0457281 204 216 232
-0.4431986 0.0730518 -0.1505914 204 216 232
-0.3734834 -0.3320285 -0.1287923 204 216 232
0.0182827 -0.2475660 -0.3456756 204 216 232
0.4598258 0.0091031 -0.1579981 204 216 232
-0.3064710 -0.3941611 0.1058094 204 216 232
0.1038573 0.1926544 0.2712732 204 216 232
0.2436544 0.2900913 -0.0346928 204 216 232
0.2594539 -0.0747502 0.3270280 204 216 232
-0.2257814 0.1311471 -0.2851056 204 216 232
0.2935933 -0.4035222 -0.1126208 204 216 232
-0.4661498 -0.1640218 0.1644885 204 216 232
-0.0938194 -0.0024434 -0.3581308 204 216 232
-0.4064041 0.1904492 -0.0196093 204 216 232
-0.1734192 -0.4496587 0.0327939 204 216 232
-0.2930595 -0.3457796 -0.1702486 204 216 232
0.2547496 -0.2497620 0.2746498 204 216 232
0.0508719 -0.3292900 0.2955751 204 216 232
-0.4949440 -0.1931161 -0.0318031 204 216 232
0.4707241 -0.1861724 -0.1407554 204 216 232
-0.4480640 -0.0075285 -0.1785338 204 216 232
0.3453085 -0.3475605 0.1401504 204 216 232
-0.1273854 -0.4762859 0.0766513 204 216 232
0.1588743 -0.4158111 -0.1798917 204 216 232
-0.2756237 0.2673154 -0.0412519 204 216 232
-0.4653199 -0.1299135 0.1685865 204 216 232
0.1983457 -0.0555381 -0.3435835 204 216 232
0.3281361 0.1494097 -0.2090346 204 216 232
-0.0298190 -0.3738421 -0.2482659 204 216 232
-0.4919658 -0.1415284 0.0943553 204 216 232
-0.0458476 0.1585600 0.3080670 204 216 232
-0.1557095 -0.3586909 0.2517529 204 216 232
0.4431469 -0.2531671 0.0966735 204 216 232
0.1440810 -0.4512321 -0.1193279 204 216 232
-0.4029326 0.0268475 0.2144289 204 216 232
0.3189910 -0.1781134 -0.2919198 204 216 232
-0.4199836 0.1059829 0.1298234 204 216 232
-0.1078252 -0.0254423 0.3687002 204 216 232
0.4989591 -0.0540092 0.0920743 204 216 232
-0.0966233 0.2210522 -0.2543343 204 216 232
0.2374930 -0.1226232 0.3338785 204 216 232
0.2916180 0.0178848 -0.3022522 204 216 232
-0.0216895 -0.4878793 0.0964622 204 216 232
-0.3524776 -0.1622366 -0.2792515 204 216 232
0.3881209 -0.1727111 0.2299786 204 216 232
-0.4254443 0.0719588 0.1521221 204 216 232
-0.4582339 0.0063018 -0.1454015 204 216 232
-0.0972766 0.0867285 -0.3423495 204 216 232
0.0616904 -0.4514346 -0.1590639 204 216 232
0.1884966 -0.4648962 0.0393688 204 216 232
0.3305357 -0.3868116 0.0850576 204 216 232
-0.0973070 0.3112366 0.0626940 204 216 232
-0.2104657 -0.4530137 0.0007635 204 216 232
-0.4797311 0.0124460 -0.0791861 204 216 232
0.2222881 -0.4335213 -0.1046982 204 216 232
0.1554928 -0.3930788 -0.2164307 204 216 232
-0.0325087 -0.0475746 0.3850691 204 216 232
0.2855974 -0.3913556 -0.1360110 204 216 232
-0.2703589 0.1703407 -0.2327065 204 216 232
0.4880378 -0.2166886 -0.0673166 204 216 232
0.3291292 0.0399879 -0.2732462 204 216 232
0.4508878 -0.0031928 0.1792685 204 216 232
0.0857524 -0.4966507 -0.0068387 204 216 232
0.1618023 0.0046458 -0.3547463 204 216 232
-0.0629218 0.2367760 -0.2327521 204 216 232
0.0504476 0.1048166 0.3438411 204 216 232
0.5021191 -0.1194788 0.0531105 204 216 232
-0.3526873 -0.2052474 0.2539220 204 216 232
0.3928328 -0.0617226 -0.2534139 204 216 232
0.3212289 -0.4082316 0.0672412 204 216 232
-0.4654956 0.0856993 0.0459435 204 216 232
0.2619941 0.2317774 -0.1534582 204 216 232
-0.1241834 -0.2465017 0.3334702 204 216 232
0.1910424 0.2890327 0.0449657 204 216 232
0.0101965 -0.0034872 -0.3818572 204 216 232
0.2693429 -0.0123146 -0.3076612 204 216 232
-0.3207383 0.2105993 -0.0950944 204 216 232
0.2884957 -0.3330977 0.1979497 204 216 232
0.2030359 -0.3505567 -0.2399435 204 216 232
-0.3199572 -0.3340800 0.1572799 204 216 232
0.1421912 0.1909701 -0.2826703 204 216 232
0.2076072 0.0029776 0.3489687 204 216 232
0.4551595 -0.1367816 0.1797043 204 216 232
-0.0241500 0.0678487 0.3523618 204 216 232
-0.2970959 -0.3993728 -0.1385665 204 216 232
0.2908145 -0.0523124 -0.3135770 204 216 232
0.2256484 -0.1697713 -0.3333658 204 216 232
0.3368962 -0.2959851 0.1993607 204 216 232
-0.4080456 -0.1227624 0.2381741 204 216 232
-0.0741357 -0.0732532 0.3671528 204 216 232
-0.5109870 -0.1252196 0.1047462 204 216 232
0.4572514 -0.2392470 -0.1277540 204 216 232
0.2617042 -0.0006297 0.3117708 204 216 232
0.0977293 0.0550714 -0.3447051 204 216 232
0.0738723 0.2000061 0.2681739 204 216 232
-0.3145242 -0.4012476 0.0349161 204 216 232
0.4062005 0.1563292 -0.1143808 204 216 232
-0.1139530 -0.4780104 0.0300486 204 216 232
-0.1294339 -0.0154391 -0.3583832 204 216 232
-0.1821386 -0.4568776 -0.0341604 204 216 232
-0.0066753 -0.4885392 0.0171962 204 216 232
-0.5031142 -0.0757252 0.0969266 204 216 232
0.4520659 -0.1196253 -0.1764495 204 216 232
-0.2603413 0.2168258 0.1862129 204 216 232
-0.3281358 -0.3860934 0.1028732 204 216 232
-0.4812275 0.0623861 -0.0717710 204 216 232
-0.1191522 0.1279875 0.3224443 204 216 232
0.0901232 -0.4196396 -0.1911879 204 216 232
0.4340023 0.1473223 0.0235542 204 216 232
-0.3333296 -0.1796672 0.2668406 204 216 232
0.4973288 -0.0582608 0.1464441 204 216 232
-0.2157900 -0.4493728 -0.0712183 204 216 232
0.4511820 -0.0825092 -0.2120560 204 216 232
0.0597135 -0.4088215 -0.2348835 204 216 232
-0.0256147 0.2144828 -0.2755760 204 216 232
-0.1798412 -0.0741212 -0.3514260 204 216 232
0.2113190 -0.3656013 0.2361236 204 216 232
0.4669011 -0.1375387 0.1511642 204 216 232
0.1422995 -0.4436381 -0.1625986 204 216 232
0.1601689 -0.4802831 -0.0203474 204 216 232
0.3017869 0.0523924 0.2785092 204 216 232
0.4243505 -0.2850487 -0.0923987 204 216 232
0.1056949 0.1673209 -0.2895837 204 216 232
-0.0841412 -0.3754171 -0.2575461 204 216 232
0.1030036 0.2956056 0.1176424 204 216 232
-0.3793998 0.0729957 -0.2204276 204 216 232
0.0725224 -0.1244215 0.3673595 204 216 232
-0.2733628 0.1658586 0.2309188 204 216 232
-0.2102287 0.0759208 0.3141610 204 216 232
-0.3338754 -0.2997107 0.1917535 204 216 232
0.4406181 -0.1024904 -0.2266889 204 216 232
-0.3187326 0.2361780 -0.0998852 204 216 232
-0.0239360 -0.4684823 0.1295591 204 216 232
0.2180536 -0.1101896 0.3401969 204 216 232
0.1371090 0.0064603 -0.3480442 204 216 232
-0.3049993 0.2230517 0.1110537 204 216 232
0.3685656 -0.2295355 0.2337288 204 216 232
-0.2425656 -0.3114594 -0.2406307 204 216 232
0.0235617 -0.3254893 -0.3069526 204 216 232
0.1038160 -0.2891091 0.3135327 204 216 232
-0.1836558 -0.2453933 0.3205502 204 216 232
-0.2735735 -0.4067401 0.1091909 204 216 232
-0.2752349 0.2781273 -0.0321813 204 216 232
0.4000750 -0.2259412 -0.2122380 204 216 232
-0.1906192 -0.3054552 -0.2848260 204 216 232
0.3583473 -0.1139648 0.2688697 204 216 232
0.2204154 -0.2219615 0.3185135 204 216 232
-0.0026406 -0.2944688 0.3167761 204 216 232
-0.0434773 -0.4241028 0.2144542 204 216 232
0.4692791 -0.0692876 0.1391815 204 216 232
0.1475290 0.1090713 -0.3102435 204 216 232
-0.2341325 -0.2729389 -0.2902591 204 216 232
-0.3676238 -0.2724374 0.2115043 204 216 232
0.4892022 -0.2545017 0.0052279 204 216 232
0.1881981 0.2759327 -0.1445795 204 216 232
-0.2460700 -0.0268112 0.3373589 204 216 232
0.2413198 -0.3587882 -0.2309380 204 216 232
-0.4817111 0.0984938 0.0144202 204 216 232
-0.0207963 0.1465317 -0.3202095 204 216 232
-0.4360023 -0.1146589 0.2073567 204 216 232
0.2240011 0.2588117 -0.1059649 204 216 232
0.1898724 0.2712997 0.1599563 204 216 232
-0.0098266 -0.1152311 0.3693850 204 216 232
-0.2079039 0.0002587 0.3380625 204 216 232
0.2793032 0.2318022 0.1279863 204 216 232
-0.0881041 0.0604727 -0.3582118 204 216 232
0.3573349 -0.3765355 0.0694280 204 216 232
0.4720588 0.0335609 0.0561610 204 216 232
-0.1225694 -0.4516815 0.1068022 204 216 232
-0.3921849 0.0828500 0.2106967 204 216 232
-0.2711764 -0.1928286 0.3086373 204 216 232
-0.2316243 0.2650327 -0.0998140 204 216 232
0.5264522 -0.0872650 -0.0344826 204 216 232
-0.3925848 -0.1371470 0.2396833 204 216 232
-0.3950247 -0.2337585 0.2014183 204 216 232
0.1951530 -0.0320703 -0.3508073 204 216 232
0.0845290 0.0793353 0.3384663 204 216 232
0.0866232 -0.3416413 0.2743257 204 216 232
0.2567672 0.1470946 -0.2577085 204 216 232
-0.2350492 -0.4111745 0.1466549 204 216 232
0.3709460 -0.2993626 -0.1979518 204 216 232
-0.4433520 -0.2338659 -0.1540717 204 216 232
0.4861681 -0.1475085 -0.1206137 204 216 232
0.2413068 0.2001358 0.2202529 204 216 232
0.5055860 -0.1584092 -0.0287595 204 216 232
0.4394439 -0.0763341 -0.1995710 204 216 232
-0.3549574 -0.3529935 -0.0827039 204 216 232
-0.0011876 -0.4656154 -0.1404260 204 216 232
-0.0558105 0.0719589 0.3414938 204 216 232
0.3546040 -0.1925855 0.2786446 204 216 232
0.2922752 0.2428488 -0.0646643 204 216 232
-0.0874054 0.3014218 -0.1266050 204 216 232
-0.2997042 -0.3627072 -0.1839747 204 216 232
0.0529652 0.1983677 -0.2826362 204 216 232
0.1457965 0.2897744 -0.0571146 204 216 232
-0.3821041 -0.1020044 -0.2593849 204 216 232
0.1701476 -0.0176801 0.3484476 204 216 232
0.5153707 -0.0154562 0.0316676 204 216 232
-0.1856112 0.2922224 0.1307723 204 216 232
-0.2405044 0.2844364 -0.0768416 204 216 232
-0.3037838 -0.0176462 -0.2933313 204 216 232
0.2222072 -0.2531914 -0.3098722 204 216 232
0.0075930 0.1423613 0.3235509 204 216 232
-0.0090165 0.2956994 -0.1497542 204 216 232
-0.4363825 -0.0046831 0.2030816 204 216 232
0.4826904 -0.1442157 -0.1480087 204 216 232
0.1359885 -0.4660320 0.1170351 204 216 232
-0.3447613 -0.0795810 -0.2873603 204 216 232
-0.1827982 0.0448381 -0.3355046 204 216 232
0.3397857 0.0692560 -0.2525591 204 216 232
-0.4684321 -0.1150808 0.1569828 204 216 232
0.3708757 0.1655400 0.1096471 204 216 232
-0.0927837 0.0201407 -0.3588228 204 216 232
-0.1659894 0.2756714 -0.1306421 204 216 232
0.3410366 0.2110400 0.1073527 204 216 232
0.3866132 -0.3522648 -0.1000815 204 216 232
-0.2843207 -0.3696660 0.1849954 204 216 232
0.2146622 -0.3630251 -0.2247816 204 216 232
0.0463846 0.2624516 0.1941796 204 216 232
-0.3610514 0.2158160 -0.0053752 204 216 232
0.4330972 -0.3119088 -0.0223942 204 216 232
0.2762765 -0.4145177 0.0650781 204 216 232
0.2900210 -0.1029897 0.3075734 204 216 232
-0.2110324 -0.4468519 -0.1114314 204 216 232
0.1435432 -0.1342504 0.3629225 204 216 232
-0.0458510 0.0354317 -0.3626033 204 216 232
0.1661063 0.0750403 -0.3280022 204 216 232
0.0788140 0.2217039 -0.2474239 204 216 232
-0.0279925 -0.0700465 -0.3875606 204 216 232
0.2368318 -0.2882653 -0.2919170 204 216 232
-0.3671656 -0.3506383 0.0961451 204 216 232
-0.1186621 -0.0422832 0.3692341 204 216 232
-0.0320055 0.3147783 0.0899174 204 216 232
-0.0494034 0.0609614 0.3453794 204 216 232
-0.1506378 -0.0251248 0.3527557 204 216 232
-0.2040923 -0.1377553 0.3335164 204 216 232
0.3156880 0.1332632 -0.2207881 204 216 232
0.4576789 0.0391853 0.1272614 204 216 232
0.4987546 -0.1002942 0.0752841 204 216 232
-0.0843089 0.3120498 -0.0786316 204 216 232
-0.0324191 -0.4663799 0.1244696 204 216 232
-0.1241313 0.1945254 -0.2697608 204 216 232
-0.4894738 -0.2528511 -0.0020775 204 216 232
-0.3562819 0.1510085 -0.1808554 204 216 232
0.0221657 0.3155446 0.0988340 204 216 232
0.3798798 0.0036602 0.2580514 204 216 232
-0.1709586 -0.4261439 -0.1688443 204 216 232
0.3841135 0.1278616 -0.1694511 204 216 232
-0.3001115 0.1718960 0.2101159 204 216 232
-0.5136472 -0.0003634 -0.0330362 204 216 232
0.0404237 0.0310749 0.3733055 204 216 232
0.4791151 -0.1894221 0.1228661 204 216 232
-0.1549953 -0.1243063 -0.3540769 204 216 232
0.2423477 0.2787976 -0.0434128 204 216 232
0.0571155 0.1542956 -0.3055798 204 216 232
0.4019742 0.1766042 0.0595689 204 216 232
-0.1203306 -0.4929885 -0.0159705 204 216 232
0.5043378 -0.0374914 -0.1160103 204 216 232
-0.4486996 -0.2395124 -0.1007430 204 216 232
0.2201054 -0.4484708 -0.0466491 204 216 232
0.0576911 0.0311641 -0.3741378 204 216 232
0.2999054 0.2134157 0.1595500 204 216 232
-0.1740519 0.1419804 -0.2972783 204 216 232
0.4694994 -0.1359526 -0.1613042 204 216 232
0.4354585 0.1091472 0.0954348 204 216 232
0.0154916 0.3238411 -0.0799282 204 216 232
0.3621762 -0.2650066 0.2427038 204 216 232
-0.4435140 -0.0090895 0.1777712 204 216 232
0.3225476 0.2297828 0.0677277 204 216 232
-0.5073366 0.0532745 0.0036609 204 216 232
0.4837726 -0.0934900 0.1445602 204 216 232
0.1072771 0.2551329 0.1944622 204 216 232
0.4805910 -0.1705142 0.0960027 204 216 232
-0.1708289 -0.3239050 0.2758236 204 216 232
0.2232249 -0.4019745 -0.1445478 204 216 232
0.1895251 0.1965457 -0.2450237 204 216 232
0.2640334 -0.1234239 -0.3166001 204 216 232
0.0894642 -0.4666170 0.0823067 204 216 232
0.5114855 -0.0122176 -0.0097887 204 216 232
-0.2134047 -0.3108397 0.2568250 204 216 232
0.2253049 0.2772523 -0.0163378 204 216 232
0.2006040 -0.4658946 -0.0314942 204 216 232
-0.0212404 -0.2201172 0.3570222 204 216 232
0.1615305 -0.2998756 0.2991186 204 216 232
-0.1836416 0.2229778 0.2068631 204 216 232
-0.4014086 0.1946685 0.0392483 204 216 232
0.4364714 0.1570170 -0.0356324 204 216 232
0.2689053 0.1664669 0.2240559 204 216 232
-0.2802659 0.1574278 -0.2278695 204 216 232
-0.1274286 -0.1620783 -0.3589982 204 216 232
-0.4039666 -0.1521763 -0.2340678 204 216 232
-0.4104912 -0.1583219 -0.2228438 204 216 232
-0.1724540 -0.0692817 0.3568348 204 216 232
-0.1440139 -0.4882893 0.0189255 204 216 232
-0.1455901 0.3062271 0.0166867 204 216 232
-0.4586048 -0.1526647 -0.1673141 204 216 232
-0.4331916 0.1584399 -0.0187981 204 216 232
0.1704014 -0.1286819 0.3623371 204 216 232
-0.2763218 -0.3569939 0.1772781 204 216 232
0.3336837 -0.3895886 -0.0321834 204 216 232
-0.0365117 0.3281644 0.0098934 204 216 232
0.2363122 -0.0139892 0.3376503 204 216 232
0.3070314 -0.4077363 -0.0413549 204 216 232
-0.1985103 0.3013667 0.0744903 204 216 232
-0.2599908 -0.3754100 -0.1424758 204 216 232
-0.2035335 0.2562111 0.1834190 204 216 232
-0.4630026 -0.0975437 0.1805466 204 216 232
0.0215698 0.2249971 0.2295366 204 216 232
-0.4573840 -0.0539991 0.1792522 204 216 232
-0.3282917 -0.3169550 -0.1781699 204 216 232
-0.0953069 -0.4066460 -0.2221707 204 216 232
-0.3216126 0.0664327 0.2583581 204 216 232
0.0549390 -0.3555285 -0.2753988 204 216 232
-0.4696065 -0.2206942 -0.1264808 204 216 232
-0.3675459 0.0417237 0.2400368 204 216 232
-0.3443605 0.2073121 0.0874225 204 216 232
-0.2640986 0.0153554 0.3199794 204 216 232
0.1181802 -0.2122127 -0.3524202 204 216 232
-0.2830412 -0.0829726 0.3197871 204 216 232
0.4795380 0.0581511 -0.0035016 204 216 232
0.5098729 -0.0527199 -0.0340613 204 216 232
-0.2684378 0.2308288 -0.1682718 204 216 232
-0.3382799 -0.2353514 -0.2555009 204 216 232
-0.3119131 -0.1194911 0.2943206 204 216 232
-0.4532317 -0.2566380 0.1175184 204 216 232
0.0887287 -0.3267256 0.3060156 204 216 232
-0.4082528 -0.2992276 0.1134694 204 216 232
-0.4535054 -0.0824872 0.1914818 204 216 232
-0.1520420 0.2568761 0.1840664 204 216 232
-0.0492112 -0.1858715 0.3579626 204 216 232
-0.4197316 -0.1042332 0.2019747 204 216 232
-0.1739449 -0.2018260 -0.3340739 204 216 232
0.3789153 0.1494047 -0.1566573 204 216 232
0.4796234 0.0126413 0.1059123 204 216 232
-0.1064760 -0.1857606 -0.3583039 204 216 232
0.0815452 -0.4854433 0.0622950 204 216 232
0.3975618 -0.1212164 -0.2358606 204 216 232
-0.4406975 0.0959194 0.1048402 204 216 232
-0.4444223 -0.1579184 -0.1946888 204 216 232
-0.1961349 -0.3840608 0.2157195 204 216 232
0.1740854 0.3052058 -0.0494595 204 216 232
0.4901316 -0.0582879 0.1126449 204 216 232
0.4213152 -0.1492336 -0.2071715 204 216 232
0.2052989 0.0375182 0.3415343 204 216 232
0.1775689 -0.4536650 -0.1144763 204 216 232
-0.0160003 -0.3417808 0.2949997 204 216 232
-0.3546427 -0.1796625 0.2461973 204 216 232
-0.0737150 -0.3774458 0.2370198 204 216 232
-0.1194779 0.1613585 0.2782553 204 216 232
0.0791545 0.1421154 0.3076558 204 216 232
0.3591757 -0.3631949 0.1032766 204 216 232
-0.0401827 0.2733534 -0.1819975 204 216 232
0.0430831 -0.4716256 -0.1341188 204 216 232
0.0014285 -0.1036807 0.3858660 204 216 232
0.1433696 0.2255511 -0.2321496 204 216 232
0.2774081 0.2177141 0.1716717 204 216 232
-0.0155384 0.2192416 0.2490342 204 216 232
-0.3543203 -0.3696335 0.0807393 204 216 232
-0.4833000 -0.0411890 0.1216090 204 216 232
0.1308462 0.3128164 -0.0040150 204 216 232
0.1699579 -0.2670894 0.3253193 204 216 232
0.1571532 0.0394240 -0.3466199 204 216 232
0.1646320 -0.1818985 -0.3413619 204 216 232
0.1862544 -0.4232624 -0.1760855 204 216 232
-0.0656342 0.3261501 -0.0404521 204 216 232
-0.4546097 -0.2848811 -0.0281335 204 216 232
0.4334427 -0.2955782 0.0758439 204 216 232
0.0331269 -0.3379970 -0.3021518 204 216 232
0.4786027 0.0738828 0.0606559 204 216 232
-0.0579734 0.1101663 0.3383291 204 216 232
-0.1044302 -0.2950406 0.3105951 204 216 232
0.0748460 -0.2420876 0.3484685 204 216 232
-0.1278186 0.2920451 -0.1373574 204 216 232
-0.3644336 -0.2499586 0.2062638 204 216 232
0.0249763 -0.4531879 -0.1406410 204 216 232
-0.4907297 -0.1289177 0.0803564 204 216 232
0.4608566 0.0491719 -0.1540499 204 216 232
-0.4894185 -0.0294029 -0.1092301 204 216 232
0.2646165 0.1041836 -0.2703839 204 216 232
-0.2848603 0.1614456 -0.2228620 204 216 232
0.2366128 0.2827274 -0.0593552 204 216 232
-0.3792045 -0.3051401 0.1528833 204 216 232
-0.0963593 0.1332131 -0.3255936 204 216 232
-0.0408750 0.0757887 -0.3463935 204 216 232
-0.4844076 0.0014783 0.1350505 204 216 232
0.0384933 -0.4857952 -0.0494844 204 216 232
0.3234308 -0.0836622 -0.3032666 204 216 232
0.3596941 -0.0885003 0.2721371 204 216 232
0.2952237 0.2307344 -0.1039973 204 216 232
-0.2688341 -0.3554523 0.1757361 204 216 232
-0.1358943 -0.4204358 0.1787039 204 216 232
0.3700844 0.1739799 -0.1247508 204 216 232
0.4061467 -0.0030583 -0.2200492 204 216 232
-0.3683475 -0.1893091 -0.2572985 204 216 232
0.1328134 0.2919097 -0.1458492 204 216 232
-0.1556188 0.0238706 0.3528604 204 216 232
0.0449318 -0.3685214 0.2704023 204 216 232
-0.2792308 -0.3141449 0.2476830 204 216 232
-0.2592166 0.0268762 -0.3126297 204 216 232
0.3491997 -0.3685496 0.0994349 204 216 232
-0.4119205 -0.1000998 0.2337936 204 216 232
0.0298439 0.3065184 -0.1462732 204 216 232
-0.4884197 -0.0905105 -0.1583868 204 216 232
0.3640446 -0.3242520 0.1162571 204 216 232
0.3757064 -0.0909499 -0.2520021 204 216 232
0.1617434 0.2056995 -0.2505920 204 216 232
-0.4272729 -0.0000226 0.2082794 204 216 232
0.3275578 0.1897516 0.1473619 204 216 232
-0.2194560 -0.4462930 -0.0108633 204 216 232
-0.0136839 0.0928493 0.3448103 204 216 232
0.1692761 -0.4200987 -0.1542799 204 216 232
-0.2038495 -0.2501612 -0.3116199 204 216 232
-0.4968456 -0.1513346 0.0947738 204 216 232
-0.0107413 0.2920193 0.1661682 204 216 232
-0.2785153 0.2396672 -0.0996822 204 216 232
-0.4375198 -0.0095843 -0.1714814 204 216 232
0.0276429 -0.1064556 -0.3852671 204 216 232
0.2372487 -0.3515144 0.2262540 204 216 232
-0.3949431 -0.3151480 -0.0614273 204 216 232
-0.3027045 -0.4063904 -0.0753615 204 216 232
0.0296974 -0.1339661 -0.3806411 204 216 232
0.0451656 0.1945598 0.2783859 204 216 232
0.0190531 0.0981941 -0.3359833 204 216 232
0.4403045 0.0394402 0.1686452 204 216 232
0.1894699 -0.3408743 -0.2875774 204 216 232
-0.3640729 0.1287988 -0.1806899 204 216 232
0.0208604 0.3356402 0.0491211 204 216 232
0.3904882 -0.2789118 0.1872844 204 216 232
0.4267230 -0.2740490 -0.0997327 204 216 232
-0.1944709 -0.4536880 -0.0682658 204 216 232
-0.0084105 -0.4574589 0.1204608 204 216 232
-0.3888378 -0.1091099 0.2505097 204 216 232
-0.1464047 0.3173210 -0.0168875 204 216 232
-0.2944209 0.2576374 -0.0073563 204 216 232
-0.0933893 0.0370323 0.3718299 204 216 232
-0.2832034 -0.3714520 -0.1681658 204 216 232
-0.4362133 -0.1064779 0.2014452 204 216 232
-0.2801799 -0.0205224 0.2984582 204 216 232
0.1970896 -0.0418681 0.3518103 204 216 232
-0.4801748 0.0708279 0.0166337 204 216 232
-0.4145129 -0.3119631 -0.0504996 204 216 232
-0.3545608 -0.2261817 0.2185623 204 216 232
-0.3499423 -0.2388304 -0.2226894 204 216 232
-0.2365576 -0.4415050 0.0508265 204 216 232
-0.2825943 -0.0404670 -0.3065875 204 216 232
0.0604672 -0.1004218 -0.3729939 204 216 232
-0.0174486 0.1358740 -0.3328441 204 216 232
-0.3624142 0.1309380 0.1847151 204 216 232
0.2103586 0.1613197 0.2695151 204 216 232
-0.2532649 -0.4384954 -0.0258924 204 216 232
-0.3400187 -0.3234501 -0.1872368 204 216 232
-0.2332155 0.2828465 -0.0633983 204 216 232
0.4119505 -0.3245111 -0.0322936 204 216 232
0.3062535 -0.2079332 0.2822804 204 216 232
0.2280442 -0.0635392 0.3314197 204 216 232
0.2414794 0.2747816 -0.0934379 204 216 232
-0.2918326 -0.0423254 -0.3186577 204 216 232
0.1235061 0.1074070 0.3221818 204 216 232
-0.1040323 -0.4061293 -0.2121051 204 216 232
0.3455276 0.0408720 -0.2666629 204 216 232
0.3956369 0.0121042 -0.2470421 204 216 232
-0.2840689 -0.3230504 0.2284148 204 216 232
-0.0738324 0.0262473 0.3654705 204 216 232
-0.4835522 0.0342440 -0.1194254 204 216 232
-0.0691395 0.2944826 -0.1565879 204 216 232
-0.4096262 0.1225578 0.1458321 204 216 232
0.0149323 0.2571866 0.2192068 204 216 232
0.0328567 0.2618356 0.2227438 204 216 232
-0.1291035 0.1879085 0.2704721 204 216 232
-0.1015169 0.2405978 0.2150345 204 216 232
0.4358444 -0.2139843 -0.1383132 204 216 232
0.2893236 -0.4002089 -0.0890695 204 216 232
0.2319341 -0.0401166 0.3488147 204 216 232
-0.2975910 -0.4058724 0.0574553 204 216 232
0.1023407 -0.0809166 -0.3709088 204 216 232
-0.3128553 0.2242698 0.1132712 204 216 232
0.2430674 -0.0251106 0.3352134 204 216 232
0.3675065 0.1798098 0.0837391 204 216 232
0.0900251 -0.4188623 -0.2070174 204 216 232
0.1854186 -0.2762671 -0.3111879 204 216 232
-0.3571396 -0.0698113 0.2517663 204 216 232
-0.3241805 -0.4033512 0.0692949 204 216 232
0.1500074 0.1076277 -0.3121725 204 216 232
0.4678700 0.0742490 -0.0794924 204 216 232
0.2554303 -0.4441229 -0.0321942 204 216 232
0.4719492 0.0757773 0.1062232 204 216 232
-0.3886186 -0.2895583 -0.1627481 204 216 232
0.0994004 0.3255246 0.0280953 204 216 232
0.1904308 -0.1211674 0.3560133 204 216 232
0.5294752 -0.1084646 -0.0186643 204 216 232
-0.3429810 0.0381801 -0.2699804 204 216 232
-0.5144175 -0.0345506 0.0091067 204 216 232
-0.0493008 0.2974213 -0.1113641 204 216 232
0.3747809 -0.0238936 0.2436345 204 216 232
0.3122567 -0.2282503 -0.2671354 204 216 232
0.0127732 -0.0257581 0.3793222 204 216 232
-0.1146862 -0.0692560 -0.3769231 204 216 232
-0.4915103 0.0504643 0.0093171 204 216 232
-0.2896382 -0.2142742 0.2809144 204 216 232
-0.1251455 0.2357258 -0.1971464 204 216 232
-0.1194613 0.3034395 0.1159456 204 216 232
0.0972493 -0.1141324 0.3672446 204 216 232
-0.1761536 -0.3579799 0.2585623 204 216 232
0.4748129 -0.2495915 0.0041472 204 216 232
0.0834101 -0.3431336 -0.2990355 204 216 232
-0.3130616 0.1846963 0.1807148 204 216 232
-0.1088727 0.1642969 0.2924235 204 216 232
-0.2723145 -0.4353929 -0.0546107 204 216 232
-0.3822754 -0.3467433 0.0761592 204 216 232
-0.4409241 0.1252091 -0.0735456 204 216 232
-0.2728885 -0.4125670 -0.1016172 204 216 232
0.3233593 0.0196698 -0.2904199 204 216 232
-0.0236613 0.1851511 0.2863979 204 216 232
-0.0428325 0.3037667 -0.1319758 204 216 232
0.1276168 -0.4276279 -0.1889978 204 216 232
0.2456741 -0.2260839 -0.2911252 204 216 232
0.0262781 -0.4736890 0.0445456 204 216 232
-0.4704199 0.0346062 -0.1280797 204 216 232
0.2693729 0.0753360 -0.2846999 204 216 232
0.2595523 0.2187550 0.1865272 204 216 232
-0.2824416 -0.1657126 -0.3022021 204 216 232
0.4781201 -0.1143211 -0.1791300 204 216 232
0.0006704 -0.4484953 -0.1715953 204 216 232
0.2522721 0.2068405 0.1786252 204 216 232
-0.4267855 0.0040948 0.2088741 204 216 232
0.4864167 -0.1961919 -0.0937946 204 216 232
0.3567896 -0.1009678 0.2788124 204 216 232
-0.1593422 -0.4740497 0.0075790 204 216 232
0.1162724 0.2975145 -0.1392956 204 216 232
0.3952888 -0.0576230 0.2601320 204 216 232
0.3629766 0.1891256 0.0559360 204 216 232
-0.0491348 -0.3071826 -0.3056001 204 216 232
0.0603942 0.3377479 0.0458264 204 216 232
-0.3144501 -0.4008991 -0.0159393 204 216 232
0.1449510 -0.4287932 0.1920002 204 216 232
-0.1522793 -0.3795218 -0.2490289 204 216 232
0.2163708 -0.4487060 0.0691874 204 216 232
-0.5004567 0.0249159 0.1081762 204 216 232
0.4533266 0.0924404 -0.1142003 204 216 232
-0.4909505 0.0621353 0.0353262 204 216 232
-0.2303015 -0.3673823 0.1954915 204 216 232
0.3814426 -0.3543760 0.1140405 204 216 232
0.3608543 0.1312106 0.2106625 204 216 232
0.4001761 -0.2893823 0.1770237 204 216 232
0.4859248 -0.1350322 0.1018269 204 216 232
0.3279397 0.1899638 -0.1404776 204 216 232
0.3688262 0.1300168 -0.1848862 204 216 232
-0.1123969 -0.3525527 -0.2638739 204 216 232
-0.4003294 -0.1299915 0.2106802 204 216 232
-0.0332265 0.2592898 -0.2195383 204 216 232
0.1664026 -0.2737970 0.3047742 204 216 232
0.0627216 -0.1553623 0.3748345 204 216 232
-0.4239721 -0.2762463 0.1489377 204 216 232
-0.3150207 -0.0381676 -0.3009987 204 216 232
0.1173936 -0.4376294 -0.1621078 204 216 232
-0.0444930 0.0728196 0.3563124 204 216 232
-0.1432631 -0.4480528 0.1512389 204 216 232
0.4254983 0.1514200 0.0104746 204 216 232
0.4200718 -0.3092463 0.0990731 204 216 232
0.2076810 0.0207549 0.3367450 204 216 232
-0.3602023 0.2080922 -0.0441481 204 216 232
0.3239870 -0.2076571 0.2617742 204 216 232
0.0550913 0.3012378 -0.1259541 204 216 232
-0.0083764 0.2973676 0.1421168 204 216 232
-0.4375492 -0.2146062 0.1147132 204 216 232
-0.1327799 -0.3960784 0.2271131 204 216 232
-0.4348214 -0.0330330 0.2102924 204 216 232
0.4235222 -0.2038861 0.1830971 204 216 232
0.1254694 -0.4733568 -0.0238457 204 216 232
0.4121531 0.1637706 -0.0603141 204 216 232
0.2993155 0.2434273 0.1141288 204 216 232
0.2164105 0.1955691 0.2445236 204 216 232
0.0860106 0.0198955 -0.3636920 204 216 232
0.1479163 -0.4434583 0.1341610 204 216 232
0.0973144 -0.2719921 -0.3350768 204 216 232
-0.3338715 -0.3850852 0.0772592 204 216 232
-0.3905300 0.1956258 -0.0042807 204 216 232
0.2516752 -0.2306316 -0.2852461 204 216 232
0.0544671 -0.3926313 -0.2373330 204 216 232
-0.0941167 0.2364528 -0.2369009 204 216 232
-0.4019913 0.1720218 0.0679999 204 216 232
-0.3545862 0.0513626 -0.2409719 204 216 232
0.1466829 -0.4144555 0.1904695 204 216 232
-0.0949209 -0.2529629 0.3340847 204 216 232
0.2701037 -0.4295005 0.0567199 204 216 232
-0.1910612 0.2932047 0.0201509 204 216 232
0.1490468 0.2631885 -0.1702466 204 216 232
0.4432150 -0.1925158 -0.1611754 204 216 232
-0.0569304 -0.3930111 -0.2421543 204 216 232
0.1448032 -0.4033476 -0.1991064 204 216 232
-0.3917026 -0.0979505 0.2427062 204 216 232
-0.0543748 0.3345590 -0.0114863 204 216 232
0.0928267 -0.3345979 -0.2727382 204 216 232
-0.1695545 -0.4349553 0.1683881 204 216 232
0.1081196 0.2114493 -0.2440412 204 216 232
0.2391044 -0.0891625 -0.3447432 204 216 232
-0.3927734 0.1834587 0.0097920 204 216 232
-0.3841958 0.2059291 -0.0611435 204 216 232
0.0602514 -0.3957055 -0.2349502 204 216 232
-0.0552492 0.3242839 0.0173183 204 216 232
-0.3045900 0.1942826 0.1536235 204 216 232
-0.3538492 -0.3097751 0.1586045 204 216 232
-0.0545891 0.2290058 -0.2398679 204 216 232
-0.3186338 0.2100440 0.1400757 204 216 232
-0.4148082 -0.2590501 -0.1606764 204 216 232
-0.1700641 -0.1958685 0.3405394 204 216 232
0.1786311 0.2588446 -0.1534492 204 216 232
-0.3107796 -0.3459430 -0.2107593 204 216 232
-0.2425213 -0.4056680 -0.1335064 204 216 232
0.4651860 -0.2501986 -0.0098004 204 216 232
-0.1490183 -0.1504737 -0.3507932 204 216 232
-0.4667414 0.0668796 -0.1041244 204 216 232
-0.4517702 -0.2801151 0.0191914 204 216 232
0.2465949 0.0459552 0.3213876 204 216 232
-0.2684380 -0.2620126 -0.2689696 204 216 232
0.1482399 -0.4791790 0.0357815 204 216 232
0.1300866 0.2838314 -0.1503005 204 216 232
-0.0936558 -0.4567487 0.0965116 204 216 232
0.2298197 -0.2511412 0.3132812 204 216 232
0.3167188 0.1539633 -0.1913881 204 216 232
-0.3133403 0.0927441 0.2585505 204 216 232
0.3056784 -0.0779868 -0.3042985 204 216 232
-0.1678087 -0.0400259 -0.3627230 204 216 232
0.4450037 0.1360941 -0.0741670 204 216 232
0.2208920 0.1241384 0.2750566 204 216 232
-0.1754074 -0.0180687 0.3501915 204 216 232
-0.1198352 -0.3371603 -0.2764492 204 216 232
0.4615295 -0.0784904 0.1830920 204 216 232
-0.2096886 0.2031673 0.2210921 204 216 232
-0.3720082 0.0738877 0.2248888 204 216 232
-0.2348987 0.0364766 -0.3228411 204 216 232
0.4606740 0.1036084 0.0183030 204 216 232
0.0829391 0.2708673 0.2066586 204 216 232
-0.0319056 -0.4705507 -0.0762712 204 216 232
-0.1946252 0.2913882 0.0975898 204 216 232
-0.4829141 -0.1219966 0.1257953 204 216 232
-0.5303973 -0.1079266 -0.0536617 204 216 232
0.1408975 0.3025277 -0.0523286 204 216 232
-0.3893109 -0.3439850 -0.0587391 204 216 232
0.2933974 0.2453886 0.0663245 204 216 232
0.2477800 -0.0439223 0.3196522 204 216 232
-0.1527525 -0.4392062 0.1466569 204 216 232
-0.2854504 0.2644093 -0.0165801 204 216 232
-0.4577689 0.0307932 -0.1525466 204 216 232
-0.0109399 0.2302833 -0.2533940 204 216 232
0.3665499 -0.0172097 0.2715692 204 216 232
0.5171190 -0.0853174 0.0700291 204 216 232
0.1279847 -0.1357433 0.3655541 204 216 232
-0.3422435 -0.2189852 -0.2539985 204 216 232
-0.5126477 -0.0831823 -0.0296826 204 216 232
-0.0340391 -0.3411547 0.2758468 204 216 232
0.1913145 0.1956479 0.2406746 204 216 232
-0.1979149 -0.4432798 0.0925795 204 216 232
-0.2901147 -0.1179781 0.3012796 204 216 232
0.0998448 -0.0424013 0.3659487 204 216 232
-0.4579329 -0.2967089 0.0284425 204 216 232
0.4630236 -0.2435862 -0.0387946 204 216 232
0.3115731 0.2079884 -0.1706949 204 216 232
0.0626552 0.0461443 -0.3616328 204 216 232
-0.4334316 0.0252775 -0.1704622 204 216 232
-0.3788411 -0.2212946 0.2116886 204 216 232
-0.3572163 -0.1326369 -0.2506195 204 216 232
0.2425067 -0.2721195 -0.2789297 204 216 232
-0.1907851 -0.4369369 -0.1277903 204 216 232
-0.0333873 0.3165119 -0.0893769 204 216 232
-0.1296031 -0.3289068 0.2818793 204 216 232
0.0711279 -0.4789837 -0.0578788 204 216 232
0.2597941 -0.1767975 -0.3020169 204 216 232
0.1085934 0.0365586 -0.3676945 204 216 232
-0.2719936 -0.1105390 -0.3152032 204 216 232
-0.1780457 0.1411778 -0.2934275 204 216 232
-0.3163660 -0.2564480 0.2416237 204 216 232
-0.0783669 -0.0694737 -0.3672137 204 216 232
0.4274308 0.0725011 0.1399981 204 216 232
-0.4175109 0.1303112 0.1201505 204 216 232
0.0578827 0.2461094 -0.2089606 204 216 232
-0.4593621 -0.2556700 0.0737493 204 216 232
-0.2533077 0.0656115 0.2848119 204 216 232
-0.4286286 -0.0376727 0.2236874 204 216 232
-0.3850394 -0.2243688 0.2223966 204 216 232
0.4668753 0.0805636 0.0784632 204 216 232
-0.1633348 -0.2641197 0.3073128 204 216 232
-0.4952243 -0.2143867 -0.0729877 204 216 232
-0.0344459 0.1616654 0.3075056 204 216 232
0.4690225 -0.2750150 -0.0726551 204 216 232
0.0900674 -0.0398384 0.3741895 204 216 232
0.4872913 -0.0068928 0.0304641 204 216 232
-0.5063891 -0.0858102 0.0633951 204 216 232
0.3536839 0.0873502 -0.2329951 204 216 232
0.5211948 -0.0653257 0.0486216 204 216 232
0.2064156 0.0625485 -0.3286698 204 216 232
-0.0462295 -0.2593209 -0.3354570 204 216 232
-0.3215127 0.2396420 0.0564750 204 216 232
0.2575929 -0.3509564 0.2050840 204 216 232
-0.3410424 0.0337011 0.2489501 204 216 232
-0.4343323 -0.0953876 0.2034030 204 216 232
0.3234614 -0.3312234 -0.2043653 204 216 232
0.0149665 -0.1338993 0.3785264 204 216 232
-0.4344199 -0.3094942 -0.0387031 204 216 232
0.5157194 -0.0618856 -0.0674214 204 216 232
-0.3558305 -0.3049808 -0.1577161 204 216 232
0.1373283 0.3124900 0.0388944 204 216 232
-0.1290459 -0.0827466 0.3694725 204 216 232
-0.3027671 0.2176249 -0.1452014 204 216 232
-0.1317563 -0.0763603 0.3638501 204 216 232
-0.0601172 -0.1065803 0.3763930 204 216 232
0.4018199 -0.1983204 0.2113425 204 216 232
0.3827857 -0.3408881 -0.0952007 204 216 232
0.1536182 -0.1507864 -0.3549085 204 216 232
0.1346652 -0.0062278 -0.3474993 204 216 232
0.1533164 -0.0146653 0.3529948 204 216 232
-0.3651014 0.2027523 -0.0265529 204 216 232
-0.2207190 0.0714476 -0.3106694 204 216 232
0.0459340 -0.3788223 0.2602778 204 216 232
0.1646009 -0.1222712 -0.3550250 204 216 232
-0.3492678 0.0677003 0.2505364 204 216 232
-0.2486635 -0.0395413 -0.3201445 204 216 232
0.1402605 0.2958884 -0.1007996 204 216 232
0.0812342 0.3305965 -0.0239039 204 216 232
-0.1127260 -0.2002324 -0.3600564 204 216 232
-0.0737271 0.2389838 -0.2324092 204 216 232
-0.1020521 0.0601924 0.3456394 204 216 232
0.1882435 -0.0168746 0.3506855 204 216 232
-0.1692153 -0.2686128 -0.3136700 204 216 232
-0.0069265 -0.4648464 0.1348510 204 216 232
0.3336373 -0.2447917 0.2530738 204 216 232
-0.1217208 -0.2337967 0.3460925 204 216 232
0.4805042 0.0331392 -0.0171526 204 216 232
0.0782283 0.3162110 -0.0775767 204 216 232
-0.3920158 -0.3396424 0.1045495 204 216 232
-0.3551437 0.1225409 -0.1942033 204 216 232
-0.2563855 -0.0018275 -0.3244610 204 216 232
0.4308391 0.0842404 0.1555781 204 216 232
-0.4668156 0.0362493 -0.1288834 204 216 232
-0.3632391 -0.3252857 -0.1513076 204 216 232
-0.5011437 -0.1546236 0.0846125 204 216 232
0.1483381 0.2762624 -0.1146332 204 216 232
-0.1240527 -0.4763487 -0.0149600 204 216 232
-0.2501073 -0.1573636 0.3307412 204 216 232
0.5194017 -0.0661945 0.0726941 204 216 232
0.0429445 -0.2412338 0.3551604 204 216 232
0.4650688 0.0593444 0.0540018 204 216 232
-0.0251703 -0.0110259 0.3775041 204 216 232
0.1354547 -0.4749627 0.0395217 204 216 232
0.4224584 -0.3048741 -0.1089698 204 216 232
-0.1723862 -0.4119652 0.1582655 204 216 232
0.0480914 -0.3057058 -0.3149150 204 216 232
-0.4108407 -0.1871903 -0.2194432 204 216 232
-0.4693497 -0.0625648 -0.1501629 204 216 232
0.4451534 -0.1208461 0.1734828 204 216 232
0.1078206 0.2918328 -0.1672230 204 216 232
0.4763329 -0.0423232 0.1796455 204 216 232
-0.1445794 -0.1089500 0.3618094 204 216 232
0.0698384 -0.3433368 -0.2770488 204 216 232
-0.1537085 0.2504233 -0.1853255 204 216 232
0.4382160 -0.1500042 -0.2039272 204 216 232
-0.0636000 -0.4861492 0.0375969 204 216 232
-0.1027968 0.2213975 -0.2540967 204 216 232
-0.0455360 0.1869962 0.2780805 204 216 232
0.0150697 -0.0418996 -0.3757809 204 216 232
0.1807951 0.2120951 0.2238298 204 216 232
0.0438588 -0.4481130 0.1619988 204 216 232
0.1821742 0.3005685 0.0199435 204 216 232
0.4970123 0.0753004 -0.0158816 204 216 232
-0.0996449 0.2768022 -0.1757437 204 216 232
-0.4501371 -0.2299396 0.0588703 204 216 232
-0.4470590 -0.2532173 -0.0942851 204 216 232
-0.0443371 -0.4442846 0.1796961 204 216 232
-0.1810278 -0.3294233 0.2655454 204 216 232
-0.1345056 -0.2532074 -0.3327882 204 216 232
0.2412406 0.0738723 0.3044715 204 216 232
0.4333484 -0.1247568 -0.1981661 204 216 232
-0.2927636 -0.3677929 -0.1553473 204 216 232
0.2861083 0.2534065 0.0469113 204 216 232
0.4016655 0.1394899 0.1026544 204 216 232
-0.0625107 -0.4717187 0.0845402 204 216 232
0.4813512 -0.2157127 0.0757363 204 216 232
0.3284464 0.0924205 0.2414164 204 216 232
0.0142459 0.2050977 -0.2446246 204 216 232
-0.4045952 -0.0246167 -0.2274939 204 216 232
0.0441393 -0.4717600 -0.1106387 204 216 232
-0.4013363 -0.1945250 -0.2037789 204 216 232
-0.3212072 0.1924025 -0.1599471 204 216 232
0.3834780 0.1919140 -0.0233685 204 216 232
0.1397859 -0.2761586 -0.2946174 204 216 232
-0.2908120 -0.2812526 -0.2587065 204 216 232
-0.3220838 -0.4050988 -0.0072471 204 216 232
0.2330881 0.0333571 0.3254847 204 216 232
0.5126877 -0.0499611 0.0611250 204 216 232
-0.2472070 -0.2685296 -0.2844025 204 216 232
0.0883539 -0.2570585 0.3394220 204 216 232
-0.2251476 0.1110629 0.3085262 204 216 232
-0.2129605 0.2502408 -0.1578085 204 216 232
0.0471783 -0.2063057 -0.3670562 204 216 232
-0.2927575 -0.3820806 0.1497142 204 216 232
0.1861728 0.0090811 0.3540168 204 216 232
-0.4948382 -0.0968970 -0.1305985 204 216 232
-0.1725636 -0.0010367 -0.3345859 204 216 232
-0.2823341 -0.1124680 -0.3104884 204 216 232
0.0319799 -0.0495983 -0.3736111 204 216 232
0.3473946 0.1944975 -0.0908336 204 216 232
0.5016566 0.0127063 0.0752592 204 216 232
-0.0416598 -0.0796608 -0.3727323 204 216 232
-0.3141177 -0.2734109 0.2421049 204 216 232
0.3072252 -0.3081506 0.2006242 204 216 232
-0.2471936 -0.4041009 -0.1582073 204 216 232
-0.1606578 0.1211846 -0.2990998 204 216 232
0.4403335 -0.2985977 0.0807563 204 216 232
-0.4462970 -0.0513263 -0.2017971 204 216 232
-0.2036709 -0.0867434 0.3492762 204 216 232
-0.0033985 -0.4485056 0.1642484 204 216 232
0.0637929 -0.4685279 0.0764959 204 216 232
-0.1273689 0.1692758 -0.2955812 204 216 232
-0.1625778 0.2965337 -0.0690719 204 216 232
0.4204890 -0.1234180 0.2188494 204 216 232
-0.0864458 -0.2746832 -0.3434187 204 216 232
0.2469918 -0.0175476 -0.3177920 204 216 232
0.1155285 0.3069060 -0.1096890 204 216 232
0.3208357 -0.4036273 -0.0531448 204 216 232
0.4733393 -0.0542916 -0.1561755 204 216 232
-0.3111433 0.2069151 0.1749472 204 216 232
-0.3778248 -0.2519345 -0.2007227 204 216 232
-0.3330062 -0.2321970 0.2448118 204 216 232
0.4122783 0.0749008 0.1802206 204 216 232
0.2735446 -0.3890172 -0.1609786 204 216 232
-0.3418029 0.2308528 -0.0483149 204 216 232
0.4340383 -0.2664883 0.1056836 204 216 232
0.1032727 -0.1325379 0.3677430 204 216 232
0.3744326 0.1348867 0.1358715 204 216 232
-0.4350515 -0.3108974 -0.0787562 204 216 232
0.2029526 -0.2238642 0.3295116 204 216 232
0.3519911 -0.2743318 0.2265963 204 216 232
0.4129221 0.1428276 -0.1394433 204 216 232
-0.0564906 0.1695212 0.2984905 204 216 232
-0.2598580 0.1536645 -0.2568932 204 216 232
-0.2138565 0.1875761 -0.2601258 204 216 232
-0.1353249 -0.1086164 -0.3697862 204 216 232
0.4632320 -0.2442158 -0.0775253 204 216 232
-0.2168922 0.2169774 -0.2036296 204 216 232
0.4239445 0.1203577 -0.0944237 204 216 232
-0.2501608 0.1632060 -0.2437974 204 216 232
-0.1921385 0.1199867 -0.2966313 204 216 232
0.2706215 -0.2153157 -0.2918113 204 216 232
0.2221459 -0.2585951 -0.2971152 204 216 232
-0.1647424 -0.0093257 -0.3620156 204 216 232
0.1389329 -0.4709366 0.0693030 204 216 232
-0.2843265 -0.4204765 0.0060168 204 216 232
0.1475423 -0.1825487 0.3544225 204 216 232
0.0217468 0.3133044 0.1169836 204 216 232
0.2673975 -0.0513668 -0.3264045 204 216 232
0.1651657 -0.1414720 0.3542123 204 216 232
-0.2457361 0.0990490 -0.3061205 204 216 232
-0.2121328 0.1047667 0.2963905 204 216 232
-0.0336950 -0.4676084 0.1272209 204 216 232
0.4948480 -0.2105500 0.0313336 204 216 232
0.0317180 -0.3751199 0.2507566 204 216 232
-0.1483249 0.1680624 -0.2917137 204 216 232
0.3104461 0.2481145 0.0196883 204 216 232
0.4567171 -0.2035374 0.1428373 204 216 232
0.3740539 -0.3123482 0.1808025 204 216 232
0.3237142 -0.3919360 0.0769233 204 216 232
0.1060538 -0.4107284 0.2033191 204 216 232
0.1795242 0.1982298 -0.2445901 204 216 232
0.0929177 0.0183876 -0.3671852 204 216 232
-0.4571655 0.0079804 -0.1239526 204 216 232
-0.5164615 -0.1178661 0.0044745 204 216 232
0.3896711 0.1742890 -0.1162669 204 216 232
0.1551441 0.2785969 0.1335653 204 216 232
-0.4091733 0.1163091 0.1298066 204 216 232
-0.3649811 0.2050932 -0.0422329 204 216 232
-0.4757118 0.0332020 -0.0650319 204 216 232
-0.4353832 -0.0943982 -0.2052046 204 216 232
0.0506578 0.2933127 -0.1409926 204 216 232
-0.2043424 0.1574495 0.2663105 204 216 232
0.2697523 -0.3849532 0.1683210 204 216 232
-0.2677766 -0.3518693 -0.1878808 204 216 232
-0.1171714 0.0686044 0.3409000 204 216 232
0.1717549 0.0742801 -0.3243691 204 216 232
-0.1561601 0.2791354 0.1556282 204 216 232
-0.1855628 0.2297953 -0.1990573 204 216 232
0.1771871 -0.1169387 0.3575310 204 216 232
0.4891202 0.0201954 -0.0708191 204 216 232
-0.5235404 -0.0961788 -0.0296608 204 216 232
-0.3457295 0.2040847 0.1138509 204 216 232
-0.1675968 0.1647706 0.2708578 204 216 232
-0.3223406 -0.0780248 -0.2996573 204 216 232
-0.3001381 0.2186251 -0.1425115 204 216 232
-0.5052369 -0.0626810 -0.0678073 204 216 232
0.1494386 -0.1424274 -0.3719122 204 216 232
0.3063631 -0.3035848 0.2281574 204 216 232
-0.4614746 -0.1941071 0.1602649 204 216 232
-0.1437206 0.0882389 0.3318211 204 216 232
-0.3197403 -0.3170238 -0.2106742 204 216 232
0.2744617 -0.0275615 0.3297279 204 216 232
0.3783696 0.1535931 -0.1510538 204 216 232
-0.1476945 0.3170131 -0.0252297 204 216 232
0.1821048 0.1980475 0.2232924 204 216 232
-0.2773933 -0.1667002 0.3233322 204 216 232
0.3958281 0.1168573 -0.1703755 204 216 232
0.3851940 -0.3207316 0.1405901 204 216 232
0.3895627 0.1956646 -0.0213723 204 216 232
-0.5307092 -0.0508573 -0.0472304 204 216 232
0.0725662 0.0621941 -0.3658755 204 216 232
-0.2524935 -0.4145724 -0.0944454 204 216 232
-0.3544536 -0.1146351 -0.2738540 204 216 232
-0.4814452 -0.0878941 -0.1316609 204 216 232
0.2893427 0.2104781 0.1658223 204 216 232
-0.4957342 -0.0162347 0.0860661 204 216 232
-0.4635950 -0.0408907 0.1568545 204 216 232
0.2805189 -0.3731463 -0.1623714 204 216 232
0.3019098 0.1912001 -0.1683113 204 216 232
0.3064562 0.1150414 -0.2456056 204 216 232
-0.2997847 0.1204047 -0.2550950 204 216 232
-0.0202576 -0.2054236 -0.3615424 204 216 232
-0.2026411 -0.0850490 0.3539654 204 216 232
-0.0524901 0.2241464 -0.2658858 204 216 232
-0.3699194 0.1860555 0.1004696 204 216 232
-0.1803429 0.1710208 0.2766448 204 216 232
0.0215445 -0.0081220 -0.3830023 204 216 232
-0.2341163 -0.2172239 -0.3115975 204 216 232
-0.3084911 0.0231957 -0.3054346 204 216 232
0.2662882 -0.4005221 0.1461581 204 216 232
0.4727288 -0.2198355 -0.0840398 204 216 232
-0.2499151 0.1662623 0.2289478 204 216 232
-0.1249547 0.3218690 0.0053979 204 216 232
0.4381199 -0.0938363 0.1816939 204 216 232
0.1068132 0.3024579 -0.0858075 204 216 232
-0.4651214 0.0063105 -0.1356473 204 216 232
-0.1630547 -0.2224366 0.3394552 204 216 232
-0.0272446 0.2267715 0.2499396 204 216 232
0.1820756 -0.3556436 -0.2530022 204 216 232
-0.4242261 -0.3305085 0.0225437 204 216 232
0.1721017 -0.4653039 -0.0298193 204 216 232
0.3872185 0.1644772 -0.1274643 204 216 232
0.4248156 0.1282921 0.0635393 204 216 232
0.3299585 0.2287991 0.0609807 204 216 232
0.2676637 0.2566070 0.0705947 204 216 232
-0.3169235 0.2570942 -0.0182397 204 216 232
-0.4751318 -0.0476684 0.1389790 204 216 232
-0.1106863 -0.1733659 0.3583849 204 216 232
-0.3905334 0.1670226 -0.0062109 204 216 232
-0.2082151 -0.4673864 0.0309108 204 216 232
0.3845546 -0.2632227 0.1810735 204 216 232
-0.4557907 -0.2301719 0.0533473 204 216 232
-0.3050649 0.2300493 -0.1426838 204 216 232
-0.1247279 -0.1494116 0.3569464 204 216 232
0.3255713 0.2268080 0.0363771 204 216 232
-0.4213310 -0.0883605 -0.2492299 204 216 232
0.3953269 0.1327784 0.1367178 204 216 232
-0.3693535 0.2073915 -0.0512356 204 216 232
-0.3593498 -0.2531048 -0.2479024 204 216 232
-0.1036683 -0.1179096 -0.3692281 204 216 232
-0.0668276 -0.3227844 0.3133149 204 216 232
0.1521816 -0.3332794 0.2803174 204 216 232
-0.3104380 -0.3945629 0.1059792 204 216 232
0.0737858 0.1193812 0.3351368 204 216 232
0.5163172 -0.1180201 0.0006868 204 216 232
0.2497530 -0.3637624 0.2019458 204 216 232
-0.2556433 -0.0514775 0.3335876 204 216 232
-0.3336203 0.2127275 -0.1086996 204 216 232
0.2441937 -0.4250596 0.0678341 204 216 232
-0.4659414 -0.2046859 -0.1328910 204 216 232
-0.1469498 -0.4576254 0.0769746 204 216 232
0.0699542 0.1158989 -0.3367091 204 216 232
-0.3486968 0.1817501 0.1785079 204 216 232
-0.0429551 -0.4302598 -0.2165045 204 216 232
0.3985526 -0.1954211 0.2286518 204 216 232
-0.4349075 0.0244446 -0.2051454 204 216 232
0.3938581 0.0174639 0.2395373 204 216 232
0.0338184 -0.4202356 -0.1890728 204 216 232
-0.3007131 0.0622672 -0.2785243 204 216 232
0.2338923 0.2679876 0.1162632 204 216 232
0.2436567 -0.1498481 -0.3118359 204 216 232
0.2454752 0.2715983 -0.1245077 204 216 232
-0.1766593 0.3040123 -0.0560612 204 216 232
-0.2773644 -0.3189282 0.2254352 204 216 232
0.0495500 -0.4354814 -0.1713158 204 216 232
-0.1350789 -0.0928898 0.3657360 204 216 232
0.4523194 -0.0755972 0.1900276 204 216 232
-0.3600668 0.1874004 0.0874162 204 216 232
0.2705701 -0.0132658 -0.3284715 204 216 232
-0.2565190 -0.4248743 -0.0551610 204 216 232
0.2652982 0.2672404 0.0131657 204 216 232
0.4135966 -0.1839217 0.2169983 204 216 232
-0.5240529 -0.0298850 0.0184086 204 216 232
0.4255373 -0.1103104 0.2068322 204 216 232
-0.2363370 -0.3823638 0.2004038 204 216 232
0.2956085 -0.1306265 0.3061013 204 216 232
-0.5073395 -0.1232027 -0.0894181 204 216 232
0.4006428 -0.2066445 0.1931280 204 216 232
0.2051375 0.2627931 0.1738732 204 216 232
-0.3006214 0.2553826 -0.0217573 204 216 232
-0.0380824 -0.4664512 -0.1265457 204 216 232
-0.0606379 -0.2806895 0.3259220 204 216 232
0.0506077 -0.4051640 -0.2149747 204 216 232
0.1510053 -0.3543608 -0.2532051 204 216 232
-0.2903948 0.1041540 -0.2702194 204 216 232
0.0821860 -0.4770596 -0.0814845 204 216 232
-0.1063490 0.3007485 0.1343903 204 216 232
-0.2662845 -0.4329797 -0.0824466 204 216 232
-0.1403827 -0.0048139 0.3563573 204 216 232
0.3381778 -0.2129461 0.2640075 204 216 232
-0.1803174 -0.1871585 0.3418455 204 216 232
0.3934603 -0.3287582 -0.0639307 204 216 232
-0.3828526 -0.3336178 0.1082661 204 216 232
-0.2653889 0.2837449 -0.0505543 204 216 232
0.0030778 0.2237732 -0.2583844 204 216 232
-0.4511353 -0.2829145 -0.0586436 204 216 232
0.3855417 0.1478901 -0.1271660 204 216 232
-0.1394441 0.2814249 0.1520828 204 216 232
0.1118521 0.2719497 -0.1712985 204 216 232
0.2829386 0.1500269 0.2269049 204 216 232
0.4806972 -0.1432503 0.1074049 204 216 232
-0.1997718 -0.1736540 0.3355209 204 216 232
-0.0992622 -0.0474847 -0.3745097 204 216 232
0.5084625 -0.0116227 0.0369260 204 216 232
0.3772818 0.1476872 -0.1782357 204 216 232
0.4959297 0.0437552 0.0499070 204 216 232
0.0151773 0.2920117 0.1468302 204 216 232
0.4396640 0.1214088 0.0952498 204 216 232
0.3168484 -0.4165998 -0.0470787 204 216 232
0.5115994 -0.1001633 0.0238465 204 216 232
-0.0095734 -0.3275492 -0.3136735 204 216 232
-0.1379643 0.2857211 0.0956868 204 216 232
-0.3700345 0.0682006 0.2262932 204 216 232
-0.2722307 0.1864769 -0.2043098 204 216 232
-0.1570495 0.2082425 -0.2461541 204 216 232
-0.2484995 0.1455067 0.2642904 204 216 232
-0.0891199 -0.3214605 -0.2876523 204 216 232
0.0968943 -0.3481998 -0.2755642 204 216 232
-0.3062758 0.1619486 -0.2166698 204 216 232
-0.1674126 0.2942747 0.1164327 204 216 232
-0.0991562 -0.4512255 -0.1377729 204 216 232
0.0943013 -0.2274092 0.3623106 204 216 232
0.2168395 0.2808783 0.0413391 204 216 232
0.4569152 0.0915959 -0.0763258 204 216 232
0.2959547 0.0143200 -0.3096985 204 216 232
-0.2778017 -0.4054004 0.1328771 204 216 232
-0.1155548 -0.4830752 0.0462264 204 216 232
0.0124110 0.0558363 0.3581656 204 216 232
-0.3643869 -0.2253821 0.2343937 204 216 232
0.1964666 0.0024875 0.3417131 204 216 232
-0.4812318 0.0771053 -0.0286504 204 216 232
0.4499412 -0.1892899 -0.1610229 204 216 232
-0.1417789 0.2662381 -0.1694288 204 216 232
-0.1940634 0.2918083 0.1019453 204 216 232
-0.0699137 -0.4474393 0.1325030 204 216 232
-0.5218454 -0.1489774 0.0178929 204 216 232
-0.3538425 0.2281174 -0.0243796 204 216 232
0.1814420 0.2200005 -0.2227211 204 216 232
-0.2054788 -0.3786945 0.2038587 204 216 232
-0.4536674 -0.1234281 0.1858745 204 216 232
0.3023278 -0.3531376 0.1607327 204 216 232
-0.4824151 -0.1320542 0.1416287 204 216 232
-0.3884767 -0.0691269 -0.2603628 204 216 232
-0.2571843 -0.4379891 -0.0554200 204 216 232
-0.0448569 -0.4808945 0.0058090 204 216 232
-0.5135912 -0.0894730 0.0968733 204 216 232
-0.4891506 -0.2438046 0.0703914 204 216 232
-0.1212267 0.2812739 0.1767834 204 216 232
0.0227466 -0.1344984 -0.3725878 204 216 232
-0.4487444 -0.2675546 -0.0112954 204 216 232
-0.1755098 -0.1162885 0.3666392 204 216 232
-0.2805675 0.0362271 -0.3215585 204 216 232
-0.1415652 -0.0867070 -0.3686799 204 216 232
-0.2490823 -0.3729044 -0.1801207 204 216 232
-0.2507830 -0.4235306 0.0386074 204 216 232
0.5139761 -0.2120017 0.0257173 204 216 232
-0.1402258 -0.1315511 0.3622970 204 216 232
-0.3042493 0.0350329 -0.2967233 204 216 232
-0.0764223 -0.1654716 0.3689674 204 216 232
-0.0083427 -0.4782239 -0.0737781 204 216 232
-0.0946441 0.3211554 -0.0162223 204 216 232
0.1111021 -0.0087343 0.3615209 204 216 232
-0.4537970 -0.0269953 -0.1670627 204 216 232
0.4710895 -0.2079458 0.1155384 204 216 232
0.4146455 -0.1787192 -0.2128126 204 216 232
-0.2061121 -0.3536243 0.2467442 204 216 232
-0.1373236 -0.4736119 0.0282975 204 216 232
-0.4311640 -0.1810238 -0.2273205 204 216 232
-0.3634761 0.1953473 -0.0325631 204 216 232
0.2125396 -0.3350153 -0.2483546 204 216 232
0.2614021 -0.1170442 -0.3270137 204 216 232
0.2991314 0.2430324 -0.0792669 204 216 232
0.3346894 0.0893324 0.2526941 204 216 232
0.0141073 -0.2967845 -0.3243314 204 216 232
0.3745864 -0.3015719 -0.1764590 204 216 232
0.4393249 0.1099777 0.1202438 204 216 232
-0.0104416 -0.3989856 0.2323568 204 216 232
-0.0890439 -0.4347667 0.1761431 204 216 232
-0.4025858 0.1682209 0.0642848 204 216 232
-0.1241516 0.1078182 -0.3366565 204 216 232
-0.2708484 0.0253162 -0.3085304 204 216 232
-0.2750753 0.2326610 -0.1616871 204 216 232
0.1181361 -0.3907785 0.2616669 204 216 232
0.3411613 0.0701482 -0.2385112 204 216 232
-0.5116940 -0.1280870 -0.0310931 204 216 232
0.0075736 -0.4028487 0.2326311 204 216 232
-0.3118886 -0.0497846 0.3029457 204 216 232
0.1100523 0.2366543 -0.2248582 204 216 232
0.2675811 0.0940000 -0.2801486 204 216 232
0.1793267 -0.2735943 -0.2980380 204 216 232
0.0863665 0.2866273 0.1404848 204 216 232
-0.2851923 0.2227654 -0.1329889 204 216 232
0.4198796 0.0769363 0.1525058 204 216 232
0.0714869 0.2760477 -0.1913646 204 216 232
0.3526379 -0.0981293 -0.2820217 204 216 232
0.1535603 0.1089401 -0.3143456 204 216 232
-0.0084724 0.3105826 -0.0947501 204 216 232
-0.2471402 0.2460125 0.1378357 204 216 232
0.0754212 -0.3499171 -0.2844535 204 216 232
0.0734218 -0.0363240 0.3737911 204 216 232
-0.0614921 0.2913203 0.1112692 204 216 232
0.1616769 0.2787587 -0.1385612 204 216 232
0.4910586 -0.0495925 -0.1066122 204 216 232
-0.4175116 0.0255599 0.1927594 204 216 232
-0.3508301 -0.0992797 -0.2761886 204 216 232
-0.0156514 0.1606675 0.3100428 204 216 232
0.3351569 -0.1011323 0.2894230 204 216 232
-0.4035308 0.1079850 -0.1712694 204 216 232
-0.1335075 -0.1686756 0.3546580 204 216 232
0.0102466 0.2623714 -0.2196072 204 216 232
0.1777103 -0.3972418 0.2013486 204 216 232
0.5012739 -0.1509785 -0.0207274 204 216 232
-0.4031102 0.0388305 0.1913573 204 216 232
0.4967514 -0.0042954 -0.0207022 204 216 232
-0.2259451 0.2866061 -0.0544231 204 216 232
0.1339942 -0.3946101 -0.2196951 204 216 232
0.2420610 0.1998593 0.2151737 204 216 232
-0.0241444 -0.0315497 0.3929091 204 216 232
-0.4481344 0.0962853 -0.1220592 204 216 232
0.1732159 0.0190690 0.3429186 204 216 232
0.1066992 -0.4070637 -0.1986367 204 216 232
-0.3135334 0.2394235 0.0704099 204 216 232
0.1335190 -0.3194602 0.2902333 204 216 232
0.3950038 -0.1416778 0.2287969 204 216 232
-0.1156783 0.3032833 -0.1383850 204 216 232
0.3466744 0.2130232 -0.0509328 204 216 232
0.4944314 0.0363739 -0.0474864 204 216 232
0.0573619 0.2364857 0.2230073 204 216 232
-0.4059865 -0.3178569 -0.1174219 204 216 232
-0.3302746 0.0714014 0.2597969 204 216 232
-0.1560097 -0.0914339 -0.3642223 204 216 232
-0.4781651 0.0367424 0.1068659 204 216 232
-0.1147139 -0.4835331 0.0297390 204 216 232
0.4827880 -0.1117826 0.0850909 204 216 232
0.2603104 -0.1056021 0.3282480 204 216 232
-0.1947900 -0.0948852 0.3395888 204 216 232
0.2624440 -0.4150048 -0.0835974 204 216 232
0.3081582 0.1065276 0.2647699 204 216 232
0.1108540 0.2607415 -0.1939127 204 216 232
0.0796913 -0.3539586 -0.2802644 204 216 232
-0.3334298 -0.4024009 -0.0339035 204 216 232
-0.4704969 -0.2053994 -0.1154716 204 216 232
-0.4713403 -0.0604083 0.1459314 204 216 232
0.0111166 -0.3522777 0.3000933 204 216 232
-0.4480009 -0.2881581 -0.0467665 204 216 232
-0.5054631 -0.1779332 0.0477177 204 216 232
0.2833306 0.2180252 0.1530085 204 216 232
-0.3163382 0.2387167 0.0820433 204 216 232
-0.3449836 0.1872447 -0.1375891 204 216 232
0.5056303 0.0321209 -0.0386758 204 216 232
0.2570804 0.2474362 -0.1418167 204 216 232
-0.2985396 -0.2920354 -0.2446223 204 216 232
-0.3514998 -0.1856171 -0.2623948 204 216 232
-0.0263287 -0.4291569 -0.2136504 204 216 232
-0.3374832 -0.2031118 0.2659933 204 216 232
-0.2334655 -0.0144725 -0.3270549 204 216 232
0.3176694 -0.1941692 0.2866746 204 216 232
-0.3126344 -0.3971408 0.1037610 204 216 232
0.4914706 0.0752814 0.0410282 204 216 232
0.4706908 -0.2192022 -0.1231993 204 216 232
-0.2680058 0.2248919 -0.1698411 204 216 232
-0.3097228 -0.1175836 0.3056161 204 216 232
-0.0274465 0.2986622 -0.1129771 204 216 232
0.2010601 -0.4455820 -0.0402381 204 216 232
-0.3040931 -0.3557610 0.1418283 204 216 232
0.3437525 0.0085464 -0.2727553 204 216 232
-0.5003235 0.0727674 0.0337851 204 216 232
0.0673105 0.3033563 -0.1362610 204 216 232
0.3603453 -0.1568730 -0.2565664 204 216 232
-0.4462800 -0.2288442 0.1221401 204 216 232
-0.3141518 -0.3532655 0.1489379 204 216 232
0.1536633 0.2892810 0.1210604 204 216 232
-0.3899546 0.0631369 -0.2275683 204 216 232
0.0837245 -0.4843982 0.0886011 204 216 232
0.0384509 -0.3005698 -0.3163870 204 216 232
0.3034420 -0.2499774 -0.2588731 204 216 232
0.2789861 -0.1949916 -0.2950843 204 216 232
0.0116182 -0.4833021 0.0419303 204 216 232
-0.2150366 -0.3826022 -0.1980999 204 216 232
0.4862321 -0.1616482 0.1420838 204 216 232
0.4664785 -0.2072249 -0.1134042 204 216 232
0.3302756 0.1302762 0.2125930 204 216 232
0.1469328 0.2928029 -0.1392969 204 216 232
0.0563951 0.0762283 -0.3494716 204 216 232
0.3318788 -0.3262896 0.1888682 204 216 232
-0.2682337 0.2017196 -0.1885634 204 216 232
0.4633624 -0.0227706 0.1626522 204 216 232
0.5131394 -0.1850703 -0.0292353 204 216 232
0.0745200 0.0560574 0.3658524 204 216 232
0.0652161 0.0020434 -0.3558254 204 216 232
-0.0942949 -0.4218667 -0.2322374 204 216 232
-0.0848476 -0.4655095 0.1208466 204 216 232
0.0862288 -0.2068006 0.3504408 204 216 232
0.3841816 -0.2606529 0.1859069 204 216 232
-0.5160695 -0.0434025 0.1352814 204 216 232
0.0184231 0.3161935 0.0116228 204 216 232
-0.3739564 -0.2925964 -0.1651548 204 216 232
-0.2951528 0.1242583 -0.2219014 204 216 232
0.3424472 -0.2909195 0.1978332 204 216 232
-0.0116010 -0.2479184 -0.3450525 204 216 232
-0.4407078 -0.2760047 -0.0825751 204 216 232
-0.0471184 -0.1983993 0.3605976 204 216 232
0.2486381 0.2445447 -0.1267342 204 216 232
0.2379201 0.2758503 -0.0354254 204 216 232
-0.2734232 -0.0069929 0.3123703 204 216 232
-0.3391709 0.2022241 0.1037546 204 216 232
0.3767888 -0.3597811 -0.0554177 204 216 232
-0.1255517 -0.4317128 -0.1603304 204 216 232
0.4027624 0.1829402 -0.0554925 204 216 232
-0.0352345 -0.0159884 0.3645743 204 216 232
0.1211419 0.3159725 0.0635778 204 216 232
-0.2466899 0.2807691 -0.0316763 204 216 232
-0.3690929 0.1501636 0.1628877 204 216 232
0.0829895 0.3110958 -0.0254991 204 216 232
0.1291187 -0.4858515 -0.0220339 204 216 232
0.3653691 0.0811036 -0.2293499 204 216 232
0.0738230 0.2244020 -0.2620414 204 216 232
-0.1334017 -0.3490265 -0.2809826 204 216 232
0.2250421 -0.4535939 -0.0300972 204 216 232
0.4718055 0.0002297 -0.1449510 204 216 232
-0.4787437 -0.0690062 -0.1766248 204 216 232
0.2190819 -0.0009885 -0.3460162 204 216 232
0.5025691 -0.2197561 0.0630825 204 216 232
0.1228352 0.2752886 -0.1856172 204 216 232
0.4444291 -0.1969027 0.1645131 204 216 232
0.0096491 -0.0490668 0.3743632 204 216 232
-0.4596530 -0.0557365 -0.1462821 204 216 232
0.3478335 0.1864272 -0.1444507 204 216 232
-0.5024007 0.0287813 0.0453519 204 216 232
-0.3001489 0.1428275 0.2269852 204 216 232
-0.3445663 0.0828822 0.2519577 204 216 232
-0.1088566 -0.0313467 -0.3800180 204 216 232
-0.2519455 0.0568774 0.3058096 204 216 232
-0.3666761 -0.2047894 0.2356294 204 216 232
-0.0907941 0.2408006 0.2182409 204 216 232
-0.0119449 0.3263688 -0.0190641 204 216 232
0.1384861 -0.0147695 0.3657307 204 216 232
-0.3936323 0.1310204 -0.1602977 204 216 232
0.3619709 -0.3641578 0.0850667 204 216 232
0.0218416 -0.4805260 0.0456423 204 216 232
-0.0819476 0.3088086 -0.0964113 204 216 232
0.4875557 -0.0895194 0.1375984 204 216 232
0.4094197 -0.0119442 0.2153330 204 216 232
0.1158754 -0.3149695 0.3069948 204 216 232
0.0017243 -0.1910275 -0.3662436 204 216 232
-0.1886528 -0.3382581 -0.2540261 204 216 232
-0.1549833 -0.0398886 -0.3620996 204 216 232
-0.4563750 -0.0137449 0.1963618 204 216 232
-0.3876355 -0.0953274 0.2539340 204 216 232
-0.1486136 -0.0962403 0.3659198 204 216 232
0.2480773 0.0390961 0.3064251 204 216 232
0.2066837 -0.4377247 -0.0925004 204 216 232
-0.0898789 -0.1034382 -0.3746268 204 216 232
-0.1732662 -0.4675231 -0.0235102 204 216 232
0.1223001 0.3086646 -0.1036319 204 216 232
-0.2542172 0.2706677 -0.1011620 204 216 232
0.1120499 0.0628094 -0.3486869 204 216 232
-0.4036504 -0.0280918 0.2573107 204 216 232
-0.3824423 -0.2901853 -0.1586732 204 216 232
0.0789075 -0.0343890 -0.3714477 204 216 232
0.2389730 -0.2604684 0.2832181 204 216 232
-0.2715239 -0.4254938 -0.0479820 204 216 232
-0.1142969 0.1838275 -0.2782811 204 216 232
-0.1979509 0.2366953 -0.1998978 204 216 232
0.3511866 -0.0541136 0.3014435 204 216 232
0.0854218 -0.1157438 -0.3679194 204 216 232
0.1357903 0.1508949 -0.2887191 204 216 232
0.3286566 -0.2787410 0.2148361 204 216 232
0.2537242 -0.4170611 -0.1028965 204 216 232
-0.4188174 -0.1221963 -0.2125250 204 216 232
-0.0458903 0.2896575 0.1599913 204 216 232
0.2597198 -0.4175175 0.0736411 204 216 232
0.0786631 0.0320986 0.3425095 204 216 232
-0.4806333 0.0843977 -0.0290171 204 216 232
0.1734314 0.2969803 -0.0574181 204 216 232
-0.2013805 0.1571963 0.2694908 204 216 232
-0.2670119 -0.4310428 0.0194630 204 216 232
0.3555872 -0.0844491 0.2707965 204 216 232
-0.0699656 -0.3328883 -0.2774954 204 216 232
-0.4433412 -0.1063305 0.1936296 204 216 232
0.1976131 0.1880954 -0.2467109 204 216 232
0.2732611 0.2489695 -0.0557445 204 216 232
0.4211231 0.1516184 0.0088214 204 216 232
0.3971110 0.1693594 0.1113738 204 216 232
0.1429598 -0.2798369 -0.3146032 204 216 232
-0.3838257 -0.3596154 -0.0283915 204 216 232
-0.1821123 0.0499144 -0.3293399 204 216 232
-0.0804690 -0.1732416 0.3630623 204 216 232
-0.4545442 -0.0837278 0.2031069 204 216 232
0.1352759 -0.3830244 -0.2226401 204 216 232
0.2349456 -0.0455952 -0.3370486 204 216 232
0.3897993 0.1478403 0.1255394 204 216 232
0.1239004 0.0130770 0.3598213 204 216 232
-0.5148432 -0.0967356 -0.0179508 204 216 232
0.0083546 -0.0425245 -0.3903898 204 216 232
0.3217706 -0.2552421 0.2450733 204 216 232
-0.2529358 0.1751698 -0.2372635 204 216 232
-0.4280848 -0.0243146 -0.2153047 204 216 232
0.4903872 -0.0127492 0.1051610 204 216 232
0.3182804 0.1034348 -0.2604698 204 216 232
0.3847913 0.0458038 0.2399678 204 216 232
-0.4787740 -0.1982191 0.0840981 204 216 232
0.0628150 0.0819371 0.3385307 204 216 232
-0.2518717 -0.3580365 -0.1943401 204 216 232
-0.0478448 0.1381649 0.3295220 204 216 232
-0.2990401 0.2428462 0.0565677 204 216 232
-0.1678294 0.2732610 0.1392962 204 216 232
0.1623085 0.0025396 0.3446195 204 216 232
0.3560257 -0.2627532 0.2342653 204 216 232
0.1910910 -0.3584772 0.2396114 204 216 232
0.4924935 -0.1115839 0.0880278 204 216 232
-0.0477898 0.1680619 -0.3074399 204 216 232
-0.5119032 -0.0073948 0.0262784 204 216 232
-0.4811589 -0.1403682 0.0992288 204 216 232
-0.3630747 0.1861089 0.1240475 204 216 232
0.3942257 -0.0609041 0.2495662 204 216 232
-0.4195531 -0.0619980 0.2163606 204 216 232
-0.4997256 -0.0724026 -0.1175356 204 216 232
-0.0910732 -0.4553455 0.1221967 204 216 232
-0.1184820 0.2521517 0.1878037 204 216 232
-0.1904682 -0.1949326 -0.3354192 204 216 232
0.0948624 -0.4661337 -0.0949199 204 216 232
0.2010885 0.1895226 -0.2453913 204 216 232
0.3458242 0.1746235 0.1421349 204 216 232
0.0476186 -0.2714704 0.3461583 204 216 232
-0.2584132 -0.2193402 0.2964444 204 216 232
-0.1345982 -0.0151826 0.3635555 204 216 232
0.4770431 0.0291781 -0.1052079 204 216 232
-0.2450748 -0.0754649 0.3420899 204 216 232
-0.2638853 -0.3713534 0.1800016 204 216 232
-0.1546932 0.0177348 0.3477444 204 216 232
-0.0691406 0.0941441 0.3446462 204 216 232
0.4167796 -0.1438211 0.2225313 204 216 232
0.4141721 0.1675143 -0.0529432 204 216 232
-0.3865422 -0.3559986 -0.0692657 204 216 232
0.2994834 0.0633072 -0.2940648 204 216 232
-0.2231562 -0.4416781 0.0441215 204 216 232
-0.1947876 -0.2072945 0.3327444 204 216 232
-0.1478026 -0.0726956 0.3731470 204 216 232
0.2330544 -0.3240058 -0.2602586 204 216 232
0.4366539 0.1077340 0.1031716 204 216 232
-0.0963972 0.0977104 -0.3380296 204 216 232
-0.4007042 0.1167425 -0.1204115 204 216 232
-0.1850033 -0.4507298 -0.0644108 204 216 232
-0.4405763 -0.2101859 -0.1509678 204 216 232
0.0345769 -0.2645801 0.3387802 204 216 232
0.4416994 0.0975358 0.0983720 204 216 232
0.4167471 0.0495211 -0.1856348 204 216 232
0.1000308 0.2190806 0.2514507 204 216 232
-0.4033565 0.1756624 -0.0732811 204 216 232
-0.2919232 0.2515891 -0.1079640 204 216 232
0.1276948 -0.4417751 -0.1811652 204 216 232
-0.4803326 0.0343200 0.1411674 204 216 232
0.0673253 -0.2166014 0.3482088 204 216 232
0.0594351 -0.4019278 -0.2400070 204 216 232
0.2720624 -0.4086387 0.1010684 204 216 232
-0.3497013 0.1922940 -0.1156901 204 216 232
0.0074948 -0.1214421 0.3787483 204 216 232
-0.0641477 -0.4278298 0.2031934 204 216 232
0.5165122 0.0072314 0.0189510 204 216 232
-0.1375540 0.1683275 -0.2677068 204 216 232
-0.3228708 0.0340244 -0.2854897 204 216 232
0.0104263 -0.4680471 -0.0709036 204 216 232
-0.0155102 -0.4444128 0.1779033 204 216 232
0.1263212 0.2287237 -0.2186540 204 216 232
0.3399525 -0.0547592 0.2894224 204 216 232
-0.0423007 -0.2741894 0.3273220 204 216 232
0.4022306 -0.0748165 0.2421256 204 216 232
-0.1200493 -0.4400160 0.1593969 204 216 232
-0.2350259 -0.4559495 -0.0092378 204 216 232
0.0641380 0.2850138 -0.1584474 204 216 232
0.1965770 0.2392788 -0.2120699 204 216 232
-0.3347197 0.0782556 0.2628839 204 216 232
-0.3236665 0.2296504 0.0429675 204 216 232
-0.5146316 -0.1539578 -0.0766716 204 216 232
0.3360825 -0.3428316 -0.1301410 204 216 232
-0.0398375 -0.4824774 -0.0321410 204 216 232
-0.4211778 -0.2683270 0.1396264 204 216 232
-0.2842647 0.2610385 -0.0039321 204 216 232
0.4263577 0.0542763 0.1793959 204 216 232
0.1705011 -0.2331005 -0.3262064 204 216 232
-0.2679376 0.2104912 -0.1805972 204 216 232
0.3221959 0.2298568 0.0786976 204 216 232
0.2165869 -0.3244235 -0.2627130 204 216 232
-0.1349478 0.1714336 0.2810484 204 216 232
0.0106171 -0.4747875 -0.0789473 204 216 232
0.0420940 0.2564610 -0.2196601 204 216 232
0.0317084 0.1579665 0.3038269 204 216 232
-0.1026999 -0.2812359 0.3186515 204 216 232
-0.3204633 -0.2822935 -0.2397059 204 216 232
-0.0678805 -0.4886510 -0.0724341 204 216 232
0.0619373 -0.4103105 0.2142244 204 216 232
-0.1031832 0.3057914 -0.0865998 204 216 232
0.4216502 0.1305011 -0.1064210 204 216 232
0.1464885 -0.2576282 -0.3186914 204 216 232
0.3200750 -0.3850915 -0.0924427 204 216 232
-0.4162934 0.1309769 0.1305213 204 216 232
0.4483751 -0.2107093 -0.1391233 204 216 232
0.3880270 0.2055889 -0.0227377 204 216 232
-0.1481533 -0.4650598 -0.0089523 204 216 232
-0.3437604 -0.3662457 -0.0518566 204 216 232
0.1720864 0.2730182 -0.1707257 204 216 232
-0.2764382 0.2641134 -0.0948537 204 216 232
0.0328081 -0.2006624 -0.3629271 204 216 232
-0.1636756 -0.4648857 0.0615170 204 216 232
-0.4097394 0.0938069 0.1567169 204 216 232
0.2401996 0.2869318 0.0503019 204 216 232
0.4586141 0.0372110 -0.1303407 204 216 232
-0.0787998 -0.2545259 0.3407654 204 216 232
0.0067255 -0.4161669 -0.2239175 204 216 232
0.4465387 -0.3182547 0.0653652 204 216 232
0.3656306 0.1274145 0.1786170 204 216 232
0.0479856 -0.1922126 0.3633105 204 216 232
0.1417774 0.0408976 0.3445956 204 216 232
0.4188486 -0.0765629 -0.2238377 204 216 232
0.0537989 -0.3646901 -0.2748937 204 216 232
-0.2081692 -0.2238882 -0.3323832 204 216 232
-0.0557832 -0.2980616 -0.3081317 204 216 232
0.5148280 -0.1008871 -0.0374891 204 216 232
0.3866544 -0.1369491 0.2689961 204 216 232
-0.0493017 -0.4788189 -0.0120261 204 216 232
-0.3438681 -0.2671832 0.2107421 204 216 232
-0.3501193 -0.2106192 0.2661602 204 216 232
-0.3091890 -0.0972650 -0.3015836 204 216 232
0.3154792 -0.2969555 -0.2141676 204 216 232
-0.1424926 -0.4737283 -0.0191157 204 216 232
-0.3256088 -0.3897980 -0.0859545 204 216 232
-0.1724040 0.2837991 -0.1053808 204 216 232
-0.2003948 0.2216517 0.1905650 204 216 232
-0.3808135 -0.1572240 -0.2600693 204 216 232
-0.1801358 -0.0486959 -0.3547209 204 216 232
-0.3018886 -0.2777807 0.2498666 204 216 232
-0.0592503 0.3352318 -0.0384146 204 216 232
-0.3503402 -0.3562877 0.0602043 204 216 232
0.0703882 0.3154664 -0.0575719 204 216 232
-0.1411430 0.0922108 0.3345059 204 216 232
-0.3101245 -0.0990780 -0.3058592 204 216 232
0.4110657 -0.0463567 -0.2423542 204 216 232
0.5102525 -0.0584871 0.0882118 204 216 232
0.2799479 0.2402963 -0.1018862 204 216 232
0.0428983 0.0583511 -0.3409622 204 216 232
0.2427744 -0.3413299 0.2438920 204 216 232
-0.2863214 -0.1743827 -0.3070518 204 216 232
-0.1756443 -0.3693999 0.2399613 204 216 232
0.1153252 -0.1744807 0.3693830 204 216 232
-0.3802442 -0.0332627 -0.2423254 204 216 232
0.0282553 0.3215031 -0.0040146 204 216 232
0.0130582 0.3157741 -0.0678070 204 216 232
0.2367105 -0.1691370 -0.3313121 204 216 232
0.4575784 -0.0089618 -0.1766005 204 216 232
-0.4624420 -0.2567716 0.0653734 204 216 232
0.3037786 0.2054344 -0.1609958 204 216 232
0.4735329 -0.2075468 0.0739482 204 216 232
0.0390347 -0.3412465 0.2920666 204 216 232
0.0678254 0.3178878 -0.0512662 204 216 232
0.3637852 -0.1540914 -0.2630539 204 216 232
0.3802113 0.1760172 -0.0418177 204 216 232
0.3228132 -0.0228713 -0.2947713 204 216 232
-0.0322990 -0.4831198 0.0964870 204 216 232
-0.2282778 -0.4006127 0.1616065 204 216 232
-0.3390609 0.2212509 -0.0595143 204 216 232
0.4963351 -0.1784607 0.0952014 204 216 232
0.4100516 0.1637032 -0.0408855 204 216 232
-0.0551165 -0.4643195 -0.1148835 204 216 232
0.3496730 0.2151413 -0.0665038 204 216 232
-0.4019190 -0.3437623 0.0704271 204 216 232
-0.5155185 -0.0688840 0.0435877 204 216 232
0.3151528 0.0002410 -0.2894965 204 216 232
-0.3265437 -0.0644286 0.2871453 204 216 232
0.0131184 0.0782722 0.3528027 204 216 232
-0.0728064 -0.1177009 0.3749564 204 216 232
0.4814038 -0.2295068 -0.0808106 204 216 232
0.3989961 0.1390469 0.1280311 204 216 232
-0.4353926 0.0681615 -0.1700387 204 216 232
-0.1455020 -0.4508604 0.1140761 204 216 232
0.3425345 -0.1684790 -0.2781259 204 216 232
-0.1213111 -0.2266417 0.3360289 204 216 232
0.2737748 0.2405583 -0.1224276 204 216 232
-0.2268436 -0.4362878 0.0764823 204 216 232
-0.2715576 -0.4518450 -0.0168440 204 216 232
-0.2554984 0.2683347 -0.0565150 204 216 232
-0.1813671 0.2987346 0.0320833 204 216 232
-0.1259589 0.2761964 0.1356228 204 216 232
-0.1205709 0.2379884 -0.2358077 204 216 232
0.1050545 -0.4291365 0.1768096 204 216 232
0.1755447 -0.2800784 -0.2946977 204 216 232
-0.0261336 0.3308751 0.0270487 204 216 232
0.3693495 -0.2292088 0.2202304 204 216 232
-0.0142112 -0.4267642 0.1955184 204 216 232
0.2492559 0.0483873 -0.3065711 204 216 232
0.0065951 0.0524925 -0.3575380 204 216 232
0.4592202 -0.1480281 -0.1547747 204 216 232
-0.4070944 -0.1111774 -0.2199274 204 216 232
0.3505272 -0.2476038 0.2200258 204 216 232
0.5044871 -0.0205178 -0.0213434 204 216 232
0.4877877 0.0216748 0.1057440 204 216 232
-0.3473619 0.2367966 0.0220440 204 216 232
-0.5097303 -0.0165385 0.0371195 204 216 232
-0.4340159 -0.2699479 0.0954131 204 216 232
-0.3520447 -0.2082204 -0.2653131 204 216 232
-0.3962436 -0.3436125 0.0394811 204 216 232
0.0729466 -0.4902272 -0.0164616 204 216 232
-0.2258938 -0.1441921 -0.3407826 204 216 232
-0.1348232 -0.0136433 -0.3517003 204 216 232
-0.0122222 -0.4835124 -0.0326254 204 216 232
0.2712389 0.2299650 0.1417261 204 216 232
0.1966818 -0.4667318 -0.0391715 204 216 232
0.4879181 -0.0055621 -0.1270592 204 216 232
-0.4347471 -0.2769206 0.0979218 204 216 232
-0.2438002 -0.0678027 -0.3298728 204 216 232
0.4470119 -0.0695987 0.1973392 204 216 232
0.3101109 -0.4097636 -0.0429807 204 216 232
-0.5136879 -0.1575070 -0.0621796 204 216 232
0.1104079 0.2748167 -0.1730263 204 216 232
-0.1308565 -0.0214156 -0.3614610 204 216 232
0.4874980 -0.2095391 0.1218108 204 216 232
0.4058412 0.1713368 -0.0069742 204 216 232
0.0562436 0.0471002 0.3613248 204 216 232
-0.1246176 0.0386964 -0.3491213 204 216 232
0.4179549 -0.0717572 -0.2595554 204 216 232
0.2530277 0.1981277 -0.2269731 204 216 232
0.3311556 -0.0767410 -0.2905436 204 216 232
-0.2371309 -0.1602100 -0.3181544 204 216 232
0.0553201 0.1962499 0.2734829 204 216 232
-0.1375435 0.0131860 0.3606976 204 216 232
-0.4609765 -0.0353847 0.1747061 204 216 232
0.1600407 -0.2673183 -0.3243845 204 216 232
0.4839067 0.0236257 -0.0830302 204 216 232
-0.1847859 -0.0925333 -0.3493705 204 216 232
-0.1409109 -0.0512726 0.3706042 204 216 232
0.2983119 -0.1563028 0.2942045 204 216 232
0.4699940 -0.1991769 0.1048478 204 216 232
0.0758194 0.3180306 0.0947955 204 216 232
-0.3314855 0.0535082 -0.2583164 204 216 232
0.3180293 0.1383066 0.2188813 204 216 232
0.1817588 -0.3962656 -0.1903932 204 216 232
0.2501796 -0.2506685 -0.2856664 204 216 232
0.4235200 0.0709466 -0.1779702 204 216 232
-0.3831591 0.1264909 0.1577265 204 216 232
0.1845140 -0.2911054 -0.2949822 204 216 232
-0.5062456 -0.0268396 -0.0375036 204 216 232
0.2136787 0.2276620 -0.2025264 204 216 232
0.3234702 -0.1493977 0.2742032 204 216 232
-0.4093867 -0.3179899 0.0310999 204 216 232
0.4343670 -0.3132834 -0.0439150 204 216 232
0.1766695 -0.1457480 -0.3565234 204 216 232
-0.3856593 0.1200267 0.1748737 204 216 232
-0.4937355 0.0313337 -0.0165576 204 216 232
0.2465468 -0.3932316 0.1635737 204 216 232
-0.5088493 0.0182135 0.0314314 204 216 232
-0.3669778 -0.1585126 0.2634377 204 216 232
0.4288341 -0.1376474 0.1971020 204 216 232
-0.5106905 -0.1612547 0.0444586 204 216 232
0.2314339 -0.4455907 -0.0082391 204 216 232
0.1578614 0.0151942 0.3394118 204 216 232
-0.3434103 0.1355059 -0.1731149 204 216 232
0.4736957 0.1211326 0.0025767 204 216 232
-0.0300262 0.0603301 -0.3472922 204 216 232
0.1349396 0.2811252 -0.1560536 204 216 232
0.3703853 -0.3800088 0.0041825 204 216 232
0.0371726 -0.3756890 0.2720213 204 216 232
0.1348891 0.1806015 -0.2605421 204 216 232
0.4792920 -0.2448962 0.0431507 204 216 232
-0.0296237 0.1427708 0.3157284 204 216 232
-0.3543123 -0.3774314 -0.0230089 204 216 232
-0.4386874 0.1299400 -0.0341454 204 216 232
0.4396807 -0.0658768 0.1926472 204 216 232
-0.0711027 0.1169339 -0.3296627 204 216 232
0.1412690 0.2877073 0.1234168 204 216 232
0.1698829 0.2526596 -0.1699435 204 216 232
-0.2465530 -0.1416094 -0.3452414 204 216 232
-0.1805493 0.2495565 0.1598012 204 216 232
-0.1715180 -0.4441467 0.1446418 204 216 232
0.2158782 -0.3802304 0.1878133 204 216 232
-0.2982078 -0.4028685 0.0504680 204 216 232
0.4345535 0.1061918 -0.0943715 204 216 232
-0.1541232 -0.0225636 -0.3598687 204 216 232
0.0326124 -0.1461281 0.3657215 204 216 232
0.1052997 -0.3928655 0.2601991 204 216 232
-0.2944517 -0.4364316 0.0296154 204 216 232
-0.2723025 -0.3513111 0.2114461 204 216 232
-0.1278749 0.1477464 -0.3132859 204 216 232
-0.5133060 -0.1858844 -0.0459911 204 216 232
0.0752459 0.2916322 0.1571558 204 216 232
0.4719463 0.0393423 -0.1017878 204 216 232
-0.3321989 0.2326120 0.0746543 204 216 232
-0.4547938 -0.2697435 -0.0368343 204 216 232
-0.5125309 -0.1333174 -0.0304544 204 216 232
-0.2743587 -0.0460143 0.3330442 204 216 232
-0.1773486 0.2975136 0.0884680 204 216 232
-0.1951809 0.2741669 0.1646469 204 216 232
-0.1602993 -0.1941990 -0.3417275 204 216 232
0.2223951 -0.4151675 0.1419700 204 216 232
-0.0678289 0.1250955 -0.3096451 204 216 232
0.2636397 -0.4462506 -0.0023479 204 216 232
-0.0564634 0.3170620 0.0389719 204 216 232
0.0098764 0.1479212 0.3055862 204 216 232
-0.3472531 0.1150278 0.2409836 204 216 232
-0.4741409 0.0005950 -0.1400361 204 216 232
0.2434283 -0.4130958 -0.1133849 204 216 232
0.4532610 0.0246363 -0.1577159 204 216 232
0.0439491 -0.4710471 -0.0627658 204 216 232
-0.4648111 0.0491310 -0.1313132 204 216 232
0.2835520 -0.1604910 -0.3198637 204 216 232
-0.2398431 0.1293365 0.2667693 204 216 232
0.2700492 -0.4251489 0.0626721 204 216 232
0.2889087 -0.1239538 -0.3275228 204 216 232
0.4028250 -0.3222051 -0.0164211 204 216 232
-0.4927459 0.0440996 0.0678466 204 216 232
0.3798358 -0.1007677 -0.2390396 204 216 232
-0.4583011 0.0957337 -0.1091131 204 216 232
-0.0648135 -0.4868283 -0.0859151 204 216 232
0.4205433 -0.0359546 -0.2280594 204 216 232
-0.1651264 0.0012207 0.3535650 204 216 232
-0.1500449 -0.3447677 -0.2579695 204 216 232
0.0746634 0.0312547 0.3674877 204 216 232
-0.4567870 -0.1152032 0.1706216 204 216 232
-0.1141764 -0.4980355 -0.0114435 204 216 232
0.3709464 0.0632215 0.2271920 204 216 232
0.3196664 -0.4205844 -0.0074679 204 216 232
-0.0204538 -0.4553833 -0.1384009 204 216 232
0.2288239 -0.1748469 -0.3434158 204 216 232
-0.5030218 -0.0033901 0.0623627 204 216 232
0.3357320 0.2225709 -0.0178401 204 216 232
-0.0484471 -0.3572152 -0.2777047 204 216 232
0.4069640 -0.1558908 -0.2255404 204 216 232
0.1856221 0.0913800 0.3242028 204 216 232
0.0559144 -0.4897593 -0.0825629 204 216 232
0.1458931 -0.2093343 0.3464891 204 216 232
-0.1493605 -0.4626172 -0.0925328 204 216 232
-0.2768691 -0.0589653 0.3229463 204 216 232
-0.1365227 -0.4638224 0.0763766 204 216 232
0.3068226 0.1252457 -0.2263245 204 216 232
-0.2738326 0.0815258 0.2919750 204 216 232
-0.1161620 -0.1556318 0.3606670 204 216 232
0.1639212 0.2979398 0.0998011 204 216 232
-0.0520155 -0.4718868 -0.0826698 204 216 232
0.1242996 -0.4718095 -0.0994826 204 216 232
-0.0864566 0.2573675 -0.1995674 204 216 232
-0.0113592 0.3248104 0.0260739 204 216 232
0.3607192 -0.2174755 0.2297686 204 216 232
-0.2158233 0.0552131 -0.3118891 204 216 232
0.5074685 -0.0756766 0.0646894 204 216 232
0.0487296 -0.4253769 0.2010389 204 216 232
-0.2462997 -0.0793193 0.3351574 204 216 232
-0.1663262 -0.4515054 -0.0794080 204 216 232
0.1824897 0.1415296 -0.3040009 204 216 232
0.3318079 -0.1186515 -0.2851207 204 216 232
0.0914152 0.0878147 0.3312752 204 216 232
0.3047759 0.0188355 -0.2940978 204 216 232
0.0162268 -0.3875939 -0.2576927 204 216 232
-0.3706526 -0.0508388 -0.2702693 204 216 232
-0.4792511 -0.2124353 -0.0190113 204 216 232
0.3922092 -0.2318220 -0.2114542 204 216 232
0.1809763 -0.2690737 0.3147052 204 216 232
0.4944816 -0.1798162 0.0231762 204 216 232
-0.0852590 -0.3780156 -0.2607844 204 216 232
0.4335230 -0.3093519 -0.0258350 204 216 232
-0.0485240 0.2730934 0.1951915 204 216 232
-0.2665279 0.1106397 -0.2815800 204 216 232
0.1351676 -0.4297700 0.1344850 204 216 232
0.2731759 -0.4002289 0.1177821 204 216 232
-0.2144175 -0.0701717 -0.3442716 204 216 232
0.3266063 0.2360504 0.0002925 204 216 232
-0.4189514 0.1554856 0.0051816 204 216 232
0.4287597 -0.2672871 0.1338463 204 216 232
0.3769150 -0.3562846 0.0070295 204 216 232
0.2974474 -0.3034424 0.2443560 204 216 232
0.0706077 0.1709521 -0.2849695 204 216 232
-0.3865606 -0.0127912 0.2330686 204 216 232
0.4600326 -0.1254622 0.1540870 204 216 232
-0.1110029 -0.1676743 0.3559760 204 216 232
0.1893397 -0.3794463 0.1960872 204 216 232
-0.3681247 -0.3405475 -0.0898679 204 216 232
0.2917753 -0.3852207 0.1295397 204 216 232
0.3183713 -0.3944200 -0.0249151 204 216 232
0.3707612 -0.1996985 0.2543665 204 216 232
-0.4902296 -0.1611862 -0.1140459 204 216 232
-0.4344096 0.1303710 -0.0798097 204 216 232
-0.5064942 -0.1451751 0.0235243 204 216 232
-0.2138797 0.2615870 0.1225003 204 216 232
-0.3934770 -0.2964234 0.1556189 204 216 232
0.1194498 -0.1997713 -0.3643874 204 216 232
0.4489041 0.1152336 0.0769048 204 216 232
-0.3302575 -0.0948724 -0.2930021 204 216 232
0.1835281 -0.3887486 -0.2134875 204 216 232
-0.0114559 -0.3489620 -0.3007183 204 216 232
-0.4258207 -0.3169307 0.0658619 204 216 232
-0.4107395 0.1480292 0.0653180 204 216 232
-0.1299639 -0.2295189 -0.3460018 204 216 232
0.2850872 -0.4096656 0.1173412 204 216 232
-0.0636369 0.1977138 0.2790564 204 216 232
0.3320695 -0.2879390 -0.1979730 204 216 232
-0.3637814 0.1890308 0.1234621 204 216 232
0.4185036 -0.3142530 0.0715577 204 216 232
-0.3471838 0.1448982 -0.1940878 204 216 232
0.1218258 -0.1850282 -0.3489231 204 216 232
-0.3074266 -0.4130616 -0.0274666 204 216 232
-0.4330330 -0.0575739 0.1831712 204 216 232
-0.5136368 0.0099506 -0.0362562 204 216 232
-0.4521381 -0.0524262 -0.1888679 204 216 232
0.4333084 -0.0358757 0.2096543 204 216 232
-0.0910617 -0.4573821 0.1382965 204 216 232
-0.0011919 -0.4440348 0.1857121 204 216 232
0.2788768 0.2260807 0.1511759 204 216 232
-0.4178189 -0.3110560 -0.0569615 204 216 232
0.3552143 -0.0694201 0.2805512 204 216 232
-0.2635399 -0.2119700 0.3093975 204 216 232
0.1679699 -0.2206490 0.3342780 204 216 232
0.5218767 0.0034871 -0.0396634 204 216 232
0.1477399 -0.1731750 0.3521647 204 216 232
0.4201617 0.1382482 -0.1247465 204 216 232
-0.2587565 0.2192544 0.1908440 204 216 232
0.2978026 0.2261358 0.1518168 204 216 232
0.3814110 0.1777397 0.1223595 204 216 232
-0.2342852 -0.3015405 0.2945527 204 216 232
-0.3354445 0.0120626 0.2727156 204 216 232
0.4589471 -0.2264040 0.0765040 204 216 232
-0.3864209 -0.1451626 -0.2416200 204 216 232
-0.1889585 -0.2861452 -0.2992687 204 216 232
0.3549668 0.1011966 -0.2364283 204 216 232
-0.0696456 0.2731986 -0.1686250 204 216 232
0.2124350 0.0147688 0.3337184 204 216 232
-0.2273967 -0.0759320 0.3387101 204 216 232
0.1774048 -0.4558128 -0.1013547 204 216 232
-0.1704920 0.0653515 -0.3491880 204 216 232
-0.2661996 -0.0911476 0.3301924 204 216 232
0.4694340 0.0394999 0.1308302 204 216 232
-0.2003228 -0.4529944 -0.0409188 204 216 232
-0.0693120 -0.3503471 -0.2790128 204 216 232
0.0794530 -0.4563029 0.1599604 204 216 232
0.3729171 0.1426907 -0.1523790 204 216 232
-0.1400410 -0.3477257 -0.2668191 204 216 232
-0.0756346 -0.3513089 0.2870536 204 216 232
-0.4589561 -0.0502764 0.1896700 204 216 232
-0.1577321 0.2972943 -0.0417403 204 216 232
-0.4410926 -0.2532279 0.1344936 204 216 232
-0.3958144 -0.1598677 0.2278026 204 216 232
0.1398399 -0.0574869 0.3853728 204 216 232
0.2568703 -0.3673052 0.1735730 204 216 232
-0.4036537 0.0372941 0.1994464 204 216 232
0.2218869 -0.4275627 0.1181563 204 216 232
-0.1246762 0.3133252 -0.0431771 204 216 232
0.1859543 -0.3156392 0.2861557 204 216 232
0.0895615 0.2798056 -0.1684356 204 216 232
0.0001468 0.2494454 -0.2445975 204 216 232
0.2652931 0.1177911 -0.2861941 204 216 232
0.1241000 0.0392408 0.3481398 204 216 232
0.2961866 0.2320191 -0.0932712 204 216 232
-0.4922509 0.0232351 -0.0107528 204 216 232
0.5223622 -0.1012869 0.0449863 204 216 232
0.4882793 -0.1165109 0.1150596 204 216 232
-0.4799008 0.0523678 0.0462539 204 216 232
0.4922948 -0.1345877 -0.0986777 204 216 232
0.4681258 0.0978606 -0.0483559 204 216 232
0.0835719 -0.2053395 -0.3554449 204 216 232
-0.0160622 0.1139711 -0.3455189 204 216 232
-0.0932093 -0.4600549 0.1391237 204 216 232
0.3430696 -0.3209915 -0.1829285 204 216 232
0.5070682 0.0011368 0.0797889 204 216 232
0.5112630 -0.1832218 0.0534517 204 216 232
0.2916463 -0.1437829 0.3055170 204 216 232
-0.0642518 -0.0021397 0.3770384 204 216 232
0.0668646 0.1037079 -0.3225568 204 216 232
0.2831792 -0.0393861 -0.3263728 204 216 232
-0.0024614 0.0793022 -0.3470710 204 216 232
-0.1638201 0.0114512 0.3442860 204 216 232
-0.4668972 0.0399822 0.0783670 204 216 232
0.0678426 -0.4844811 -0.0356984 204 216 232
0.0965177 0.0159965 0.3534376 204 216 232
-0.4242696 -0.1105189 0.2196890 204 216 232
0.3629074 0.2020192 -0.0717693 204 216 232
0.1425191 -0.1392696 -0.3585736 204 216 232
-0.4874032 -0.1483623 -0.0739374 204 216 232
-0.5084341 0.0353981 0.0388263 204 216 232
0.2424182 -0.0250878 -0.3151871 204 216 232
-0.3385450 -0.0729648 -0.2840623 204 216 232
0.2842714 0.2548425 -0.0892565 204 216 232
-0.4730862 0.0713554 -0.0573754 204 216 232
-0.0331420 -0.3493587 -0.2964655 204 216 232
0.1284960 -0.0122565 -0.3688067 204 216 232
0.0409782 -0.2846609 -0.3173953 204 216 232
-0.0847271 0.2541358 -0.2247346 204 216 232
0.1681288 -0.4513931 0.0195596 204 216 232
0.1163373 0.1266587 -0.3207670 204 216 232
-0.1557244 -0.4636773 0.0304356 204 216 232
0.1645217 0.1162435 0.3104811 204 216 232
0.2872695 -0.4253426 -0.0972058 204 216 232
0.2226348 0.1821163 -0.2562128 204 216 232
0.0806201 0.2367376 0.2430521 204 216 232
-0.1291075 0.1195034 0.3170991 204 216 232
0.1529987 0.2935455 0.1020967 204 216 232
0.1544254 -0.1406493 0.3661228 204 216 232
-0.3134870 0.2136952 0.1246015 204 216 232
0.4978725 -0.0906596 0.1105590 204 216 232
0.3570284 -0.3584713 0.0792447 204 216 232
0.4877556 -0.2573960 -0.0015080 204 216 232
-0.1296131 0.1138814 0.3210103 204 216 232
-0.4849780 0.0609845 0.0639902 204 216 232
0.4525195 0.1281399 -0.1220806 204 216 232
-0.0305779 -0.4189960 -0.2031711 204 216 232
-0.2052478 -0.0606010 0.3506994 204 216 232
-0.4685199 -0.0481880 -0.1556691 204 216 232
0.3284637 0.1886794 -0.1456954 204 216 232
-0.0770911 -0.4729819 -0.0102730 204 216 232
0.4761747 -0.1457990 0.1352312 204 216 232
-0.5000656 -0.2069447 0.0511898 204 216 232
-0.2978377 0.2110580 -0.1708979 204 216 232
0.2629063 -0.0157090 0.3177341 204 216 232
-0.3015370 -0.1743517 -0.3132493 204 216 232
-0.0034281 0.3223636 -0.0346230 204 216 232
-0.0519724 -0.3319433 -0.2839340 204 216 232
-0.4232929 -0.0312197 0.2117909 204 216 232
-0.3104317 0.1294052 -0.2394199 204 216 232
-0.4390964 -0.0193770 0.1786453 204 216 232
-0.0698462 -0.4532073 -0.1697159 204 216 232
0.3334655 -0.3844533 0.1246949 204 216 232
0.1603856 -0.3357553 -0.2674929 204 216 232
-0.3636131 0.0414470 0.2559646 204 216 232
0.2458667 -0.0683245 -0.3259770 204 216 232
-0.2638064 0.0611636 0.3227368 204 216 232
0.4785104 -0.2643970 -0.0120646 204 216 232
0.0202757 -0.4927695 0.0675437 204 216 232
0.2413139 -0.4253084 0.0815502 204 216 232
-0.1246801 -0.3586669 0.2425817 204 216 232
0.4996843 -0.0611588 -0.0424584 204 216 232
0.0079247 -0.4822434 0.0945851 204 216 232
-0.4734042 0.0740285 -0.0182665 204 216 232
-0.3125052 0.2487271 0.0548756 204 216 232
0.0377700 -0.3866492 -0.2630007 204 216 232
-0.0769867 0.3258485 -0.1073509 204 216 232
-0.3198200 -0.3309109 -0.1702442 204 216 232
-0.0121380 -0.4703193 0.1381863 204 216 232
-0.4179467 -0.2787171 -0.1507069 204 216 232
-0.4402760 -0.0758675 0.2144630 204 216 232
-0.3101204 0.0877167 0.2622446 204 216 232
-0.4381532 0.0070813 -0.1796276 204 216 232
0.2132374 -0.4321133 0.0993877 204 216 232
-0.3974440 -0.3217015 0.1158973 204 216 232
0.4517489 0.0864036 0.0843642 204 216 232
0.0710999 -0.1126690 -0.3785675 204 216 232
-0.2428850 -0.3421770 -0.2414387 204 216 232
0.1889382 -0.4231148 -0.1423200 204 216 232
0.4819643 -0.0442962 -0.1316613 204 216 232
-0.4941966 -0.1190842 -0.0979205 204 216 232
0.4422646 -0.1544361 0.1901371 204 216 232
0.4812912 -0.0646876 0.1515840 204 216 232
-0.2950591 -0.3168672 -0.2256322 204 216 232
0.5186186 -0.1156274 0.0259628 204 216 232
-0.0133827 -0.0973915 -0.3769140 204 216 232
-0.0451694 -0.4847962 -0.0719811 204 216 232
0.0518858 -0.4792486 -0.0961652 204 216 232
-0.3384039 0.2083300 0.0486344 204 216 232
-0.0319413 0.1536653 -0.3032497 204 216 232
0.4614412 -0.2675094 0.0571795 204 216 232
-0.2826177 0.2404577 0.1325818 204 216 232
-0.1795333 -0.3594880 -0.2222672 204 216 232
0.0232154 0.3213445 -0.0976695 204 216 232
0.0007594 0.2410635 -0.2414134 204 216 232
0.3315746 -0.2961603 -0.2206791 204 216 232
0.0532297 0.1177151 -0.3382806 204 216 232
-0.0711403 0.0098959 0.3773089 204 216 232
0.0287978 -0.0783699 0.3738261 204 216 232
-0.2940534 0.2145464 0.1418188 204 216 232
0.4601859 -0.2880427 0.0208200 204 216 232
0.2739463 0.0667057 -0.2904032 204 216 232
-0.1134345 0.2890652 -0.1329346 204 216 232
-0.3455200 -0.3178673 -0.1918423 204 216 232
-0.3794019 -0.2128480 -0.2282073 204 216 232
0.0947036 0.2062975 -0.2686146 204 216 232
0.1946670 -0.0734572 -0.3461397 204 216 232
-0.2889188 -0.4248478 -0.0017511 204 216 232
0.2044309 0.1879018 0.2427002 204 216 232
0.4968883 -0.2518046 0.0183399 204 216 232
0.2043387 0.2136672 0.2058812 204 216 232
-0.4975465 -0.1775148 0.0960940 204 216 232
-0.3451555 -0.3815684 -0.0946303 204 216 232
-0.1033183 -0.4688697 0.0431781 204 216 232
0.1802722 -0.2725647 0.3068622 204 216 232
0.4188861 -0.1258831 -0.2129916 204 216 232
0.2978497 -0.3265626 -0.2440875 204 216 232
0.1508017 -0.4373063 0.1443574 204 216 232
0.0490504 -0.0431116 -0.3643145 204 216 232
0.4873609 0.0519358 -0.0498862 204 216 232
-0.4032714 -0.2988296 -0.0688310 204 216 232
-0.0750940 -0.4530452 0.1514789 204 216 232
0.1936361 0.2617674 0.1335089 204 216 232
-0.0651690 -0.1119125 0.3686377 204 216 232
-0.3505318 0.2205293 -0.0867871 204 216 232
0.4967934 -0.2020331 -0.0727707 204 216 232
0.4591607 -0.0259924 -0.1366830 204 216 232
0.1697239 0.0107125 0.3542366 204 216 232
-0.0972114 -0.4586338 -0.1473321 204 216 232
-0.0912608 -0.4764463 -0.0404808 204 216 232
-0.1685407 -0.3279221 -0.2876113 204 216 232
0.3176584 0.1333716 0.2203356 204 216 232
0.1171617 -0.3107545 -0.2876697 204 216 232
0.3323285 0.2318270 -0.0374515 204 216 232
-0.0703065 0.1730982 0.2938196 204 216 232
-0.3417586 -0.0570739 -0.2688012 204 216 232
-0.2812269 -0.0337981 0.3278038 204 216 232
-0.2046019 -0.3672955 -0.2222495 204 216 232
0.3281424 -0.3260539 0.1652665 204 216 232
-0.4468522 0.0041299 0.1803586 204 216 232
0.2076613 0.2882938 -0.0357596 204 216 232
-0.0414082 0.3068427 0.0988923 204 216 232
-0.3117414 -0.2076445 0.2956485 204 216 232
0.3282707 0.2343237 -0.0727216 204 216 232
-0.3526752 -0.2911357 0.1972844 204 216 232
0.1271839 -0.4671181 -0.0737608 204 216 232
0.1066470 0.1730443 0.2885030 204 216 232
-0.0021724 -0.4572435 0.1515930 204 216 232
0.0601656 0.1953862 -0.2708670 204 216 232
-0.3320209 0.1963141 0.0956927 204 216 232
0.3927916 -0.3380049 0.0829758 204 216 232
0.1048989 -0.1051529 0.3771093 204 216 232
0.3076182 -0.3697217 0.1248899 204 216 232
-0.0067349 0.3387485 -0.0045984 204 216 232
0.3388718 -0.1849776 -0.2843707 204 216 232
0.1340191 0.2541497 0.1963782 204 216 232
-0.1044206 0.2997351 0.1052746 204 216 232
-0.4598309 0.0313592 0.1726868 204 216 232
-0.1167868 -0.0948374 -0.3776560 204 216 232
-0.1015679 -0.0791253 -0.3655936 204 216 232
0.1079431 -0.1110950 0.3754296 204 216 232
-0.2163947 0.1772048 -0.2499937 204 216 232
0.3291144 -0.3870405 -0.0077449 204 216 232
-0.2248077 -0.2049432 -0.3288904 204 216 232
-0.3545966 -0.3243720 0.1297287 204 216 232
0.3641437 -0.2752373 0.1896352 204 216 232
0.3397067 -0.2138818 0.2660330 204 216 232
-0.1733320 -0.1725063 -0.3342405 204 216 232
-0.0758315 0.3284426 0.0512762 204 216 232
-0.2690135 0.1971998 0.1972852 204 216 232
0.3051444 -0.4120765 0.0279982 204 216 232
0.3449993 0.2301134 -0.0416168 204 216 232
0.0330853 0.2078957 -0.2606447 204 216 232
0.4979985 -0.0326672 -0.0934705 204 216 232
0.4398122 -0.2380380 0.1258310 204 216 232
0.1324554 -0.1523514 0.3674574 204 216 232
-0.3671686 0.1361523 0.1851526 204 216 232
-0.3286198 0.1448959 0.1860352 204 216 232
0.0935644 0.0395072 -0.3672332 204 216 232
-0.1271047 -0.3180050 0.2869414 204 216 232
0.2400754 0.1140446 -0.2847404 204 216 232
-0.2821846 0.2544712 -0.0179169 204 216 232
0.2819551 -0.1215985 0.3283524 204 216 232
-0.0989284 0.2261766 0.2329062 204 216 232
-0.3561253 0.0212971 0.2488168 204 216 232
0.3466364 -0.2202432 0.2599824 204 216 232
0.2009569 0.2077390 -0.2254740 204 216 232
0.1906465 -0.4007177 -0.1743566 204 216 232
-0.4346221 0.1452135 -0.0029341 204 216 232
0.0878094 0.2863833 0.1504890 204 216 232
0.3565480 -0.0953143 0.2708536 204 216 232
-0.2487657 -0.3689604 0.2082376 204 216 232
-0.4667988 -0.0241261 -0.1609621 204 216 232
0.3114822 0.1211706 0.2399926 204 216 232
-0.3926152 -0.0755414 0.2396421 204 216 232
-0.5252391 -0.0501618 -0.0106212 204 216 232
0.0750376 -0.4137226 -0.2013604 204 216 232
-0.2564715 -0.1058451 -0.3381801 204 216 232
0.4235831 0.1494771 -0.0534546 204 216 232
-0.4508325 0.0791070 -0.0560276 204 216 232
0.4464914 -0.2914332 0.0753364 204 216 232
0.4211143 0.1073664 0.1329100 204 216 232
0.1791879 -0.4081040 0.1850722 204 216 232
0.4131678 0.1349096 0.0752933 204 216 232
-0.2102117 0.0232406 -0.3376452 204 216 232
0.4066585 -0.3365422 -0.0575398 204 216 232
-0.4346050 -0.1811722 -0.1778801 204 216 232
-0.0975883 -0.3314893 -0.3005161 204 216 232
-0.2736540 -0.4028551 0.1480251 204 216 232
-0.1108458 0.3281574 0.0522401 204 216 232
-0.2001182 0.2931297 0.0409658 204 216 232
0.2308335 0.1914738 -0.2302190 204 216 232
0.2798054 0.0122491 -0.3159488 204 216 232
0.5308509 -0.0527759 0.0758344 204 216 232
-0.3890176 0.0422225 -0.2275659 204 216 232
-0.0899183 -0.4818929 -0.0526898 204 216 232
-0.4401965 -0.0387067 -0.2040477 204 216 232
-0.5193904 -0.0611434 0.0119653 204 216 232
-0.2300262 0.0410065 -0.3341247 204 216 232
0.0218714 -0.3261230 0.3071831 204 216 232
0.5000980 0.0327051 0.0384901 204 216 232
-0.4882424 -0.2022409 0.0780019 204 216 232
-0.1495481 -0.2235223 0.3348126 204 216 232
-0.4966369 -0.0754142 -0.1224243 204 216 232
0.1299178 -0.3660898 0.2754530 204 216 232
0.4204117 -0.0010226 -0.2075294 204 216 232
-0.1564956 -0.1986755 -0.3460962 204 216 232
0.2417014 -0.1600934 0.3303899 204 216 232
-0.2603282 0.1870683 0.2115085 204 216 232
-0.1701536 0.1348868 -0.3044098 204 216 232
0.0001652 0.1978313 -0.2685007 204 216 232
-0.3424683 -0.0582051 -0.2769329 204 216 232
-0.3802373 0.0801243 -0.2032816 204 216 232
-0.1972073 -0.2740754 0.3068212 204 216 232
-0.0697117 -0.4039003 -0.2319165 204 216 232
0.3488678 -0.2053301 0.2527304 204 216 232
-0.0800091 0.0402322 -0.3790176 204 216 232
0.3235862 -0.3093575 0.2191838 204 216 232
-0.1176693 -0.4909814 0.0565842 204 216 232
-0.0964030 -0.2456892 0.3537510 204 216 232
-0.2386652 -0.0150079 -0.3376102 204 216 232
0.4712652 -0.0516178 -0.1579121 204 216 232
0.2808613 -0.0639224 0.3294693 204 216 232
-0.4240742 -0.2688802 0.1478776 204 216 232
0.1766312 -0.2672102 0.3203432 204 216 232
-0.3995675 -0.1997563 0.2107812 204 216 232
-0.2332965 -0.3124178 -0.2718023 204 216 232
0.2647253 -0.0443277 -0.3326448 204 216 232
-0.4156059 -0.1786283 -0.2171479 204 216 232
-0.4490844 0.0922452 -0.1171232 204 216 232
-0.0718534 0.3004281 -0.1373057 204 216 232
-0.2877212 0.1880099 0.1796632 204 216 232
-0.2512192 -0.2691098 -0.2823656 204 216 232
-0.1077440 -0.0087082 -0.3633084 204 216 232
0.1700686 -0.3364159 -0.2647144 204 216 232
-0.2260832 -0.0899235 0.3593540 204 216 232
-0.3795009 0.2095916 -0.0379558 204 216 232
-0.3160699 -0.1785618 0.3012086 204 216 232
0.4916218 -0.1334838 0.1071350 204 216 232
-0.1853116 -0.4507680 0.0950804 204 216 232
0.4229134 0.0516516 0.1719075 204 216 232
-0.1275517 -0.0778479 0.3747367 204 216 232
0.2987595 -0.1790466 0.2864400 204 216 232
0.4552107 0.0938513 -0.0869721 204 216 232
0.1977985 -0.4379050 -0.0948127 204 216 232
0.0951510 -0.3647721 -0.2643550 204 216 232
-0.1729671 -0.4346086 -0.1544619 204 216 232
-0.4168943 -0.2963182 0.1068921 204 216 232
-0.2388541 -0.0619956 0.3265169 204 216 232
-0.3838334 0.1909949 0.0708423 204 216 232
0.2446616 -0.0079760 -0.3155028 204 216 232
-0.1631782 -0.2715323 0.3027196 204 216 232
-0.4367333 -0.2253949 -0.1630183 204 216 232
-0.5116776 0.0171197 -0.0295011 204 216 232
-0.4945893 -0.1671198 0.0337319 204 216 232
0.0241408 0.3321404 -0.0150731 204 216 232
-0.2295011 0.1995170 -0.2364323 204 216 232
0.2792550 -0.3208174 0.2371876 204 216 232
0.4191157 0.1091334 -0.1465893 204 216 232
0.4494751 -0.2052682 0.1260314 204 216 232
0.3279907 -0.3514199 0.1620512 204 216 232
0.0883481 -0.0817157 0.3807864 204 216 232
-0.2931262 0.1468596 -0.2314384 204 216 232
-0.4639460 -0.1927173 0.1000216 204 216 232
-0.1030833 0.1564958 0.3028842 204 216 232
0.1220319 -0.1794344 -0.3614411 204 216 232
-0.2095526 0.2986648 0.0660796 204 216 232
-0.2369410 0.0915149 -0.3012068 204 216 232
-0.2696296 0.2719984 -0.0813868 204 216 232
-0.4222252 0.1250573 0.0080372 204 216 232
0.1981822 0.1140505 0.2976029 204 216 232
0.2846553 0.2570759 0.0785319 204 216 232
-0.1913863 -0.4456993 0.1246747 204 216 232
-0.1271585 -0.2505014 0.3339050 204 216 232
-0.0803214 -0.1074613 -0.3703870 204 216 232
-0.3078052 0.0852169 -0.2663245 204 216 232
-0.5026285 -0.0502349 -0.0159104 204 216 232
0.4259153 0.1113788 0.0899713 204 216 232
-0.4187792 0.1534089 0.0601596 204 216 232
0.1415397 -0.2229902 0.3520559 204 216 232
-0.4415014 0.1153214 0.0236589 204 216 232
0.4845983 -0.1444384 0.1254748 204 216 232
0.1335012 -0.0998514 0.3589438 204 216 232
0.0828723 0.0533882 0.3589447 204 216 232
0.2264359 0.2367426 -0.1981588 204 216 232
-0.1183288 -0.0300919 -0.3649840 204 216 232
0.4909625 0.0535542 -0.0817859 204 216 232
0.1311417 -0.4647406 0.0613755 204 216 232
-0.0899509 0.2980792 -0.1069163 204 216 232
-0.0918637 -0.0683839 -0.3713155 204 216 232
0.0619546 0.2797328 -0.1853200 204 216 232
0.2869769 0.0791082 -0.2616705 204 216 232
-0.3978491 -0.0606207 0.2438690 204 216 232
0.1989408 -0.1200035 0.3531864 204 216 232
-0.0670861 -0.0295733 -0.3750788 204 216 232
-0.3951336 -0.3335976 0.0726270 204 216 232
0.0282495 -0.4455152 -0.1769389 204 216 232
0.4494131 0.0859137 0.1308473 204 216 232
-0.1465580 0.0066885 -0.3690042 204 216 232
-0.1076439 0.2664483 0.1963719 204 216 232
0.4582701 0.0622901 0.1005303 204 216 232
-0.4843019 0.0205022 0.0081756 204 216 232
0.1757442 0.2041425 0.2371674 204 216 232
-0.4003845 0.1523548 -0.1239112 204 216 232
-0.5144885 -0.1320045 0.0261576 204 216 232
0.4320626 -0.2250455 0.1348118 204 216 232
-0.1738191 0.2283436 0.2086821 204 216 232
-0.0032767 -0.1817771 -0.3664927 204 216 232
-0.0589485 0.1314679 0.3007434 204 216 232
0.0475484 0.3299774 -0.0032552 204 216 232
-0.1135166 0.1581402 0.2982363 204 216 232
-0.4183854 -0.1131804 -0.2459369 204 216 232
0.0170372 -0.0333867 -0.3710892 204 216 232
0.2112816 0.0730166 -0.3180283 204 216 232
-0.0912644 -0.1302189 0.3657333 204 216 232
-0.0779788 0.1749377 0.3111745 204 216 232
-0.0656826 0.1959658 0.2718771 204 216 232
-0.4233549 -0.2665763 -0.1072965 204 216 232
-0.0161749 -0.4909987 0.0695080 204 216 232
-0.3990670 -0.3503727 0.0462090 204 216 232
0.2028541 0.2657100 0.1708365 204 216 232
0.4682602 0.1035320 0.0513491 204 216 232
0.4867637 0.0648450 -0.0034856 204 216 232
0.2650792 0.1919531 0.2002778 204 216 232
-0.2087258 0.2956741 0.0852425 204 216 232
0.4610097 0.0145013 -0.1381024 204 216 232
-0.3232826 -0.3916698 -0.1050534 204 216 232
0.1179015 -0.0240274 -0.3729155 204 216 232
-0.4517088 -0.1633483 0.1422150 204 216 232
0.4714143 0.0425831 -0.1097546 204 216 232
0.5131708 -0.0091472 0.0202519 204 216 232
0.1560387 -0.4277503 0.1723248 204 216 232
0.1213878 -0.1378552 -0.3602207 204 216 232
-0.0691932 0.2701460 -0.2043820 204 216 232
-0.4073807 -0.1865289 0.2126727 204 216 232
-0.4385639 -0.2795052 0.1082888 204 216 232
-0.4650409 -0.2150319 -0.1206162 204 216 232
-0.2727035 0.2520474 -0.0276201 204 216 232
-0.0929034 -0.0551531 0.3777049 204 216 232
0.3877848 0.1911146 0.0822789 204 216 232
0.1117221 0.2872738 0.1312352 204 216 232
0.0939787 -0.4818060 -0.0773884 204 216 232
-0.4601821 0.0235752 -0.1455297 204 216 232
-0.3216140 -0.3831560 -0.0848252 204 216 232
-0.0755936 -0.3972990 0.2257295 204 216 232
0.3184693 0.0763600 -0.2546761 204 216 232
-0.3800858 -0.2067224 0.2613976 204 216 232
0.0265890 0.2982546 0.1553950 204 216 232
0.2997534 0.1131215 -0.2632949 204 216 232
-0.2292350 -0.4354139 -0.1009589 204 216 232
-0.3391550 0.0134922 0.2846459 204 216 232
-0.2035064 -0.3461755 -0.2324947 204 216 232
-0.1232858 -0.4613730 0.0947207 204 216 232
0.0474046 -0.0941046 0.3796952 204 216 232
0.0498499 -0.4708534 0.0664531 204 216 232
-0.0436894 0.0250369 0.3609498 204 216 232
0.2647895 -0.0300022 -0.3190958 204 216 232
0.2790452 -0.1853021 0.3018490 204 216 232
0.1807147 0.1382977 -0.2941623 204 216 232
-0.4169803 -0.1013212 -0.2398130 204 216 232
-0.1035468 -0.3137655 0.2983299 204 216 232
0.1582453 -0.2483723 -0.3269881 204 216 232
0.1727035 -0.1417174 0.3513288 204 216 232
0.1995108 0.2870538 -0.0782432 204 216 232
0.2955396 -0.3404205 -0.1939082 204 216 232
-0.3540174 0.1008571 0.2201732 204 216 232
0.0830263 -0.4852488 0.0039183 204 216 232
0.0696755 0.2388068 -0.2360465 204 216 232
-0.4358200 0.0693550 -0.1888370 204 216 232
0.0059521 -0.2741804 0.3220886 204 216 232
-0.3748610 0.2068208 0.0611770 204 216 232
0.2467353 -0.3985195 0.1663468 204 216 232
-0.1121826 0.2996033 -0.1139031 204 216 232
-0.4774037 -0.2068115 -0.0704030 204 216 232
0.1028519 0.3027454 -0.1106386 204 216 232
-0.5052603 -0.1974267 0.0003562 204 216 232
0.1196236 -0.3199646 0.2918040 204 216 232
0.4366484 -0.1166425 -0.2058637 204 216 232
0.3723185 -0.0462357 0.2619994 204 216 232
-0.4919055 -0.0541273 0.1020652 204 216 232
-0.5043395 -0.1437481 -0.1191482 204 216 232
-0.4859485 -0.2474970 0.0178794 204 216 232
0.4872827 -0.2167036 0.1011947 204 216 232
0.0571033 0.0259755 0.3615887 204 216 232
0.1584061 -0.4211653 -0.1793468 204 216 232
0.4772837 0.0911480 0.0118821 204 216 232
-0.0221418 -0.0926468 -0.3713762 204 216 232
0.2963618 0.0107441 -0.2953621 204 216 232
-0.0971554 0.1511017 0.3096877 204 216 232
0.3359740 -0.3253219 0.1813241 204 216 232
-0.2246061 -0.1696996 -0.3342244 204 216 232
0.0813344 0.1792383 -0.2913217 204 216 232
0.2823561 0.0735174 0.2698701 204 216 232
-0.3050889 -0.3886195 -0.1490684 204 216 232
-0.1494069 0.0549829 -0.3357118 204 216 232
0.1599181 -0.1716714 -0.3498155 204 216 232
0.1636598 0.1497720 0.2872972 204 216 232
0.5110455 -0.0574775 -0.0347802 204 216 232
-0.2218174 -0.3879226 0.1827550 204 216 232
-0.1648792 0.0644650 0.3398366 204 216 232
-0.1973657 -0.1548785 -0.3417049 204 216 232
-0.1230049 0.2746184 -0.1727242 204 216 232
0.4260107 0.0045042 0.2069235 204 216 232
-0.1538701 -0.0507100 0.3539077 204 216 232
0.2312532 0.0807282 0.3023145 204 216 232
0.2454612 -0.2395847 0.2963707 204 216 232
-0.2317985 0.2585711 -0.1558052 204 216 232
0.5065110 -0.2105280 0.0053713 204 216 232
-0.0840528 0.2537720 -0.1994622 204 216 232
-0.0419267 -0.3605324 0.2671956 204 216 232
0.3081093 0.2274120 -0.0977824 204 216 232
0.2289136 -0.3985571 0.1702180 204 216 232
-0.1017257 0.2523622 -0.2153476 204 216 232
-0.5165967 -0.0437760 0.0281676 204 216 232
-0.3437962 -0.0071888 0.2698368 204 216 232
0.1721758 0.0759149 0.3248962 204 216 232
-0.4412700 0.0246466 -0.1688864 204 216 232
-0.0759130 0.1749565 -0.3052419 204 216 232
0.2068834 -0.1250798 0.3457615 204 216 232
0.4597546 -0.2554889 -0.0344647 204 216 232
0.2597274 0.2467764 -0.1418442 204 216 232
0.1446165 -0.1339601 0.3696747 204 216 232
-0.3028692 -0.1427565 -0.3040341 204 216 232
0.0237257 -0.3367774 0.3104682 204 216 232
0.1762588 -0.1167630 -0.3557004 204 216 232
0.4133199 -0.2758186 -0.1412855 204 216 232
0.2911477 -0.3647628 0.1657913 204 216 232
-0.0672497 0.1619921 0.3159733 204 216 232
-0.1787316 0.1965314 0.2527073 204 216 232
-0.3176791 0.1151435 0.2269008 204 216 232
-0.4733628 -0.2185429 0.1141652 204 216 232
-0.3966504 -0.1595312 -0.2344705 204 216 232
0.3509803 -0.0007745 -0.2669795 204 216 232
-0.5088633 0.0031963 0.0742839 204 216 232
-0.0574909 0.3309321 0.0032992 204 216 232
-0.3139098 -0.3968379 0.0501489 204 216 232
0.4998051 -0.1783857 -0.0641836 204 216 232
-0.4373282 0.1349022 0.0218293 204 216 232
0.3477255 0.0814627 -0.2426115 204 216 232
0.0417602 0.2381155 -0.2329356 204 216 232
-0.4052102 -0.3401670 0.0526402 204 216 232
-0.5182199 -0.0624851 -0.0577824 204 216 232
-0.2171315 0.0443300 -0.3360912 204 216 232
-0.4696344 -0.0974796 0.1830840 204 216 232
-0.1216714 0.2139571 -0.2688388 204 216 232
-0.1173843 -0.3814012 -0.2271268 204 216 232
-0.2343463 0.1155004 0.2796944 204 216 232
-0.0138140 -0.2406323 -0.3544572 204 216 232
-0.3942470 -0.1223556 -0.2433673 204 216 232
0.0384876 -0.1976038 0.3582314 204 216 232
-0.1583170 -0.4352577 0.1421138 204 216 232
-0.3326934 0.2245356 -0.0281652 204 216 232
0.5016571 -0.0656793 0.1158872 204 216 232
0.4272957 0.0029656 0.2086855 204 216 232
0.3287160 0.2273882 -0.0213188 204 216 232
0.3637110 -0.0625090 0.2764904 204 216 232
-0.0664338 -0.4663132 0.1071599 204 216 232
0.1638675 -0.1000818 -0.3643452 204 216 232
0.0517632 0.1715560 0.2863362 204 216 232
0.1375007 -0.4525483 0.1184423 204 216 232
-0.2302360 -0.3708294 -0.1875709 204 216 232
-0.2781281 -0.1209086 0.3032239 204 216 232
0.5001838 -0.1665486 -0.0803461 204 216 232
-0.2961360 -0.0427122 -0.3078906 204 216 232
0.2816370 -0.2471123 -0.2734696 204 216 232
0.3733391 -0.3799163 -0.0196380 204 216 232
-0.1357459 -0.0866933 0.3720511 204 216 232
-0.1849274 0.2794235 0.1303238 204 216 232
0.4546649 -0.1099078 0.1918573 204 216 232
0.1466332 0.1443440 -0.2950723 204 216 232
0.3951474 0.1141380 0.1592181 204 216 232
0.1625907 -0.3445400 -0.2550950 204 216 232
-0.1871016 0.2809754 0.1478600 204 216 232
-0.1061293 -0.0693000 -0.3689484 204 216 232
0.0158519 0.3180739 0.1112103 204 216 232
0.1776974 -0.2222043 -0.3414425 204 216 232
0.1630608 0.2311371 0.1782621 204 216 232
-0.0879649 -0.4517802 0.1831933 204 216 232
-0.4524863 -0.0862437 0.1952913 204 216 232
-0.3948898 0.1166307 -0.1513996 204 216 232
-0.0754062 -0.4655682 -0.1040693 204 216 232
0.0222863 0.1886695 0.2953968 204 216 232
-0.4719455 0.0904183 0.0566756 204 216 232
-0.2690817 0.1657824 -0.2188334 204 216 232
-0.1381477 0.1469318 0.3051527 204 216 232
-0.0645717 -0.4462755 -0.1756734 204 216 232
-0.4542146 0.0606533 -0.1192496 204 216 232
0.3061659 0.2328405 -0.0759763 204 216 232
-0.3321388 0.0362568 -0.2486996 204 216 232
0.2588136 0.0224877 -0.3119521 204 216 232
-0.3578905 -0.2006784 -0.2504384 204 216 232
0.3729744 0.1783635 -0.1076757 204 216 232
0.1255282 0.0451227 -0.3672318 204 216 232
-0.1422229 -0.4471640 -0.1352340 204 216 232
0.3202487 0.1081797 0.2398747 204 216 232
-0.4045579 -0.2484607 0.1698371 204 216 232
-0.2654102 -0.4276121 0.0081468 204 216 232
0.0874886 0.2679739 0.1987016 204 216 232
-0.0096466 -0.0192774 -0.3817980 204 216 232
0.1655641 -0.2895652 0.3027730 204 216 232
0.3878183 0.0799789 0.2068075 204 216 232
-0.3491610 -0.1512195 0.2679995 204 216 232
0.3518257 0.0240940 -0.2494034 204 216 232
0.3082021 0.0836840 0.2663604 204 216 232
-0.3687140 0.1769334 -0.0850095 204 216 232
-0.1458715 -0.4732190 -0.0241756 204 216 232
0.1166743 -0.3020512 -0.3088830 204 216 232
0.0105264 0.1945951 -0.2786026 204 216 232
0.2749259 -0.3902809 -0.1470313 204 216 232
0.4302167 -0.0483985 0.1971099 204 216 232
-0.2185660 0.1239668 -0.2807680 204 216 232
-0.3638660 0.1236273 0.1793441 204 216 232
0.0798859 0.2447639 0.2272227 204 216 232
-0.4408711 -0.0632133 0.2014194 204 216 232
-0.1723576 0.1563797 -0.2859610 204 216 232
-0.4413956 -0.0181202 -0.1878332 204 216 232
0.2451848 0.1562505 0.2487516 204 216 232
0.1742585 -0.0629272 0.3628010 204 216 232
0.1607395 0.3070670 -0.0623027 204 216 232
-0.1942536 0.2022997 0.2247460 204 216 232
0.3136185 0.2334803 0.0553708 204 216 232
-0.2194301 -0.0623683 -0.3413805 204 216 232
0.1059738 -0.1410593 0.3672450 204 216 232
-0.4704176 0.0999293 -0.0174916 204 216 232
-0.4369557 -0.3062016 -0.0435197 204 216 232
0.1927784 -0.4518543 0.1070897 204 216 232
-0.4029064 -0.0206883 0.2368686 204 216 232
0.3511192 -0.2801431 0.2018350 204 216 232
0.2164387 0.2175628 -0.2126438 204 216 232
-0.2724080 0.2787900 0.0613132 204 216 232
-0.2418858 -0.3139865 0.2625006 204 216 232
0.1359497 -0.0984094 0.3835376 204 216 232
0.0072972 -0.0895616 -0.3749310 204 216 232
-0.2204926 0.0676489 -0.3252918 204 216 232
0.0033963 -0.4780204 -0.0511561 204 216 232
-0.3765908 -0.3503600 0.0514142 204 216 232
-0.2056616 0.2618085 -0.1395877 204 216 232
0.4621449 0.0121033 0.1243763 204 216 232
0.5090117 -0.0355480 0.0638795 204 216 232
-0.4781218 0.0590993 0.0688027 204 216 232
-0.2344491 0.2784458 0.0605428 204 216 232
0.2902058 -0.3850928 0.1359258 204 216 232
0.2579992 0.0516573 -0.3074739 204 216 232
0.3374372 0.1986464 0.1464101 204 216 232
0.3806061 -0.3645210 0.0491003 204 216 232
-0.0704270 -0.1674412 -0.3711513 204 216 232
0.0540463 -0.4899372 -0.0352539 204 216 232
-0.1945821 -0.3201933 0.2746902 204 216 232
0.4417496 -0.2576241 0.1313832 204 216 232
0.0231820 -0.3840218 -0.2354075 204 216 232
-0.1970577 0.0921998 0.3125967 204 216 232
0.2027278 -0.1669954 0.3384397 204 216 232
0.2654770 0.2257789 -0.1433746 204 216 232
-0.3119270 0.0741310 0.2763453 204 216 232
-0.4011180 -0.1415017 0.2339329 204 216 232
-0.3879917 -0.1754786 -0.2314163 204 216 232
0.4210477 -0.2250099 0.1490123 204 216 232
-0.2763431 -0.3493419 0.1928571 204 216 232
0.4905315 -0.2197791 -0.0427141 204 216 232
0.3195747 -0.3691942 0.1432163 204 216 232
-0.4705779 -0.2571000 -0.0858464 204 216 232
0.2734815 0.2269497 -0.1912183 204 216 232
-0.0766495 -0.0811929 -0.3777798 204 216 232
-0.0788292 -0.4692499 -0.0992990 204 216 232
0.1236930 0.0854397 0.3282570 204 216 232
0.1945824 -0.1276864 -0.3513289 204 216 232
-0.0685164 -0.1436453 0.3783722 204 216 232
0.2132806 -0.2646159 -0.2893697 204 216 232
0.2126342 0.1329228 -0.3012136 204 216 232
-0.4788407 0.0063145 -0.1114155 204 216 232
0.3766434 -0.0697124 -0.2607072 204 216 232
0.3518624 -0.3361872 -0.1511674 204 216 232
0.3594649 0.1046465 0.2398740 204 216 232
0.4741821 0.0837411 -0.0586634 204 216 232
-0.4085095 0.0934960 0.1513761 204 216 232
-0.5009002 -0.1065080 0.0218209 204 216 232
-0.1482697 -0.1187088 -0.3512070 204 216 232
-0.2227006 -0.1066817 -0.3325396 204 216 232
-0.0031649 0.2698602 -0.1925167 204 216 232
-0.5086259 -0.1103010 -0.0566561 204 216 232
-0.0618760 0.2683804 -0.1880873 204 216 232
0.4099877 0.1642875 -0.0414336 204 216 232
0.0764259 0.3447490 -0.0174570 204 216 232
-0.3438916 -0.1618988 -0.2729619 204 216 232
-0.4804896 -0.2326218 -0.0890481 204 216 232
0.1635229 -0.1784858 -0.3584176 204 216 232
0.3414718 -0.0969100 -0.2736354 204 216 232
-0.2474314 -0.4287660 0.0055510 204 216 232
-0.0788456 0.3183056 0.0288966 204 216 232
-0.5059190 -0.0290226 -0.0522907 204 216 232
-0.1812045 0.2746963 0.1188744 204 216 232
-0.3069018 -0.2115982 -0.2838907 204 216 232
-0.3170522 0.0074417 -0.2915558 204 216 232
0.2873449 -0.1125865 -0.3158533 204 216 232
0.1675408 -0.1860895 0.3477519 204 216 232
0.2412500 0.2479460 -0.1096447 204 216 232
-0.1325261 0.1418908 -0.3055611 204 216 232
0.2467442 0.1592373 -0.2510389 204 216 232
-0.4537129 0.1420877 -0.0424667 204 216 232
-0.2896629 0.2648904 0.0124956 204 216 232
0.4007642 0.0650860 -0.1804771 204 216 232
-0.2121698 -0.1850940 0.3232043 204 216 232
-0.0152061 -0.4574067 0.1399437 204 216 232
-0.0572997 0.2632898 -0.1863744 204 216 232
0.1080538 0.1747770 0.2723283 204 216 232
-0.0898060 -0.1329091 -0.3728271 204 216 232
0.1805395 -0.4211242 -0.1463480 204 216 232
-0.0515981 0.2463550 0.2390632 204 216 232
-0.4488778 0.1007970 -0.0226194 204 216 232
-0.2503097 -0.3898485 -0.1213759 204 216 232
-0.4167952 0.1651890 -0.0181889 204 216 232
-0.4082323 -0.0681873 -0.2368913 204 216 232
0.3346677 0.2260585 -0.0939284 204 216 232
0.4905646 -0.2260056 0.1066777 204 216 232
0.5245156 -0.0985922 -0.0444747 204 216 232
-0.3761839 0.1738791 0.0899201 204 216 232
-0.4095891 -0.3383406 0.0683157 204 216 232
0.1999306 0.2066544 0.2366609 204 216 232
-0.1410407 -0.1660689 0.3558109 204 216 232
-0.0146662 0.1477281 0.3073639 204 216 232
0.4535025 0.0097063 -0.1680218 204 216 232
-0.4798860 0.0984552 -0.0314479 204 216 232
-0.1479637 -0.1106178 -0.3683502 204 216 232
0.1281923 -0.1769822 0.3570292 204 216 232
0.1693864 -0.4240980 0.1746982 204 216 232
-0.4625340 -0.2588262 -0.0325272 204 216 232
0.0539220 -0.1746545 -0.3646085 204 216 232
0.5250075 -0.0904986 0.0088882 204 216 232
-0.2010652 -0.1572670 0.3352443 204 216 232
0.0688516 -0.3005898 0.3262207 204 216 232
-0.2367752 -0.3534068 -0.2301429 204 216 232
-0.3556797 0.1821773 0.1535898 204 216 232
0.4766800 -0.0763165 0.1062294 204 216 232
0.1144215 -0.4143682 0.1911387 204 216 232
-0.0563171 -0.0207584 0.3743896 204 216 232
-0.3622078 0.1791391 0.1286065 204 216 232
-0.0812414 -0.0438451 0.3815295 204 216 232
-0.1678583 0.2364207 -0.2100172 204 216 232
-0.2256997 -0.4156672 -0.1416311 204 216 232
-0.4038409 -0.3180969 0.0787252 204 216 232
0.0641984 0.3385049 0.0096068 204 216 232
-0.1471692 0.2799010 -0.1499858 204 216 232
0.1009209 0.2365356 0.2185640 204 216 232
-0.3989273 0.1072496 -0.1864026 204 216 232
-0.3706049 0.1916371 0.0821426 204 216 232
0.1140564 -0.1723941 -0.3480278 204 216 232
0.3962535 0.1688625 0.0930641 204 216 232
0.4000270 0.1656980 0.0597533 204 216 232
-0.1208179 -0.0743394 -0.3648968 204 216 232
-0.4255725 0.0983421 -0.1387809 204 216 232
-0.4354773 -0.2829736 -0.0824009 204 216 232
0.2184218 0.0201154 -0.3299459 204 216 232
0.0018188 0.1129242 -0.3406698 204 216 232
0.0993777 -0.3970012 -0.2224479 204 216 232
-0.3048103 -0.1775058 0.3015878 204 216 232
-0.2616276 0.2729734 0.0043609 204 216 232
-0.1871435 0.2548953 -0.1629206 204 216 232
-0.0892616 -0.0706477 -0.3776799 204 216 232
0.0398033 0.2513694 -0.2225837 204 216 232
0.5148985 -0.0546355 -0.0570068 204 216 232
-0.3276151 0.0246162 0.2837208 204 216 232
-0.2472789 -0.4173108 0.1379005 204 216 232
-0.1006125 -0.1403064 0.3730155 204 216 232
0.1363291 -0.0523742 -0.3618549 204 216 232
-0.2411153 -0.2132328 0.3161773 204 216 232
-0.2731648 0.1387613 0.2475358 204 216 232
-0.1217298 0.2944490 0.0076854 204 216 232
-0.0128433 -0.4613002 -0.1449946 204 216 232
-0.3418547 0.0116201 -0.2834096 204 216 232
0.4344583 -0.1914151 0.1968495 204 216 232
0.3790137 0.1437389 -0.1711528 204 216 232
-0.5112652 -0.0791209 0.1405444 204 216 232
0.4033747 -0.1330194 0.2238063 204 216 232
0.3772159 0.0341393 0.2359626 204 216 232
0.3384923 -0.0717495 0.2930258 204 216 232
0.2930042 -0.3369054 0.2132599 204 216 232
0.3240812 -0.4009496 0.0413610 204 216 232
-0.1526192 0.1696574 0.2946725 204 216 232
-0.3572475 0.0638672 0.2492676 204 216 232
0.3807432 -0.2658435 -0.1913096 204 216 232
0.0920325 -0.3818677 -0.2600350 204 216 232
-0.5151561 -0.0331661 -0.0153567 204 216 232
-0.3334596 -0.2833024 0.2089158 204 216 232
-0.1563351 -0.4723090 -0.0720518 204 216 232
-0.3277526 0.2333130 0.0039633 204 216 232
-0.1849070 0.1490715 -0.2834812 204 216 232
0.2923195 0.2021755 -0.1733335 204 216 232
0.3871915 0.1232354 0.1834966 204 216 232
0.1164473 -0.2017773 -0.3524336 204 216 232
-0.2289830 -0.4193551 0.1440732 204 216 232
-0.3039081 0.1305828 -0.2296674 204 216 232
0.5086181 -0.1007511 0.0926099 204 216 232
0.3289120 0.1268971 0.2057264 204 216 232
-0.2114339 -0.3682165 -0.2295465 204 216 232
0.4284733 0.0920165 -0.1065263 204 216 232
0.4391398 0.1237760 0.1417025 204 216 232
-0.2692333 -0.3464059 0.2047008 204 216 232
-0.3081924 0.2267227 -0.1047402 204 216 232
0.5027885 -0.1454096 0.1149449 204 216 232
-0.1359559 0.2238927 -0.2455742 204 216 232
0.1939939 0.0803201 -0.3027279 204 216 232
0.0817103 -0.4866750 -0.0097047 204 216 232
-0.1603432 -0.1697307 0.3658643 204 216 232
-0.4692115 -0.2587584 -0.0234914 204 216 232
-0.4286714 0.1491519 -0.0033308 204 216 232
0.0300516 -0.4136203 0.2049380 204 216 232
0.1081474 0.2835428 -0.1484753 204 216 232
-0.2276861 -0.0985997 -0.3410041 204 216 232
0.0201838 -0.2500040 0.3386512 204 216 232
-0.1688595 -0.0298117 -0.3486646 204 216 232
-0.1800476 -0.4049768 -0.1930305 204 216 232
0.1795497 -0.3516121 0.2409111 204 216 232
-0.2308505 -0.1607541 0.3208345 204 216 232
-0.3227946 -0.3130579 -0.2057771 204 216 232
0.4073382 0.1821879 -0.0613497 204 216 232
-0.3589750 0.0695042 0.2383824 204 216 232
-0.2539345 -0.0844606 -0.3326640 204 216 232
-0.4113838 -0.2224364 0.1847781 204 216 232
-0.1315012 -0.0204842 0.3623755 204 216 232
-0.1043529 -0.1326677 0.3680538 204 216 232
-0.0242163 0.3240851 -0.0048242 204 216 232
-0.3179291 -0.1464041 -0.2945168 204 216 232
0.2705470 -0.3557427 -0.2277867 204 216 232
-0.5147495 -0.1076930 0.0575818 204 216 232
0.3701907 -0.1425596 0.2576748 204 216 232
0.2380618 -0.4399533 0.0315175 204 216 232
-0.0639138 -0.0540381 -0.3714376 204 216 232
-0.0486506 0.2214402 -0.2622359 204 216 232
-0.1695092 -0.4019759 0.1860868 204 216 232
-0.2887463 -0.3355014 -0.2053760 204 216 232
-0.2957273 0.2110268 -0.1369873 204 216 232
0.2179027 0.1389503 -0.2808554 204 216 232
-0.3990485 0.1149349 -0.1490315 204 216 232
-0.5027657 -0.1133092 0.0432821 204 216 232
-0.3497877 0.2211404 0.0288837 204 216 232
-0.2119070 -0.4019143 -0.1795082 204 216 232
0.1508823 -0.3642931 0.2576734 204 216 232
-0.1486402 0.1271060 0.3202165 204 216 232
-0.1978718 0.3094055 0.0272175 204 216 232
-0.3174007 -0.2152711 -0.2702351 204 216 232
-0.2395497 -0.2285070 0.2957258 204 216 232
0.1888538 -0.4664503 -0.0204813 204 216 232
-0.3591963 -0.2678894 0.1941793 204 216 232
0.0495756 -0.2972226 -0.3261667 204 216 232
0.2771397 0.1100788 0.2642381 204 216 232
0.3733969 0.2211834 -0.0871593 204 216 232
0.1188598 -0.1158222 -0.3765592 204 216 232
-0.0299774 -0.0106130 -0.3697200 204 216 232
-0.2890224 -0.4267080 -0.0133575 204 216 232
0.0411467 0.2055876 -0.2591714 204 216 232
-0.1438070 0.2832146 -0.1623437 204 216 232
-0.5049305 -0.0310659 -0.1307529 204 216 232
-0.1065497 -0.1464534 0.3572034 204 216 232
-0.1746939 0.2144926 -0.2210706 204 216 232
0.0532443 -0.3587278 0.2614457 204 216 232
0.4975019 -0.1420446 -0.0879784 204 216 232
0.0873202 -0.4762497 0.0706632 204 216 232
0.4897997 0.0017271 -0.1140156 204 216 232
-0.1429709 0.2667333 -0.1695458 204 216 232
-0.1589861 -0.4513820 -0.1071294 204 216 232
0.2292639 -0.4371800 0.1161798 204 216 232
-0.0837075 0.2823791 -0.1644626 204 216 232
0.0439319 -0.3337098 0.2791505 204 216 232
0.2063279 0.0778475 -0.3085607 204 216 232
0.2702875 0.2555006 0.0216409 204 216 232
-0.0104405 -0.4293145 -0.2017276 204 216 232
0.1796173 -0.4714206 -0.0181796 204 216 232
-0.0970501 -0.3765070 -0.2532351 204 216 232
0.4909546 0.0180430 -0.0723057 204 216 232
0.0159926 0.2847007 0.1588911 204 216 232
-0.2579026 -0.2649568 0.2809460 204 216 232
-0.4501654 -0.0541757 -0.1766024 204 216 232
-0.3268933 0.2412742 -0.0170892 204 216 232
0.3610379 0.0025398 -0.2549831 204 216 232
-0.4123819 0.1657214 -0.0274286 204 216 232
0.1222026 0.2039514 0.2477134 204 216 232
-0.1085502 -0.4443991 0.1607499 204 216 232
-0.2231194 -0.3742798 -0.2136985 204 216 232
0.1371737 -0.0967475 0.3651626 204 216 232
-0.2518289 -0.3408329 -0.2415510 204 216 232
-0.2531951 -0.0678672 0.3356827 204 216 232
0.1552344 0.1964760 -0.2483113 204 216 232
-0.1177145 -0.2492711 -0.3474301 204 216 232
0.2575618 0.1953162 -0.1995740 204 216 232
-0.1422044 -0.0180468 0.3570001 204 216 232
0.2324613 -0.0400767 0.3319960 204 216 232
-0.2739254 0.2644327 0.0591220 204 216 232
-0.1926423 -0.4590001 0.0826333 204 216 232
-0.1638169 -0.2936007 0.3103613 204 216 232
-0.2164308 0.2871624 -0.0540005 204 216 232
-0.1479394 -0.2433243 -0.3317818 204 216 232
-0.4089256 0.0438206 0.2205492 204 216 232
-0.3520198 0.0141422 -0.2508185 204 216 232
-0.0769612 -0.3716640 0.2802883 204 216 232
0.3616708 0.0347415 -0.2609850 204 216 232
-0.0379690 0.0649664 -0.3638452 204 216 232
0.1123609 -0.1026310 -0.3747495 204 216 232
-0.3685792 -0.3408690 -0.0903297 204 216 232
0.0070530 0.2248296 -0.2574629 204 216 232
-0.0060192 -0.4946630 0.0066277 204 216 232
0.1403628 0.1171601 -0.3290623 204 216 232
0.2217403 0.0194797 0.3381531 204 216 232
0.2630732 0.1879780 -0.2094311 204 216 232
0.3520192 -0.2419739 -0.2121883 204 216 232
-0.3572248 -0.3057959 -0.1698579 204 216 232
-0.0460814 -0.4999761 0.0552850 204 216 232
0.4348435 0.0941631 -0.1151768 204 216 232
-0.2856641 0.2239526 -0.1303899 204 216 232
-0.0074838 -0.1739678 0.3685213 204 216 232
0.1144070 -0.4535431 -0.1696345 204 216 232
0.3374969 0.0859246 0.2511344 204 216 232
0.1474211 -0.0215837 0.3622661 204 216 232
-0.0603357 -0.4228097 0.2066073 204 216 232
0.1885211 -0.2970971 0.2925449 204 216 232
0.1663908 -0.0976747 0.3551057 204 216 232
-0.1502440 0.1091986 0.3188636 204 216 232
0.2734098 0.0355422 0.3060825 204 216 232
-0.4461399 -0.1607324 -0.1984365 204 216 232
0.1390983 -0.2449420 -0.3293946 204 216 232
-0.4513200 0.0963296 -0.0776349 204 216 232
-0.2629195 0.2582274 0.0964752 204 216 232
-0.3681625 -0.3603502 0.0735399 204 216 232
-0.0617160 -0.2012541 -0.3630960 204 216 232
0.2456083 0.0567154 -0.3025143 204 216 232
-0.4808944 -0.1587634 0.1617125 204 216 232
0.2115097 0.0552799 -0.3316416 204 216 232
0.4505303 -0.2905447 0.0324461 204 216 232
0.1276834 0.3135189 0.1127407 204 216 232
0.4345324 -0.0344982 -0.2156247 204 216 232
0.1280504 -0.2678534 -0.3222918 204 216 232
-0.1805683 0.2905564 0.0713423 204 216 232
-0.1628991 -0.4065794 -0.1877734 204 216 232
-0.3513852 -0.1659516 -0.2790520 204 216 232
-0.5050609 0.0054787 0.0781563 204 216 232
-0.2883931 -0.3871527 -0.1385669 204 216 232
0.0765795 -0.1021545 0.3700789 204 216 232
-0.0854813 -0.4760622 -0.0392688 204 216 232
-0.5038723 -0.1764251 0.0176054 204 216 232
0.1846275 -0.4595865 -0.0803132 204 216 232
0.1123724 -0.2811290 0.3163217 204 216 232
-0.1813058 0.1716984 -0.2774701 204 216 232
0.0639748 0.0369111 0.3644203 204 216 232
0.2866754 -0.0155925 0.3060818 204 216 232
-0.1211359 -0.1535494 -0.3616016 204 216 232
0.2329887 0.2030029 -0.2264936 204 216 232
0.0952046 0.0449095 -0.3369276 204 216 232
0.3198588 0.1868978 0.1849800 204 216 232
0.1963826 0.1141592 0.3057709 204 216 232
0.2568365 -0.4055277 0.1329461 204 216 232
-0.3878157 -0.0546098 0.2537200 204 216 232
-0.0736436 -0.4164180 0.1806504 204 216 232
0.1654276 -0.4726287 0.0290289 204 216 232
0.3870183 -0.0248486 -0.2585143 204 216 232
-0.0509399 -0.4031833 -0.2319356 204 216 232
-0.1290027 -0.2518826 0.3363749 204 216 232
-0.2517527 -0.4422188 0.0655909 204 216 232
-0.4298731 0.0470722 0.1937575 204 216 232
-0.0105885 -0.4934765 -0.0209511 204 216 232
-0.4324583 0.1359720 0.0339610 204 216 232
0.3865406 -0.2408702 -0.2241102 204 216 232
0.0927690 0.0381886 0.3586871 204 216 232
-0.2948295 -0.3000889 0.2316157 204 216 232
0.1230791 0.1722872 0.2925243 204 216 232
0.0300617 -0.4568847 0.1593931 204 216 232
-0.3364519 -0.1987265 0.2579950 204 216 232
-0.3000589 -0.1322546 0.3053571 204 216 232
-0.1505818 0.0221526 -0.3594167 204 216 232
0.4667185 -0.0761022 -0.1709632 204 216 232
-0.3686273 -0.2268854 -0.2453872 204 216 232
-0.5107939 -0.0090381 -0.0393215 204 216 232
-0.3591178 0.0627824 -0.2313850 204 216 232
-0.0162490 -0.2887914 -0.3364316 204 216 232
0.4506159 -0.0543706 0.1709594 204 216 232
0.1710009 0.3051163 0.0575785 204 216 232
0.2787070 -0.4128110 -0.0751716 204 216 232
-0.2250931 0.2809945 0.0596851 204 216 232
-0.1466960 -0.3993020 -0.2137523 204 216 232
-0.4948344 -0.1325464 -0.1313716 204 216 232
0.1878754 0.2577841 0.1295517 204 216 232
-0.0866024 -0.3906941 0.2311473 204 216 232
-0.3018170 -0.3692198 -0.1201071 204 216 232
0.1627853 -0.2555762 0.3261690 204 216 232
-0.3353206 -0.3883330 0.0057741 204 216 232
-0.2275821 -0.3108561 0.2697135 204 216 232
0.2029854 -0.0644443 -0.3563271 204 216 232
-0.4328004 -0.1242655 0.2291123 204 216 232
-0.3657168 -0.0582302 -0.2661736 204 216 232
-0.1851309 0.3121138 -0.0348332 204 216 232
0.4978426 0.0618392 0.0468350 204 216 232
0.4542604 -0.0810487 0.1873780 204 216 232
0.1034617 0.3099085 0.0669755 204 216 232
-0.0303993 -0.3227203 -0.3083863 204 216 232
0.2177995 0.2901909 0.0549804 204 216 232
-0.5053892 -0.0400326 -0.0474934 204 216 232
-0.4440167 0.1273844 0.0678502 204 216 232
-0.2463838 0.2116412 -0.1855912 204 216 232
0.0050667 -0.4136976 0.2166465 204 216 232
0.4167160 0.1643622 0.0248273 204 216 232
0.1725682 0.2511514 -0.1691509 204 216 232
0.1512024 -0.4707948 -0.0506794 204 216 232
-0.3894452 -0.1367527 0.2610976 204 216 232
0.0447906 -0.4705743 -0.1486026 204 216 232
-0.1766437 -0.2230778 0.3318608 204 216 232
0.1683788 0.1392638 -0.3009091 204 216 232
-0.1141884 0.3183956 0.0997873 204 216 232
0.1912709 -0.1668711 0.3513353 204 216 232
0.0059049 0.2830197 -0.1900522 204 216 232
0.4251380 -0.0296504 -0.2083334 204 216 232
0.2894196 0.2264053 -0.1537533 204 216 232
0.4606072 -0.2735103 0.0279836 204 216 232
-0.4888018 -0.0393148 -0.1065347 204 216 232
0.0886957 -0.4748520 -0.0851612 204 216 232
-0.0064146 0.1396037 0.3203813 204 216 232
-0.0241682 0.2544805 0.2323361 204 216 232
0.2190944 -0.3339846 0.2475640 204 216 232
0.1782029 -0.1333591 0.3618937 204 216 232
0.3260157 -0.3769572 -0.1163262 204 216 232
-0.1792033 -0.0466066 0.3539692 204 216 232
0.5059857 -0.1087462 0.0717270 204 216 232
-0.0193404 -0.0963890 -0.3691742 204 216 232
0.4356818 -0.2012486 0.1614605 204 216 232
0.2173834 0.2107157 -0.1975454 204 216 232
-0.3544435 -0.3649263 -0.0701097 204 216 232
0.5045941 -0.0320924 0.0865961 204 216 232
-0.1908449 0.2657506 -0.1616121 204 216 232
0.3607515 -0.0272190 0.2598267 204 216 232
0.3754165 -0.2987776 0.1410501 204 216 232
-0.0375345 0.1118322 -0.3529662 204 216 232
-0.4071900 -0.3268926 0.0330508 204 216 232
-0.3503374 -0.3887750 -0.0231816 204 216 232
-0.0525185 0.0195332 0.3705201 204 216 232
0.4630065 -0.1109097 0.1713432 204 216 232
-0.1510797 0.2570643 0.1783582 204 216 232
-0.5242546 -0.1094568 0.0062063 204 216 232
-0.2250505 -0.1344046 -0.3424224 204 216 232
-0.3983922 -0.0050783 -0.2361337 204 216 232
0.2569781 -0.3910894 -0.1619297 204 216 232
0.0950658 0.1886339 0.2918079 204 216 232
-0.1352206 -0.0828876 -0.3690336 204 216 232
0.1328944 -0.2483718 -0.3248849 204 216 232
0.2251708 0.2305266 0.1885918 204 216 232
0.0701040 -0.2944587 0.3080688 204 216 232
0.3127267 -0.0454170 0.3034893 204 216 232
-0.0471324 0.1972374 0.2922171 204 216 232
-0.1926729 0.0846005 0.3153145 204 216 232
0.2827458 -0.3538151 -0.2118762 204 216 232
-0.1283703 0.3203522 -0.0102656 204 216 232
0.2301631 -0.4159238 -0.1415832 204 216 232
0.1973106 -0.0330604 0.3484959 204 216 232
0.1746010 -0.0112716 0.3520799 204 216 232
0.3606595 -0.3725385 0.0194834 204 216 232
0.1408542 -0.2662100 -0.3195092 204 216 232
-0.2702783 0.1412107 -0.2501705 204 216 232
0.4733834 -0.2225601 -0.0527739 204 216 232
-0.4659845 -0.0811952 0.1726589 204 216 232
-0.2877654 -0.1506840 -0.3056577 204 216 232
0.3741248 0.2040352 -0.0688838 204 216 232
0.2501726 -0.0967936 -0.3220825 204 216 232
-0.4726300 -0.2075688 -0.0981079 204 216 232
-0.3583932 0.0645960 -0.2429899 204 216 232
0.2786584 -0.0647582 0.3168133 204 216 232
-0.1249211 0.2198591 0.2385573 204 216 232
0.1937824 -0.4407309 -0.0930364 204 216 232
-0.2578932 -0.0528205 -0.3363954 204 216 232
0.2623321 -0.3651579 0.1917342 204 216 232
-0.4187001 0.0971292 0.1579753 204 216 232
-0.2249832 0.2425743 -0.1556400 204 216 232
-0.2082098 -0.1868151 0.3420160 204 216 232
0.4421996 -0.2412773 0.1241778 204 216 232
-0.0802468 0.2591842 0.2241173 204 216 232
-0.0984524 -0.3683939 0.2466918 204 216 232
-0.2259359 0.2678277 -0.1143415 204 216 232
0.2568356 -0.2064717 0.3113839 204 216 232
0.2620344 0.0285426 -0.3092748 204 216 232
-0.1859189 -0.3308260 0.2756094 204 216 232
0.2998808 0.0172945 -0.2907345 204 216 232
-0.3752022 -0.3161776 -0.1232254 204 216 232
0.3206736 -0.1937810 -0.2748739 204 216 232
0.2082830 -0.4546261 -0.0224847 204 216 232
-0.2116084 0.2907527 0.0025220 204 216 232
-0.1766730 0.2968819 0.0637173 204 216 232
-0.1006999 0.2583967 0.1879507 204 216 232
-0.0204666 -0.4990219 -0.0059121 204 216 232
-0.0217917 -0.4719130 -0.1014009 204 216 232
-0.2944148 -0.2983338 0.2573710 204 216 232
-0.0064361 0.2712285 -0.1836291 204 216 232
0.3961307 0.1853371 -0.0639822 204 216 232
0.1399738 0.2920007 -0.1347518 204 216 232
0.3343043 -0.3859317 0.0192226 204 216 232
0.5079288 -0.0222826 -0.0605587 204 216 232
0.1371337 -0.4220551 -0.2007739 204 216 232
0.3582708 -0.3830112 0.0300104 204 216 232
-0.2818153 -0.3731584 0.1759892 204 216 232
-0.4932906 0.0225826 -0.0930668 204 216 232
0.0205951 -0.4828754 -0.0375551 204 216 232
0.0558198 -0.4127586 0.2244676 204 216 232
0.1701342 0.3195228 -0.0248099 204 216 232
-0.0683781 0.2629645 0.2011748 204 216 232
-0.0212024 -0.4519259 0.1543517 204 216 232
-0.1325700 0.1542970 -0.2944987 204 216 232
0.3455566 0.2108259 -0.1047913 204 216 232
0.0198370 -0.0628030 -0.3915593 204 216 232
-0.2484611 -0.3631819 -0.2197280 204 216 232
-0.0969968 -0.0649623 -0.3711939 204 216 232
-0.2997477 -0.4076901 -0.0234780 204 216 232
0.4639508 -0.2373065 -0.0700594 204 216 232
-0.3857678 -0.3777983 -0.0275726 204 216 232
-0.3037851 -0.0248465 -0.3026356 204 216 232
-0.4415849 -0.2492568 -0.1315077 204 216 232
0.3544013 -0.1483318 0.2818555 204 216 232
-0.0575749 -0.4474858 0.1538555 204 216 232
-0.4591148 -0.2322604 0.1136322 204 216 232
0.0204708 0.1278541 0.3278303 204 216 232
-0.5133375 -0.0116322 -0.0499321 204 216 232
0.0618667 0.1473045 0.3132413 204 216 232
-0.5001173 0.0065138 0.0696575 204 216 232
-0.4338708 0.0276884 0.1845129 204 216 232
-0.5153539 -0.1524586 -0.0260438 204 216 232
0.0060794 -0.3670226 -0.2675666 204 216 232
0.4798786 -0.2264654 0.0572973 204 216 232
0.5036072 0.0257675 0.0794642 204 216 232
-0.2341054 -0.2347190 -0.3100514 204 216 232
-0.3625691 -0.2619358 0.2454730 204 216 232
-0.4423664 0.1200842 -0.1459806 204 216 232
0.0838093 0.3043286 -0.1446684 204 216 232
0.3939745 0.1505412 -0.1542558 204 216 232
0.0520495 -0.3496740 -0.2834772 204 216 232
-0.0093491 -0.4881335 0.0991637 204 216 232
-0.2777781 -0.1461313 -0.3127328 204 216 232
-0.4854808 -0.1128371 -0.0894398 204 216 232
0.1767899 0.0175909 -0.3415191 204 216 232
0.2936054 0.2244749 0.0904433 204 216 232
-0.3750542 -0.1919375 0.2329042 204 216 232
-0.4117570 -0.2695694 -0.1727974 204 216 232
0.0874066 0.1893202 0.2850499 204 216 232
0.4195896 -0.3055062 0.0307877 204 216 232
-0.4758208 0.0588723 0.0838149 204 216 232
0.3888020 -0.2322806 0.2141627 204 216 232
-0.1701193 -0.0848224 0.3589607 204 216 232
0.1430049 0.1338135 -0.2925194 204 216 232
-0.0274452 0.1120905 0.3444880 204 216 232
0.3205723 -0.3749606 0.1371303 204 216 232
0.0143202 -0.1808740 0.3684143 204 216 232
-0.3099785 0.0321291 0.2902217 204 216 232
-0.2870344 -0.3029144 0.2270947 204 216 232
0.2788538 -0.0432925 0.3083737 204 216 232
-0.0916562 -0.4177035 0.1790306 204 216 232
0.4394161 -0.0832714 -0.1915721 204 216 232
-0.1789448 -0.4082637 0.1916065 204 216 232
0.4860724 0.0819785 -0.0505749 204 216 232
0.1409286 0.2944187 -0.1305926 204 216 232
-0.0759971 -0.2538042 0.3456596 204 216 232
-0.2326896 0.2017097 -0.2225763 204 216 232
-0.3375973 -0.3764454 -0.0369489 204 216 232
0.4544908 -0.2272653 0.1567847 204 216 232
-0.0336433 0.0005578 0.3680111 204 216 232
-0.1816585 0.1609626 0.2748380 204 216 232
-0.2582281 -0.3126779 -0.2549938 204 216 232
-0.4274075 0.1101743 0.1055174 204 216 232
-0.2832494 0.2080762 0.1814238 204 216 232
-0.1267381 0.0369749 0.3448672 204 216 232
0.3898262 -0.2853132 -0.1701312 204 216 232
-0.2361607 0.2198187 -0.1801647 204 216 232
-0.4378963 -0.0384766 -0.1986615 204 216 232
-0.3809370 -0.3644566 -0.0275221 204 216 232
0.4309719 0.1534653 0.0089727 204 216 232
0.3139678 0.0566083 0.2662728 204 216 232
0.1674623 0.0449765 -0.3484173 204 216 232
0.4459544 0.1304729 0.0725972 204 216 232
-0.1044613 -0.4477217 0.1675575 204 216 232
0.1495301 0.1702648 -0.2891924 204 216 232
0.4833725 -0.2014312 -0.0851129 204 216 232
-0.4515618 -0.2743664 -0.0001249 204 216 232
-0.3840932 -0.3180361 0.1346152 204 216 232
-0.1051124 0.2516458 -0.2146413 204 216 232
-0.3766817 -0.3441290 -0.1375361 204 216 232
0.4724585 -0.0208527 -0.1184221 204 216 232
-0.1604660 0.0842077 -0.3282403 204 216 232
0.1283720 -0.4637979 -0.0918491 204 216 232
0.5102913 0.0395200 0.0096441 204 216 232
0.4620620 -0.2590912 -0.0579257 204 216 232
-0.2851736 -0.1868869 -0.3036173 204 216 232
0.3303959 -0.2551913 0.2638032 204 216 232
0.0545991 -0.4651865 -0.1338657 204 216 232
-0.1886052 -0.4491381 0.1083565 204 216 232
-0.4351975 -0.2042306 -0.1736502 204 216 232
0.3130085 -0.2470233 -0.2441552 204 216 232
-0.0289447 0.3277746 -0.0637801 204 216 232
0.0181561 0.3337999 0.0432230 204 216 232
-0.5004635 -0.1631851 -0.1137466 204 216 232
0.1272219 -0.2762668 0.3161823 204 216 232
-0.5185286 -0.1350593 0.0980605 204 216 232
-0.1517369 -0.3871028 0.2201059 204 216 232
0.3673007 0.1882102 0.0987461 204 216 232
0.0937372 -0.4294671 0.1636572 204 216 232
0.2666191 -0.3892508 -0.1697220 204 216 232
-0.0101846 0.0603941 -0.3629531 204 216 232
0.4682352 0.0748042 0.1051376 204 216 232
-0.3461213 -0.0086142 0.2652748 204 216 232
-0.4314098 0.1017743 0.1296987 204 216 232
-0.2401150 -0.1603980 -0.3421029 204 216 232
0.3484495 -0.3520235 -0.1849687 204 216 232
-0.4595802 -0.0809711 0.1750868 204 216 232
-0.0330727 0.0321339 0.3658848 204 216 232
-0.0469941 -0.4882011 0.0393962 204 216 232
0.4096499 -0.1887183 -0.2108948 204 216 232
0.2496437 -0.4112622 -0.1091888 204 216 232
0.3165343 0.1472832 -0.2174470 204 216 232
0.4004398 -0.2969617 -0.1310233 204 216 232
0.3661605 -0.1378675 -0.2574552 204 216 232
0.4189721 -0.1795687 0.2096087 204 216 232
0.1598922 0.2865147 0.1048588 204 216 232
0.1987770 0.1580793 -0.2754188 204 216 232
0.4923084 0.0128644 -0.0851353 204 216 232
-0.2501353 -0.1025370 0.3073303 204 216 232
-0.2124046 0.2599948 0.1669288 204 216 232
-0.0337301 -0.3584447 0.2711877 204 216 232
0.3444270 0.0804904 -0.2568732 204 216 232
0.0894429 -0.0115231 0.3686189 204 216 232
-0.1597089 0.2981592 0.1152413 204 216 232
0.1072594 -0.2614053 0.3316756 204 216 232
0.2925548 -0.1931405 -0.3070418 204 216 232
0.0239416 0.0341292 0.3571035 204 216 232
-0.0120098 -0.0251154 -0.3837365 204 216 232
0.0682632 0.0169093 -0.3749966 204 216 232
0.2043307 -0.2894960 0.2906809 204 216 232
-0.4616874 0.1124634 -0.0120438 204 216 232
-0.0964669 -0.2008685 -0.3530615 204 216 232
0.3642923 -0.3496859 -0.1188709 204 216 232
-0.3545390 0.1636086 0.1522798 204 216 232
-0.0535897 0.3181699 -0.1209840 204 216 232
0.1048950 0.3128790 -0.0685472 204 216 232
0.2271908 -0.3888129 0.2056011 204 216 232
0.0880839 0.0547685 0.3567882 204 216 232
-0.3626285 -0.2615691 -0.2254308 204 216 232
-0.3474967 0.2020285 0.1221493 204 216 232
-0.3825677 -0.1755478 -0.2596624 204 216 232
0.4669265 -0.0968880 -0.1575581 204 216 232
-0.4012335 -0.2926196 -0.1595372 204 216 232
0.5152543 -0.0562377 -0.0402306 204 216 232
0.0186267 0.3170367 -0.0654914 204 216 232
0.4817009 -0.1629611 -0.1046035 204 216 232
-0.0327664 -0.4838409 0.0191087 204 216 232
-0.2485349 0.0223948 -0.3258763 204 216 232
-0.1133848 -0.2975545 0.3151657 204 216 232
0.3313088 -0.3890606 -0.0616080 204 216 232
-0.2862842 0.2285594 0.1108974 204 216 232
-0.0545914 0.1015457 0.3371642 204 216 232
0.2896723 -0.0155667 0.3186432 204 216 232
0.0973753 -0.0270863 -0.3784001 204 216 232
-0.0617637 0.1669810 0.3206613 204 216 232
-0.1492721 -0.4612657 0.0489625 204 216 232
0.2523300 -0.4245485 0.0977448 204 216 232
0.3388048 -0.3507726 -0.1374397 204 216 232
0.1436592 -0.2123453 0.3289951 204 216 232
0.4423988 -0.3002683 -0.0396248 204 216 232
-0.1420135 -0.0402004 -0.3555246 204 216 232
-0.4594802 0.0638413 -0.1060839 204 216 232
0.3097199 -0.3010387 -0.2169669 204 216 232
-0.0276099 -0.3775853 0.2471159 204 216 232
-0.4835508 0.0698640 0.0458637 204 216 232
0.0953021 -0.4432764 0.1416071 204 216 232
-0.1664283 -0.0916677 -0.3589783 204 216 232
-0.0499645 -0.2587764 -0.3423747 204 216 232
-0.2498570 -0.0919963 -0.3289917 204 216 232
0.1515200 0.1679534 -0.2652252 204 216 232
-0.2901492 -0.1903180 -0.2965719 204 216 232
-0.4857897 0.0273765 0.0611671 204 216 232
-0.3703488 -0.3446144 -0.0880867 204 216 232
-0.4883968 0.0001921 0.1000799 204 216 232
0.3086185 -0.4313380 -0.0127678 204 216 232
-0.4759440 -0.2255683 -0.0546944 204 216 232
-0.4216111 0.1568581 -0.0207859 204 216 232
0.4001869 -0.2845480 0.1546731 204 216 232
0.4556954 0.0005027 0.1602710 204 216 232
-0.1819844 -0.4372630 -0.0992854 204 216 232
0.1671166 -0.4688816 -0.0778496 204 216 232
-0.1858964 -0.0142570 -0.3596978 204 216 232
0.4710618 -0.1798231 -0.1291072 204 216 232
-0.1678112 0.0005683 0.3428787 204 216 232
-0.3509522 -0.2041754 -0.2692597 204 216 232
-0.4633635 -0.2600372 -0.0055216 204 216 232
0.2164033 -0.4311082 0.1324394 204 216 232
0.2702126 0.0694474 -0.2960931 204 216 232
-0.3839524 0.1829244 -0.0964836 204 216 232
-0.4075460 -0.3117496 -0.1060632 204 216 232
0.3318208 -0.0001288 0.2674485 204 216 232
0.5227936 -0.0575824 0.0154514 204 216 232
-0.1984134 -0.1325813 -0.3418772 204 216 232
0.0284738 -0.4870022 0.0659546 204 216 232
-0.4194505 0.1267617 -0.0863463 204 216 232
-0.2712920 0.0092729 -0.3016907 204 216 232
0.5142203 -0.0894828 -0.0687841 204 216 232
-0.4363802 -0.2964513 0.0211383 204 216 232
-0.3714218 -0.3028054 0.1651724 204 216 232
-0.2506993 -0.0284872 0.3393727 204 216 232
0.0872121 0.0911974 -0.3508300 204 216 232
-0.2840010 -0.2755652 -0.2563245 204 216 232
-0.1499526 -0.1370209 -0.3451571 204 216 232
0.1019444 -0.4631852 0.0876618 204 216 232
-0.1454439 -0.3266291 0.2822066 204 216 232
0.3031877 -0.3691223 0.1448734 204 216 232
0.4811165 -0.2005738 -0.0149753 204 216 232
-0.4061516 -0.1559492 -0.2058387 204 216 232
0.0062158 0.3144239 -0.0880671 204 216 232
-0.2757020 -0.0292352 0.3179059 204 216 232
-0.3457961 -0.1399862 -0.2722500 204 216 232
-0.3447450 -0.2168535 -0.2449027 204 216 232
0.4229027 -0.0970489 0.2412025 204 216 232
0.2845050 -0.0942712 -0.3011134 204 216 232
-0.0246006 -0.3969051 0.2385647 204 216 232
-0.4460266 -0.0098804 -0.1934946 204 216 232
-0.0110208 -0.0435814 -0.3764085 204 216 232
0.4728200 0.1086398 -0.0644227 204 216 232
-0.5164804 -0.1307062 -0.0008814 204 216 232
-0.3709803 0.1562126 0.1375915 204 216 232
-0.1171012 -0.3460357 0.2739770 204 216 232
0.1588381 -0.4386601 0.1499792 204 216 232
0.1769413 -0.4571550 -0.1049496 204 216 232
0.0481556 -0.0737382 -0.3792711 204 216 232
-0.1058889 -0.4000064 0.2364423 204 216 232
-0.4797283 -0.1759221 -0.1248948 204 216 232
0.0402574 -0.3285226 0.3012764 204 216 232
-0.4395389 -0.3124397 0.0287682 204 216 232
-0.0707850 -0.3177831 0.3009085 204 216 232
-0.3020631 0.2177760 -0.1439259 204 216 232
-0.0209658 0.2631094 -0.1898123 204 216 232
-0.4780516 -0.0216238 0.1322370 204 216 232
0.2849232 0.0843723 -0.2756209 204 216 232
-0.2338589 0.2569658 -0.1482906 204 216 232
0.2027674 0.1010596 0.3109057 204 216 232
0.3472826 0.2012272 -0.0851193 204 216 232
0.4060913 -0.1452791 0.2373668 204 216 232
0.1908113 -0.1294169 -0.3546908 204 216 232
-0.4620519 0.0175910 0.1563456 204 216 232
-0.3122423 0.0416537 -0.2705519 204 216 232
0.4539226 0.1410433 -0.0179867 204 216 232
0.4717718 -0.1249522 0.1715348 204 216 232
-0.3109095 0.2402430 -0.0681022 204 216 232
0.1516830 -0.3195845 -0.2870491 204 216 232
0.0649989 0.2305735 0.2506713 204 216 232
-0.0312004 -0.0536256 -0.3832695 204 216 232
-0.4884178 -0.1674208 0.0728687 204 216 232
0.3579458 -0.3744304 -0.0584031 204 216 232
0.3305550 0.0077570 -0.2804370 204 216 232
-0.3038927 -0.2836297 0.2397508 204 216 232
-0.1878385 0.2837905 0.0692139 204 216 232
-0.3868028 0.1312802 0.1614048 204 216 232
-0.3212109 0.2002401 -0.1307141 204 216 232
0.5054394 -0.0617381 -0.0856536 204 216 232
-0.2231132 0.2570477 -0.1201833 204 216 232
-0.1049030 0.2053060 -0.2868859 204 216 232
-0.2925661 -0.3865805 -0.0998566 204 216 232
-0.2610962 -0.1912228 -0.3038441 204 216 232
0.3441094 0.0637282 0.2280156 204 216 232
-0.3524290 0.0790764 -0.2467003 204 216 232
-0.4137190 -0.0385247 -0.2347245 204 216 232
-0.0049604 0.3340802 0.0333504 204 216 232
0.2077502 -0.1654119 -0.3449206 204 216 232
-0.3190368 -0.0684620 -0.3058374 204 216 232
-0.5149860 -0.0332159 0.0899198 204 216 232
0.4002496 0.1381556 -0.1283764 204 216 232
-0.2549351 -0.3702365 0.1906409 204 216 232
0.0874944 -0.3104783 -0.3258693 204 216 232
0.0337965 -0.4522699 -0.1504083 204 216 232
0.4717112 0.0207480 0.1251998 204 216 232
0.1340450 0.0127684 0.3748415 204 216 232
0.0840038 0.2802849 -0.1573590 204 216 232
-0.0168755 -0.1135890 0.3787412 204 216 232
-0.3268435 -0.3789177 -0.1024462 204 216 232
-0.0325336 -0.4832047 -0.1081353 204 216 232
-0.5050162 -0.0274973 -0.0225591 204 216 232
-0.0493885 -0.4337823 -0.1910075 204 216 232
-0.2514830 0.0927721 0.2872280 204 216 232
-0.1907692 0.1264832 -0.2936602 204 216 232
-0.4695753 0.0725927 -0.0993199 204 216 232
0.1641047 -0.1673725 0.3617084 204 216 232
0.2159098 -0.2730230 -0.2821666 204 216 232
0.3436440 0.1495771 0.1974278 204 216 232
0.4821526 -0.1684140 0.1258833 204 216 232
0.1118442 -0.3776479 0.2536991 204 216 232
-0.2401252 -0.3884815 0.1867343 204 216 232
-0.4703224 -0.1157307 0.1398308 204 216 232
0.2346694 -0.4364715 0.0795008 204 216 232
0.4457476 0.1056462 0.0601328 204 216 232
-0.1886579 -0.3059045 -0.2853159 204 216 232
-0.0589777 0.0143692 0.3732558 204 216 232
0.0735565 0.3208598 0.0265284 204 216 232
-0.4959303 -0.1989253 0.0351936 204 216 232
-0.3790592 -0.0523523 0.2523040 204 216 232
-0.3877822 -0.0586787 0.2408464 204 216 232
-0.4202076 0.1483798 0.0189261 204 216 232
0.3774415 -0.3064947 0.1414887 204 216 232
-0.4445128 -0.1967585 -0.1573181 204 216 232
-0.1951023 0.1833116 0.2480714 204 216 232
-0.3528325 -0.2486030 0.2056372 204 216 232
-0.0054038 -0.4037677 -0.2172569 204 216 232
-0.1418643 -0.1885374 0.3483166 204 216 232
-0.0479323 0.2817684 0.1797614 204 216 232
-0.2678561 -0.4138017 0.1063914 204 216 232
0.2734426 0.2289664 0.1445473 204 216 232
-0.3312021 0.0155368 0.2802408 204 216 232
0.5116857 -0.0856116 0.0647223 204 216 232
0.2037154 -0.1105972 0.3481633 204 216 232
0.3366103 -0.3626720 0.1260401 204 216 232
0.0800486 0.2636237 -0.1973789 204 216 232
-0.1670621 -0.4559405 0.0983033 204 216 232
0.5123580 -0.1437996 -0.0632972 204 216 232
0.0767525 -0.0269837 -0.3690756 204 216 232
0.4139561 -0.1234683 0.2255416 204 216 232
0.1319164 0.3043959 -0.0846968 204 216 232
-0.1138930 -0.3712710 -0.2451483 204 216 232
-0.2324846 0.2122665 0.2077238 204 216 232
0.3662983 -0.3284779 0.1401359 204 216 232
-0.3852162 -0.0020031 0.2326240 204 216 232
0.1000372 -0.1692447 -0.3698024 204 216 232
-0.2669750 0.2584707 0.0678382 204 216 232
0.2186312 -0.1767254 -0.3387215 204 216 232
0.4635075 0.0361957 0.1283875 204 216 232
0.3589951 -0.3520210 0.0968107 204 216 232
0.2504847 -0.4296374 0.0307383 204 216 232
0.0414425 0.0019680 0.3676199 204 216 232
-0.1781024 0.0999063 0.3183709 204 216 232
0.4938789 -0.1694292 0.0726067 204 216 232
-0.0309251 -0.1469238 0.3688336 204 216 232
0.3606986 -0.2495249 0.2078666 204 216 232
-0.3775551 -0.3671490 0.0577557 204 216 232
0.4887348 0.0548704 -0.0429112 204 216 232
-0.0094847 0.2935278 -0.1288219 204 216 232
-0.2403640 -0.3684345 -0.2136503 204 216 232
0.1822491 -0.3370124 0.2557093 204 216 232
0.3394934 0.2325030 -0.0020967 204 216 232
-0.1396946 0.0493296 -0.3487619 204 216 232
-0.2138669 0.2177648 -0.2178262 204 216 232
-0.3363674 -0.0358527 -0.2773221 204 216 232
0.2943055 -0.4179836 -0.1242374 204 216 232
0.3708538 0.2048133 0.0195397 204 216 232
0.4334720 -0.3200000 -0.0235953 204 216 232
-0.1586038 -0.1977303 0.3404917 204 216 232
0.4487644 -0.2758055 0.0040146 204 216 232
-0.1543075 0.2550897 0.1850472 204 216 232
-0.3918573 -0.1428169 0.2347863 204 216 232
-0.3471154 0.1890605 0.1146944 204 216 232
0.0014644 0.0521644 0.3643960 204 216 232
-0.2283869 0.2663965 -0.0941972 204 216 232
-0.2486998 0.1761834 0.2429751 204 216 232
-0.0024413 -0.4327680 -0.2001451 204 216 232
-0.3778652 0.0793150 0.2096464 204 216 232
-0.4568242 -0.1574465 -0.1705729 204 216 232
-0.4781384 -0.1896281 -0.1287180 204 216 232
0.1068951 0.2713298 -0.1800982 204 216 232
0.3216200 0.1860065 -0.1720888 204 216 232
0.1001063 0.2712650 -0.1882349 204 216 232
0.3599151 -0.3192194 -0.1391189 204 216 232
0.1540338 0.3093886 -0.0597706 204 216 232
-0.3267269 0.0116309 0.2767200 204 216 232
-0.3345057 -0.0101158 0.2728747 204 216 232
-0.2289761 -0.2883259 0.2710919 204 216 232
-0.5229869 -0.0315502 0.0314322 204 216 232
0.4348436 0.0665459 0.1714874 204 216 232
0.0518376 0.0658448 -0.3539358 204 216 232
-0.4934986 -0.1702825 -0.1144395 204 216 232
-0.1682465 -0.3806835 -0.2272222 204 216 232
-0.2749927 -0.4266201 -0.0223155 204 216 232
-0.1965938 -0.1117036 -0.3416395 204 216 232
-0.4775885 0.0783819 0.0550768 204 216 232
-0.4860900 -0.2162129 0.1086312 204 216 232
-0.2357179 0.1052542 -0.2926561 204 216 232
0.4781153 -0.1561583 -0.1133074 204 216 232
0.2623846 -0.4226480 -0.1041865 204 216 232
-0.2608492 -0.4270430 0.0753023 204 216 232
-0.1364512 -0.1843913 0.3619152 204 216 232
0.1651273 0.1602274 -0.2960617 204 216 232
0.4598386 -0.2538958 -0.0750843 204 216 232
0.0527225 0.0918750 0.3407541 204 216 232
-0.2609543 0.0633252 0.3139516 204 216 232
0.4907552 0.0108045 -0.1340301 204 216 232
-0.1593999 0.0048157 -0.3497874 204 216 232
0.0413186 -0.4841526 0.0797248 204 216 232
-0.4603612 0.0663096 0.0997415 204 216 232
-0.4493267 -0.1979652 0.1492291 204 216 232
-0.4099102 -0.1608954 -0.2220803 204 216 232
-0.4987012 -0.0531169 0.1222617 204 216 232
-0.1453350 -0.1099096 0.3636266 204 216 232
0.2850102 0.2384794 0.0691474 204 216 232
0.3252374 0.2362353 -0.0146486 204 216 232
0.4980462 -0.1555903 0.0435121 204 216 232
0.0002120 -0.5006086 -0.0228484 204 216 232
-0.1140494 -0.1272358 0.3646698 204 216 232
-0.4099028 -0.2066084 0.1978420 204 216 232
0.2477375 -0.0181158 -0.3107840 204 216 232
0.4709829 0.0589790 -0.0924328 204 216 232
-0.4022534 0.1228834 -0.1532655 204 216 232
-0.3193545 -0.3540710 0.1330154 204 216 232
0.2387050 0.2548246 -0.1409670 204 216 232
0.0805654 -0.3348884 0.3026377 204 216 232
-0.2520404 0.1942682 0.2151064 204 216 232
0.1588092 -0.4566591 -0.1278518 204 216 232
-0.2873995 0.2606360 0.0321820 204 216 232
-0.0677561 0.1160131 0.3224339 204 216 232
-0.0869881 0.1102673 -0.3275392 204 216 232
0.0335323 -0.3780383 0.2495155 204 216 232
0.1779938 0.1527411 -0.2843455 204 216 232
-0.3827051 0.0255388 0.2485171 204 216 232
0.3479052 -0.3805423 0.0141980 204 216 232
0.2585722 -0.3883311 -0.1632642 204 216 232
-0.1926627 -0.3163052 0.2768809 204 216 232
-0.2105145 0.1976200 -0.2295433 204 216 232
-0.1545339 0.2253949 -0.2166312 204 216 232
0.4280377 -0.0432963 -0.2216776 204 216 232
-0.1184137 0.1577226 -0.2953740 204 216 232
0.4244636 -0.1676334 -0.2308760 204 216 232
-0.3438385 0.1541740 0.1649338 204 216 232
-0.1202057 -0.0138866 0.3711530 204 216 232
-0.2317801 -0.3922453 -0.1434450 204 216 232
0.2340611 -0.1682137 -0.3172649 204 216 232
-0.3290457 -0.0119473 0.2905565 204 216 232
0.4150329 0.0954418 -0.1693287 204 216 232
-0.2972636 -0.0205234 -0.3085581 204 216 232
-0.0462418 -0.1622123 -0.3733125 204 216 232
0.0529611 -0.4075744 0.2033519 204 216 232
-0.1773564 -0.2587254 -0.3240038 204 216 232
0.4035043 -0.1746323 -0.2141261 204 216 232
-0.2653609 -0.1126933 0.3352299 204 216 232
0.2084884 0.1039412 0.3003382 204 216 232
0.5150278 -0.0894448 0.0058357 204 216 232
0.4921819 -0.1346849 0.1146653 204 216 232
0.1905061 0.2186913 0.1923828 204 216 232
-0.2295994 0.2714247 0.0768582 204 216 232
0.4840388 -0.1681487 0.1586643 204 216 232
-0.1904340 0.1299061 -0.3059979 204 216 232
0.0735022 0.1028767 -0.3280918 204 216 232
0.2885373 -0.4229502 -0.0088091 204 216 232
0.4056506 -0.3266045 -0.0286890 204 216 232
-0.4138033 -0.0245492 -0.2071685 204 216 232
-0.0447051 -0.0408283 0.3684669 204 216 232
0.3011853 0.1984021 -0.1773855 204 216 232
-0.0469921 -0.3375379 -0.2901130 204 216 232
0.1722652 -0.1566449 0.3542029 204 216 232
0.4845253 0.0681102 -0.0502935 204 216 232
-0.0045070 0.2277689 -0.2431045 204 216 232
-0.1623773 -0.2313921 0.3348452 204 216 232
0.0036772 -0.4466730 0.1745424 204 216 232
0.2262924 -0.1365561 -0.3330077 204 216 232
0.2168455 -0.3870604 0.1818861 204 216 232
0.2909749 0.2317268 0.1208306 204 216 232
0.3161445 -0.2243574 0.2781448 204 216 232
-0.2036011 -0.4168303 0.1549447 204 216 232
-0.4804474 -0.0736335 0.1516677 204 216 232
-0.1777611 0.1887207 0.2614562 204 216 232
0.3547874 0.2091846 -0.0104059 204 216 232
0.2279058 0.2844194 -0.0235546 204 216 232
-0.4642094 0.1204195 0.0121771 204 216 232
-0.3043972 -0.3554445 0.1470037 204 216 232
-0.0980053 -0.2493063 -0.3387768 204 216 232
0.4411571 -0.2825984 0.0702588 204 216 232
0.0948374 0.0417435 0.3448001 204 216 232
0.2306949 0.0596349 0.3195996 204 216 232
-0.2053537 0.1610924 0.2592108 204 216 232
-0.0188157 -0.4827546 0.0126456 204 216 232
0.2828681 0.1943371 -0.1951974 204 216 232
-0.1646121 -0.3359387 -0.2637948 204 216 232
-0.0729437 0.3312014 -0.0601203 204 216 232
0.4708953 -0.1387554 -0.1517654 204 216 232
0.4411099 -0.2991815 0.1072220 204 216 232
0.3126155 0.0136663 -0.2810946 204 216 232
-0.4656314 0.0283627 -0.1576983 204 216 232
-0.1958844 0.0680109 0.3282860 204 216 232
-0.0274393 -0.4414900 0.1809420 204 216 232
-0.0639323 -0.1193769 0.3704675 204 216 232
-0.0610192 0.3231007 -0.0850341 204 216 232
-0.0319997 0.0158307 0.3643872 204 216 232
-0.1086641 0.2507306 -0.2096355 204 216 232
-0.2352301 -0.1478532 -0.3222999 204 216 232
-0.4438897 -0.0662334 0.1978182 204 216 232
-0.4772950 -0.1821783 0.1141503 204 216 232
-0.0293899 -0.4681752 -0.1478211 204 216 232
-0.2050422 -0.3631657 0.2435278 204 216 232
0.2600765 0.2762614 -0.0309107 204 216 232
0.0916086 -0.2301153 -0.3501614 204 216 232
-0.4873516 -0.2122458 -0.0673055 204 216 232
0.5091736 -0.0984322 -0.0090939 204 216 232
-0.4404766 -0.1605560 0.2072827 204 216 232
0.0994339 -0.4738793 -0.0371241 204 216 232
0.3659318 0.2133536 0.0945516 204 216 232
0.3947269 0.1727533 0.0508614 204 216 232
0.5033203 -0.0052796 0.0976665 204 216 232
-0.3795115 -0.3494837 0.0056500 204 216 232
0.4999886 -0.0530870 0.1169958 204 216 232
0.2657467 -0.3311641 0.2154395 204 216 232
-0.1095282 0.2119905 0.2607445 204 216 232
0.4009830 0.0776953 0.1827348 204 216 232
0.2990453 0.0752725 0.2841924 204 216 232
-0.1151858 -0.3345341 -0.2895821 204 216 232
-0.1396514 0.2914280 0.1184857 204 216 232
-0.2965236 -0.2855315 -0.2413239 204 216 232
0.1443249 -0.4739000 -0.0434634 204 216 232
-0.0904739 0.1252757 -0.3213628 204 216 232
0.2579958 -0.3762511 0.1863113 204 216 232
0.3005964 0.0657046 0.2662686 204 216 232
0.4000014 -0.3152358 0.1027606 204 216 232
-0.1395384 -0.4669905 0.0723682 204 216 232
-0.2660338 -0.1843600 0.3060463 204 216 232
-0.4240965 -0.0426434 -0.2383107 204 216 232
-0.3865035 0.1333441 -0.1507141 204 216 232
-0.2696811 -0.4387390 0.0040859 204 216 232
0.2967818 -0.4120494 -0.1042899 204 216 232
0.4533107 0.0844406 -0.1153868 204 216 232
-0.4675783 0.1241517 0.0082350 204 216 232
0.1416101 0.1998496 0.2497303 204 216 232
0.0290938 -0.1531243 -0.3751560 204 216 232
0.3957206 -0.3455923 -0.0217042 204 216 232
0.3310684 0.0277146 -0.2887290 204 216 232
-0.0156748 0.3235663 0.0585220 204 216 232
0.2754837 -0.2706128 0.2488655 204 216 232
-0.3040866 -0.1705547 0.2982217 204 216 232
-0.2283125 -0.1352007 -0.3376164 204 216 232
0.3163116 -0.3838558 -0.0866078 204 216 232
0.1315873 0.2581966 0.1882766 204 216 232
0.3474181 -0.2979286 -0.1635317 204 216 232
-0.4470165 -0.1828453 -0.1775414 204 216 232
-0.2123822 -0.2344912 -0.3175982 204 216 232
0.0418030 -0.2778752 0.3358716 204 216 232
-0.0961225 0.2827974 -0.1448537 204 216 232
-0.1627580 -0.4585311 -0.0767567 204 216 232
0.1130588 -0.4740600 0.0657000 204 216 232
-0.3569604 -0.3278939 -0.1156149 204 216 232
-0.0337333 -0.3582155 0.2681407 204 216 232
0.4248063 -0.1292726 -0.2054283 204 216 232
-0.4590909 -0.1066609 -0.1596873 204 216 232
0.2099819 -0.2679736 -0.2975014 204 216 232
-0.2201618 -0.1022537 -0.3497785 204 216 232
0.1316702 0.0411432 0.3492106 204 216 232
-0.4259573 0.1200900 0.1301821 204 216 232
-0.3359745 -0.0226188 0.2743890 204 216 232
0.3492230 -0.2952656 0.1815630 204 216 232
-0.0899199 -0.4476469 -0.1600407 204 216 232
0.4337420 0.1364444 0.0128252 204 216 232
0.1752802 0.6307209 -0.0024686 204 216 232
-0.0018249 0.3250571 0.3831979 204 216 232
0.0411622 0.4437480 0.3956562 204 216 232
-0.0050271 0.5194598 0.3887042 204 216 232
-0.0500510 0.2996557 0.3741608 204 216 232
-0.1477223 0.3974154 -0.1441184 204 216 232
-0.2523996 0.4902989 -0.0005730 204 216 232
-0.0162859 0.1832001 -0.0578999 204 216 232
0.1975621 0.6276801 0.0132857 204 216 232
-0.0427716 0.5022969 0.3801112 204 216 232
-0.1769187 0.2332650 -0.0422455 204 216 232
-0.1102935 0.3442428 -0.1626292 204 216 232
0.0975892 0.3946907 -0.1632113 204 216 232
0.3003344 0.4203655 0.0634545 204 216 232
-0.2042145 0.6112364 0.2063273 204 216 232
0.2389743 0.2380200 0.1318951 204 216 232
0.0050215 0.1169547 0.1135838 204 216 232
-0.2991696 0.3429007 0.0491719 204 216 232
0.2072881 0.2644601 0.2447428 204 216 232
0.2839379 0.5248446 0.0889402 204 216 232
-0.0147677 0.5976866 0.3479066 204 216 232
-0.1423270 0.6213665 0.2768410 204 216 232
-0.0097208 0.6187018 0.3324619 204 216 232
-0.1704610 0.2862407 -0.0905887 204 216 232
-0.2981136 0.4846916 0.0856403 204 216 232
-0.0553886 0.4356502 0.3957750 204 216 232
0.1169461 0.4621874 0.3744122 204 216 232
0.2910593 0.3212970 0.1114798 204 216 232
-0.2969456 0.4400088 0.0497485 204 216 232
-0.1855981 0.4911929 0.3213383 204 216 232
0.2374615 0.2465896 0.0385924 204 216 232
0.1579854 0.3991157 0.3551109 204 216 232
0.2674687 0.2782544 0.1531294 204 216 232
0.0053693 0.1215485 0.1967737 204 216 232
0.2065657 0.3887654 0.3226312 204 216 232
-0.0988495 0.6790820 0.2428713 204 216 232
0.0170519 0.3957008 0.3923430 204 216 232
-0.0583714 0.3763316 0.3885187 204 216 232
-0.0138325 0.5470917 -0.1536415 204 216 232
0.0554577 0.1298190 0.1461002 204 216 232
-0.1421624 0.3741391 0.3708662 204 216 232
-0.2942107 0.4343895 0.1779892 204 216 232
0.2121735 0.2069801 0.0932637 204 216 232
0.2606573 0.2552157 0.1796480 204 216 232
0.3020380 0.3777502 0.0695642 204 216 232
-0.1041843 0.6878035 0.0214096 204 216 232
0.2504536 0.5987519 0.0783295 204 216 232
0.0814857 0.1438937 0.1875467 204 216 232
0.2141213 0.2613404 -0.0207189 204 216 232
-0.2738482 0.3924744 0.2526235 204 216 232
0.2749774 0.4693137 -0.0056074 204 216 232
-0.0836663 0.6822134 0.2205418 204 216 232
-0.1904847 0.1828451 0.0645173 204 216 232
-0.2469875 0.4440406 0.2961328 204 216 232
0.0885892 0.1358350 0.0725247 204 216 232
-0.3091114 0.4764650 0.0651717 204 216 232
0.2506691 0.3751397 -0.0606929 204 216 232
-0.1012123 0.1372021 0.0570695 204 216 232
-0.2792828 0.2961901 0.1099088 204 216 232
0.0794909 0.6667243 0.2594126 204 216 232
0.2958858 0.5262105 0.1489429 204 216 232
0.1613955 0.2341722 0.2726598 204 216 232
-0.0268549 0.4989345 -0.1593797 204 216 232
0.1711740 0.4501317 0.3485844 204 216 232
0.1579618 0.1954001 0.2495036 204 216 232
-0.3080469 0.3760393 0.0761520 204 216 232
0.0636019 0.4251364 0.3905583 204 216 232
-0.2899123 0.3243041 0.1317300 204 216 232
-0.0528207 0.5984986 -0.1142374 204 216 232
0.2201560 0.5696185 0.2484429 204 216 232
-0.0663784 0.2648373 -0.1222926 204 216 232
-0.1458044 0.6822618 0.1166100 204 216 232
0.1860785 0.6411944 0.1871762 204 216 232
-0.0966334 0.1451633 0.1224811 204 216 232
-0.1797740 0.3816694 0.3376746 204 216 232
0.0283762 0.1686188 -0.0533669 204 216 232
0.0895408 0.2630984 -0.1257934 204 216 232
-0.0069628 0.3261781 -0.1755608 204 216 232
0.2998881 0.4513604 0.0330464 204 216 232
-0.0127710 0.6585544 -0.0618428 204 216 232
-0.1020598 0.3948261 -0.1691650 204 216 232
0.1605228 0.4566780 -0.1467462 204 216 232
-0.0252331 0.7082377 0.0658724 204 216 232
0.0724111 0.2911256 0.3556719 204 216 232
-0.0846931 0.5736811 0.3438905 204 216 232
0.1575179 0.4512530 -0.1302575 204 216 232
-0.2908081 0.4889133 0.0827154 204 216 232
-0.0197551 0.1373999 0.0448443 204 216 232
-0.2235036 0.4321541 -0.0891288 204 216 232
-0.2722189 0.3321472 0.0082501 204 216 232
-0.1566144 0.5665209 0.3057007 204 216 232
-0.1815162 0.3289681 0.3226483 204 216 232
-0.1835062 0.2473082 0.2616710 204 216 232
0.0036790 0.3784733 0.3989406 204 216 232
-0.2692719 0.4590809 -0.0237940 204 216 232
-0.0511680 0.7092806 0.1806235 204 216 232
-0.0359785 0.4166644 0.3960029 204 216 232
-0.1510890 0.1689138 0.1381908 204 216 232
0.2721438 0.4554732 0.2387096 204 216 232
0.0556531 0.4960207 -0.1625677 204 216 232
0.0429967 0.6770261 0.2434419 204 216 232
0.2605531 0.2623312 0.1579073 204 216 232
-0.1362302 0.6424382 -0.0219762 204 216 232
0.0390742 0.7057183 0.0294492 204 216 232
-0.0392651 0.1336531 0.0195569 204 216 232
-0.1543621 0.6309946 -0.0441080 204 216 232
0.0562433 0.7026861 0.0113717 204 216 232
-0.2960008 0.3569023 0.0254696 204 216 232
-0.0774775 0.2602476 0.3365485 204 216 232
-0.2245064 0.2385349 0.1939448 204 216 232
-0.3115577 0.4010240 0.0486656 204 216 232
0.3139139 0.4166190 0.0758442 204 216 232
-0.2123377 0.2897565 0.2869262 204 216 232
0.0418068 0.3391334 -0.1579992 204 216 232
0.1579290 0.1628230 0.0988385 204 216 232
-0.2340123 0.4874429 0.2887962 204 216 232
0.1565249 0.4440900 -0.1336691 204 216 232
0.3167003 0.4872790 0.1517550 204 216 232
-0.1529701 0.6624872 0.1969577 204 216 232
0.0136897 0.4935035 0.3959132 204 216 232
-0.2841172 0.4301263 0.2092800 204 216 232
0.1603724 0.4477638 0.3715794 204 216 232
-0.1605837 0.4317318 -0.1293725 204 216 232
0.2980120 0.3901937 0.1648875 204 216 232
0.0848881 0.4024740 0.3850144 204 216 232
-0.2647336 0.2544284 0.1054657 204 216 232
0.1137255 0.1610261 -0.0026891 204 216 232
0.2215258 0.2102962 0.1017376 204 216 232
0.0531381 0.6319640 0.3083767 204 216 232
0.2784959 0.3028125 0.1194157 204 216 232
-0.0252786 0.7260480 0.1386041 204 216 232
0.1690228 0.1760666 0.1487663 204 216 232
0.2435891 0.2597878 0.2042302 204 216 232
-0.2308761 0.2575869 0.2432858 204 216 232
-0.0608244 0.1886127 0.2917731 204 216 232
0.1994357 0.5441222 0.3071151 204 216 232
0.0503742 0.6624780 0.2810648 204 216 232
-0.1477616 0.1774401 0.0151877 204 216 232
0.2941958 0.5322247 0.0616888 204 216 232
-0.2651589 0.4290089 -0.0296562 204 216 232
0.1876570 0.6115132 0.0018360 204 216 232
0.0110999 0.2680310 -0.1337142 204 216 232
-0.0599021 0.1849650 -0.0590197 204 216 232
-0.2349719 0.3857686 -0.0625914 204 216 232
-0.0830436 0.6688877 0.2551986 204 216 232
-0.2622539 0.2648632 0.1521470 204 216 232
0.2399946 0.2316557 0.1349877 204 216 232
0.2953973 0.3618555 0.1728343 204 216 232
-0.1164300 0.1540852 0.1926139 204 216 232
0.2260542 0.3499419 0.2958333 204 216 232
-0.1349074 0.6769873 0.1909224 204 216 232
0.0771147 0.5131294 0.3713470 204 216 232
0.0513510 0.3497781 -0.1637859 204 216 232
-0.1279993 0.1639929 0.1931775 204 216 232
0.0486004 0.5692757 -0.1446713 204 216 232
0.1443964 0.6765741 0.1447625 204 216 232
0.3119853 0.4011909 0.0558319 204 216 232
-0.2640754 0.5759466 0.1347972 204 216 232
-0.0033584 0.5645150 0.3520497 204 216 232
-0.2317920 0.4856900 -0.0814740 204 216 232
-0.2522221 0.5887965 0.0443783 204 216 232
-0.1361157 0.4476895 -0.1434251 204 216 232
-0.2877595 0.5322108 0.1133468 204 216 232
-0.3037303 0.4556231 0.1634553 204 216 232
-0.0221510 0.1345690 0.1879559 204 216 232
0.0548151 0.6162670 0.3199625 204 216 232
-0.1197245 0.6791304 0.0109551 204 216 232
-0.1729820 0.4259907 0.3471915 204 216 232
-0.2451458 0.6147954 0.0963199 204 216 232
0.2092273 0.4898382 -0.0920640 204 216 232
-0.1593717 0.3163927 -0.1090992 204 216 232
0.2780131 0.5338791 0.0763489 204 216 232
-0.1118558 0.5119537 -0.1460253 204 216 232
0.1510282 0.6065875 -0.0607495 204 216 232
0.0208094 0.5013755 0.3817888 204 216 232
-0.0426183 0.4870438 -0.1760104 204 216 232
0.2787751 0.4032584 0.2283739 204 216 232
-0.2227471 0.5968125 -0.0105273 204 216 232
0.0681948 0.5113978 -0.1601719 204 216 232
0.0961923 0.5693998 -0.1274510 204 216 232
-0.0112794 0.1453271 0.0146460 204 216 232
-0.0343418 0.5357614 -0.1545635 204 216 232
-0.2626333 0.4450170 -0.0462966 204 216 232
-0.0345797 0.2057130 0.3134900 204 216 232
-0.3097111 0.4583507 0.0813403 204 216 232
0.0679936 0.2555693 0.3376220 204 216 232
-0.0277917 0.3508641 -0.1731898 204 216 232
0.2009743 0.3318963 -0.1011765 204 216 232
-0.2196780 0.4399691 0.3131957 204 216 232
-0.3068739 0.3604217 0.1206243 204 216 232
0.2909026 0.4216383 -0.0004125 204 216 232
-0.2180837 0.2104535 0.1385529 204 216 232
-0.0681120 0.7112307 0.1101987 204 216 232
-0.2963138 0.5020124 0.1659361 204 216 232
-0.0966450 0.3381868 0.3690657 204 216 232
0.1373920 0.6802798 0.1734160 204 216 232
-0.2738723 0.5396042 0.0587735 204 216 232
-0.2081141 0.2181517 0.0268315 204 216 232
0.2250745 0.4473179 0.2975094 204 216 232
0.1497707 0.6805949 0.0816598 204 216 232
0.1181522 0.3296610 -0.1418395 204 216 232
-0.0388328 0.1403050 0.0306253 204 216 232
-0.0834630 0.1873188 0.2722019 204 216 232
-0.3129907 0.3929770 0.0786335 204 216 232
-0.1734838 0.4476506 0.3416435 204 216 232
0.2424543 0.5968937 0.0869399 204 216 232
0.2265183 0.6113316 0.0529804 204 216 232
0.1871962 0.2862422 -0.0759240 204 216 232
0.2040520 0.5559411 0.2652739 204 216 232
0.0399352 0.1775314 0.2830445 204 216 232
-0.0763739 0.1385075 0.0371144 204 216 232
0.2195501 0.3897291 -0.0904996 204 216 232
0.0610532 0.7208748 0.1578734 204 216 232
0.2089286 0.3663155 -0.0987558 204 216 232
0.2177918 0.6337290 0.1198835 204 216 232
-0.0103435 0.4687615 -0.1825540 204 216 232
-0.0633273 0.4477687 -0.1681160 204 216 232
-0.0474400 0.6372207 0.3121501 204 216 232
0.0119843 0.4027769 -0.1804918 204 216 232
0.0849432 0.4350027 -0.1744364 204 216 232
-0.0424933 0.3757634 -0.1825744 204 216 232
-0.1468532 0.2722413 0.3328050 204 216 232
0.0450611 0.2782276 0.3630200 204 216 232
0.1619259 0.4446458 0.3539766 204 216 232
0.1448938 0.6710528 0.1828909 204 216 232
0.0123758 0.3226043 -0.1630336 204 216 232
0.0105855 0.4424868 0.3910803 204 216 232
0.0099048 0.1409516 0.2108678 204 216 232
0.0412885 0.1321668 0.1752501 204 216 232
-0.2885131 0.4002095 -0.0218759 204 216 232
0.0412988 0.5287066 -0.1534896 204 216 232
-0.1640431 0.2826859 0.3166215 204 216 232
-0.2287596 0.5213076 -0.0580592 204 216 232
-0.0587275 0.6554778 0.2830269 204 216 232
-0.1618191 0.1755258 0.0321899 204 216 232
0.0996726 0.5863863 -0.1239418 204 216 232
-0.1871636 0.6619567 0.0745712 204 216 232
-0.2813439 0.3281622 0.0197578 204 216 232
0.3177271 0.4128632 0.0999116 204 216 232
0.1693437 0.6283240 -0.0356790 204 216 232
0.1091196 0.6811249 0.2017698 204 216 232
0.2190549 0.2116156 0.1696322 204 216 232
0.0088835 0.6601657 -0.0608963 204 216 232
-0.0330960 0.4652286 -0.1753392 204 216 232
0.0618443 0.7011982 0.2059145 204 216 232
-0.0304194 0.6387864 0.2900356 204 216 232
-0.1045493 0.5237088 -0.1474938 204 216 232
-0.1206479 0.6607205 -0.0249858 204 216 232
-0.0361409 0.7016560 0.1993602 204 216 232
0.0028519 0.7095134 0.1729261 204 216 232
-0.0986425 0.2190813 0.2996472 204 216 232
0.2294948 0.5969421 0.0261555 204 216 232
0.0954627 0.4851504 -0.1594483 204 216 232
-0.1566411 0.1559431 0.0691885 204 216 232
0.0773033 0.2954677 -0.1438824 204 216 232
0.0185725 0.6452019 -0.0669052 204 216 232
-0.2180267 0.5756795 -0.0285380 204 216 232
0.1483623 0.6316270 0.2480802 204 216 232
-0.1505918 0.6335588 -0.0461932 204 216 232
-0.1968578 0.5250204 0.3060267 204 216 232
0.0880613 0.2871406 -0.1309600 204 216 232
-0.0749273 0.1796019 0.2601781 204 216 232
-0.0037811 0.4606970 -0.1877263 204 216 232
0.0940648 0.1424485 0.1778382 204 216 232
0.1498910 0.3013243 0.3475569 204 216 232
-0.1512612 0.2905793 -0.1194828 204 216 232
0.2577326 0.5480660 0.2145480 204 216 232
0.3003266 0.3324839 0.1029504 204 216 232
-0.2019963 0.4601644 0.3251907 204 216 232
-0.1371987 0.2685400 0.3295694 204 216 232
-0.0637960 0.2369934 -0.1179677 204 216 232
-0.0796509 0.5624289 0.3620183 204 216 232
0.0661212 0.1387455 0.0234210 204 216 232
0.2261468 0.3101791 0.2815015 204 216 232
-0.2519905 0.5955747 0.1163951 204 216 232
0.2120867 0.2459017 -0.0176541 204 216 232
0.0958513 0.3772583 -0.1593276 204 216 232
0.2606146 0.3537366 -0.0471800 204 216 232
-0.1554213 0.1838742 0.2085761 204 216 232
0.1305885 0.1464271 0.1446431 204 216 232
-0.0065802 0.1757945 0.2659199 204 216 232
0.2859485 0.3368048 0.0555647 204 216 232
0.1040021 0.2016164 0.2691854 204 216 232
0.1124253 0.5430862 -0.1208271 204 216 232
-0.1154440 0.2842843 -0.1213964 204 216 232
-0.2225964 0.4888992 -0.0557457 204 216 232
0.3103998 0.3933138 0.0930419 204 216 232
0.0730951 0.1271457 0.0837044 204 216 232
0.1583146 0.6632723 0.0284978 204 216 232
0.0821780 0.5679150 -0.1292394 204 216 232
-0.0790312 0.2445464 0.3220602 204 216 232
0.1109371 0.1765951 0.2340969 204 216 232
0.1490958 0.4651768 0.3613632 204 216 232
0.0469707 0.4162596 -0.1689090 204 216 232
-0.2398587 0.4115868 -0.0829042 204 216 232
-0.0063551 0.3249324 -0.1665714 204 216 232
-0.1419997 0.6825663 0.0676257 204 216 232
0.0679509 0.2307565 -0.1032806 204 216 232
0.1330854 0.6544323 0.2498191 204 216 232
-0.0687201 0.6111080 -0.1088899 204 216 232
0.1895493 0.4251520 0.3384287 204 216 232
0.0782645 0.6978703 0.0384171 204 216 232
-0.0513599 0.6485791 0.2954195 204 216 232
0.2693181 0.5508748 0.1673936 204 216 232
-0.1145056 0.2165046 0.3053721 204 216 232
-0.1501265 0.2974096 0.3364571 204 216 232
0.2912847 0.5505996 0.1415704 204 216 232
0.0977919 0.1524735 0.2036624 204 216 232
-0.2412685 0.5218484 -0.0347358 204 216 232
0.3016717 0.4141419 0.0474232 204 216 232
0.2283666 0.6167764 0.1482710 204 216 232
-0.0055830 0.5646725 0.3714720 204 216 232
-0.2545586 0.4296423 -0.0567935 204 216 232
0.1931053 0.6244386 0.2233551 204 216 232
0.2941938 0.3338186 0.1533144 204 216 232
-0.1201079 0.3374995 -0.1365720 204 216 232
-0.0336214 0.1311690 0.0144569 204 216 232
0.0189382 0.7193025 0.1513134 204 216 232
-0.0985925 0.2152942 0.2988623 204 216 232
0.1310865 0.5184188 0.3589443 204 216 232
0.0166567 0.4486271 0.4050725 204 216 232
0.0600057 0.2565494 -0.1146588 204 216 232
-0.2750822 0.5226772 0.2088216 204 216 232
0.2625245 0.5293469 0.2230223 204 216 232
0.0159407 0.3648321 0.3899022 204 216 232
0.2341781 0.2163181 0.1382487 204 216 232
-0.1352725 0.6518393 0.2640775 204 216 232
-0.1811464 0.4126856 -0.1235943 204 216 232
-0.0924875 0.3111473 0.3663363 204 216 232
0.2569109 0.5398463 0.2184166 204 216 232
0.2977594 0.4378220 0.1842112 204 216 232
-0.1624115 0.1750636 0.0484372 204 216 232
-0.1216520 0.2053770 -0.0564608 204 216 232
-0.1156119 0.5143846 0.3624184 204 216 232
0.0591022 0.6221836 -0.0901037 204 216 232
0.1774744 0.2225749 0.2400148 204 216 232
0.1035963 0.6914791 0.1798575 204 216 232
-0.2887211 0.4331222 -0.0027437 204 216 232
-0.2122740 0.3065343 0.2897080 204 216 232
0.0305310 0.5462114 0.3632907 204 216 232
-0.3132455 0.3734629 0.0957288 204 216 232
0.1857585 0.3872967 0.3293795 204 216 232
0.1724834 0.4575652 0.3389474 204 216 232
0.2779888 0.3643636 0.0106939 204 216 232
-0.1506154 0.5217651 0.3349068 204 216 232
-0.0757234 0.2180988 0.3104598 204 216 232
0.0822269 0.2447688 0.3255942 204 216 232
-0.0551586 0.1354020 0.0532304 204 216 232
0.1691107 0.2751990 -0.0766608 204 216 232
-0.0121171 0.1569144 -0.0307747 204 216 232
0.1630331 0.2416372 -0.0839103 204 216 232
0.2578522 0.4523128 0.2629854 204 216 232
-0.2213610 0.6290730 0.0529736 204 216 232
0.0745652 0.1250169 0.1212346 204 216 232
-0.2257982 0.3507167 -0.0692819 204 216 232
0.0494967 0.1263046 0.1570566 204 216 232
0.0375191 0.6928271 -0.0038620 204 216 232
-0.0630798 0.3833385 0.3883145 204 216 232
0.2718338 0.4360152 0.2450636 204 216 232
-0.2011234 0.6126909 -0.0118180 204 216 232
-0.1769354 0.1934102 0.1994599 204 216 232
-0.1587713 0.4714780 -0.1349254 204 216 232
-0.2206587 0.2378505 -0.0112616 204 216 232
0.2040833 0.1993808 0.1470931 204 216 232
0.1455615 0.5276332 0.3394073 204 216 232
-0.2243420 0.3509324 -0.0752703 204 216 232
-0.2022394 0.1947007 0.1147220 204 216 232
-0.0419716 0.1758720 -0.0628729 204 216 232
0.0458683 0.5488860 0.3738683 204 216 232
-0.2926416 0.5330732 0.1844562 204 216 232
0.0788842 0.2950933 0.3668200 204 216 232
0.2634531 0.2631527 0.0551175 204 216 232
-0.2201185 0.2682278 0.2209242 204 216 232
0.2714281 0.3647113 -0.0143482 204 216 232
-0.1561105 0.1603853 0.1383854 204 216 232
0.0801604 0.1337022 0.0553660 204 216 232
0.1083022 0.6082890 0.3118856 204 216 232
0.2847969 0.5147946 0.0366409 204 216 232
0.2632397 0.5632588 0.0420809 204 216 232
-0.2398279 0.3535696 0.2909517 204 216 232
0.2096686 0.2482662 0.2452776 204 216 232
-0.0822592 0.5610076 -0.1327202 204 216 232
-0.0045807 0.3720373 0.4033612 204 216 232
0.0095988 0.5441664 0.3784837 204 216 232
0.2543350 0.2569841 0.1429773 204 216 232
0.0035367 0.5000900 0.3968455 204 216 232
0.0480505 0.5310195 -0.1569453 204 216 232
0.1443329 0.3089608 0.3373456 204 216 232
0.1000083 0.3708058 0.3727465 204 216 232
-0.1857900 0.5980389 -0.0514269 204 216 232
-0.2569380 0.2667816 0.1277378 204 216 232
0.1025180 0.5521861 0.3536115 204 216 232
0.1093667 0.6800054 0.0139063 204 216 232
-0.3117583 0.3901686 0.0999920 204 216 232
0.1640785 0.3226399 -0.1269118 204 216 232
-0.0960034 0.4922723 -0.1686535 204 216 232
0.1502663 0.5143887 0.3513686 204 216 232
-0.2832104 0.3054933 0.1620402 204 216 232
0.2749772 0.5382550 0.0427093 204 216 232
-0.2179881 0.6305860 0.0837104 204 216 232
0.2144891 0.3929523 0.3186057 204 216 232
0.1679792 0.2394103 0.2947525 204 216 232
0.0632386 0.6830767 0.2334089 204 216 232
-0.0511743 0.6144682 0.3292963 204 216 232
-0.1224691 0.5856472 -0.0967000 204 216 232
0.2701862 0.5532823 0.1590140 204 216 232
-0.2765783 0.3263255 0.0133954 204 216 232
0.2172517 0.1957330 0.0925748 204 216 232
0.1277455 0.6727642 0.0042784 204 216 232
-0.1406893 0.2417412 0.2980293 204 216 232
0.1767894 0.6241822 -0.0328970 204 216 232
-0.0294023 0.1484978 -0.0057803 204 216 232
-0.2175045 0.3916444 -0.0894775 204 216 232
-0.1214012 0.6715677 -0.0040822 204 216 232
0.2929567 0.5040807 0.0676107 204 216 232
-0.1503118 0.6836167 0.0548829 204 216 232
0.1091197 0.6729777 0.0003685 204 216 232
0.2223172 0.3754606 -0.0690218 204 216 232
0.0331638 0.4067959 -0.1691108 204 216 232
-0.0573508 0.5761163 0.3500684 204 216 232
-0.2363402 0.3695575 0.2854936 204 216 232
-0.0751536 0.1542685 0.2397627 204 216 232
-0.0581634 0.1680481 0.2530869 204 216 232
0.2196171 0.5504253 0.2863246 204 216 232
0.2202555 0.5948933 -0.0069647 204 216 232
-0.1927711 0.1999862 0.1828267 204 216 232
0.2637342 0.5581566 0.1782272 204 216 232
0.1922026 0.1799998 0.0438068 204 216 232
-0.2399142 0.2401288 0.1531621 204 216 232
-0.3056319 0.3332985 0.1380457 204 216 232
-0.0514997 0.5551911 -0.1513200 204 216 232
0.0194539 0.1491120 -0.0404959 204 216 232
-0.2883479 0.3051246 0.1291898 204 216 232
0.2511021 0.4015336 0.2859689 204 216 232
0.1218907 0.6671262 0.2455027 204 216 232
-0.1305360 0.1567519 0.0462465 204 216 232
0.1747149 0.6593320 0.0653869 204 216 232
-0.0885948 0.2000990 0.2868875 204 216 232
-0.1094052 0.6338230 0.2943338 204 216 232
0.1387823 0.1580037 0.1876998 204 216 232
-0.2263123 0.6431834 0.0837254 204 216 232
-0.2902229 0.3523685 0.0348634 204 216 232
-0.0254255 0.6186434 -0.1030361 204 216 232
0.0626092 0.6312456 0.2980145 204 216 232
0.0384567 0.4779768 -0.1773484 204 216 232
0.0670286 0.4524570 0.3912073 204 216 232
-0.0397367 0.1471143 -0.0053037 204 216 232
-0.1023584 0.5229441 0.3690805 204 216 232
0.2324208 0.5366330 0.2630530 204 216 232
-0.2218692 0.6158987 0.1683877 204 216 232
0.0563237 0.4065836 -0.1614406 204 216 232
-0.2927814 0.3917050 0.2186492 204 216 232
0.1215986 0.2733961 0.3355441 204 216 232
0.0071642 0.3477777 -0.1723249 204 216 232
0.0858478 0.3644147 0.3784759 204 216 232
0.2587704 0.5539191 0.1914182 204 216 232
-0.2307897 0.3047960 0.2503099 204 216 232
0.2269617 0.3038280 0.2640471 204 216 232
-0.2070978 0.5025057 -0.0910564 204 216 232
0.0485774 0.4548663 -0.1855744 204 216 232
-0.1891447 0.2208836 0.2463610 204 216 232
0.0901585 0.7074920 0.1061417 204 216 232
0.1971544 0.6181041 0.2116607 204 216 232
0.0382979 0.5609324 -0.1365126 204 216 232
-0.1403213 0.4873890 0.3560131 204 216 232
0.0724405 0.1891000 0.2612976 204 216 232
-0.0416750 0.5875258 -0.1283457 204 216 232
-0.2839429 0.4922107 0.0103579 204 216 232
-0.0923160 0.6534590 0.2689433 204 216 232
-0.2523555 0.2815298 0.1939424 204 216 232
-0.0405209 0.6464750 0.2845992 204 216 232
0.1458692 0.6931900 0.1041169 204 216 232
0.2189040 0.3259283 0.3083277 204 216 232
-0.1253651 0.6888427 0.1636217 204 216 232
0.2992628 0.5078887 0.1003018 204 216 232
-0.2310435 0.6126917 0.1430142 204 216 232
0.1190654 0.6967063 0.1106188 204 216 232
0.2132554 0.3220912 -0.0740905 204 216 232
-0.1130857 0.4203010 0.3819302 204 216 232
-0.1642789 0.1812811 0.2091472 204 216 232
0.2419841 0.5380575 0.2571145 204 216 232
0.0031939 0.3958385 0.4023508 204 216 232
0.1124368 0.4617664 -0.1521918 204 216 232
-0.1441159 0.2054293 -0.0300096 204 216 232
-0.0193543 0.7095663 0.1803955 204 216 232
-0.0042249 0.4471284 0.3966258 204 216 232
-0.1707477 0.1802848 0.2023245 204 216 232
0.0221217 0.7083561 0.1877964 204 216 232
0.2541771 0.2900103 0.0242563 204 216 232
0.0514474 0.1506303 -0.0231079 204 216 232
0.0295092 0.4353455 -0.1822673 204 216 232
0.2582965 0.5721673 0.1053183 204 216 232
0.1107108 0.1812370 0.2449140 204 216 232
-0.2670640 0.4283127 0.2685614 204 216 232
0.1731059 0.1737221 0.0439302 204 216 232
-0.1719519 0.2597845 -0.0787529 204 216 232
0.2619756 0.5483899 0.2019975 204 216 232
0.2963015 0.3776035 0.1838584 204 216 232
-0.1517668 0.1739306 0.0426591 204 216 232
0.2365081 0.6074832 0.1581235 204 216 232
-0.2997851 0.4792612 0.1721758 204 216 232
0.2167905 0.2391972 0.2243851 204 216 232
0.1244054 0.2985649 0.3437574 204 216 232
-0.2929453 0.3321506 0.1005072 204 216 232
-0.1326350 0.3905751 0.3806704 204 216 232
-0.2757197 0.4120724 -0.0419950 204 216 232
0.0716517 0.7073748 0.1145919 204 216 232
0.1843116 0.3414510 -0.1109877 204 216 232
0.1735909 0.6567485 0.1935927 204 216 232
0.1655971 0.2655756 0.2947412 204 216 232
0.0945771 0.5494713 -0.1337166 204 216 232
-0.0753425 0.2421787 -0.1104004 204 216 232
-0.1761371 0.6495584 0.1627601 204 216 232
-0.0859372 0.2396934 0.3339718 204 216 232
-0.1295316 0.2220096 0.2978551 204 216 232
0.1480968 0.6267699 -0.0595658 204 216 232
-0.0201757 0.2408475 0.3319114 204 216 232
0.1798047 0.6205818 -0.0221861 204 216 232
-0.0410465 0.1264473 0.1709169 204 216 232
0.0207385 0.3260728 -0.1598533 204 216 232
-0.2397971 0.2655925 0.0084900 204 216 232
0.2343289 0.2675785 -0.0101521 204 216 232
0.1177520 0.1789426 -0.0151292 204 216 232
-0.0271078 0.6775970 0.2407192 204 216 232
0.2515549 0.4782794 -0.0464382 204 216 232
0.2635919 0.2605216 0.1526484 204 216 232
-0.0764501 0.6995661 0.1786674 204 216 232
0.1710507 0.2374453 -0.0685863 204 216 232
0.2611474 0.2891026 0.0143417 204 216 232
0.0355330 0.7311020 0.1020838 204 216 232
0.2335034 0.2549473 0.2015604 204 216 232
-0.2327100 0.5591369 -0.0158298 204 216 232
0.1511447 0.3114504 0.3456975 204 216 232
-0.1623544 0.3980322 -0.1365623 204 216 232
0.2986950 0.3952725 0.0403685 204 216 232
-0.0306301 0.6707872 0.2871123 204 216 232
-0.0826748 0.4800251 -0.1596614 204 216 232
-0.2800769 0.3790500 0.2363349 204 216 232
-0.0574586 0.4627872 0.3905991 204 216 232
-0.0636533 0.3740645 0.3927390 204 216 232
-0.0929578 0.1302563 0.1494582 204 216 232
-0.2371956 0.6084536 0.1256760 204 216 232
-0.2980744 0.3765323 0.1687787 204 216 232
0.0107157 0.5565333 0.3762463 204 216 232
-0.2172546 0.4966851 -0.0881695 204 216 232
-0.2391839 0.6158312 0.0401478 204 216 232
0.1820884 0.4740548 0.3296785 204 216 232
-0.0628202 0.7118295 0.1007710 204 216 232
-0.1242822 0.1681883 0.2188720 204 216 232
-0.0036789 0.6658043 -0.0519330 204 216 232
-0.2522031 0.5813276 0.2035840 204 216 232
-0.2299552 0.6107367 0.0387566 204 216 232
0.1320773 0.3367871 0.3605835 204 216 232
-0.1960857 0.2446281 -0.0239725 204 216 232
-0.0987851 0.1868195 0.2677078 204 216 232
0.1718352 0.3395645 0.3425865 204 216 232
0.1618898 0.5313222 0.3284227 204 216 232
-0.2402233 0.4133658 0.3005239 204 216 232
0.0570563 0.2747605 0.3600241 204 216 232
0.1819312 0.5502639 -0.0952167 204 216 232
-0.2095152 0.2310352 0.2033608 204 216 232
0.3016528 0.4856509 0.1598914 204 216 232
-0.1049268 0.4762171 0.3909845 204 216 232
-0.0403122 0.7141973 0.0427285 204 216 232
-0.2424253 0.4615363 -0.0719992 204 216 232
-0.1259721 0.6670039 -0.0155114 204 216 232
-0.1007603 0.4745855 -0.1613647 204 216 232
0.2941037 0.4372339 0.1572394 204 216 232
-0.2736849 0.4525587 0.2302621 204 216 232
-0.1511639 0.1876228 -0.0044073 204 216 232
-0.2355122 0.2522065 0.0283234 204 216 232
0.0128872 0.7193286 0.1135910 204 216 232
0.1777356 0.2622277 0.2935853 204 216 232
-0.1440000 0.5435258 0.3404581 204 216 232
0.0001759 0.7100628 0.0235546 204 216 232
0.0925413 0.6630017 0.2416884 204 216 232
0.0609670 0.1827714 -0.0541830 204 216 232
-0.1375116 0.6640919 0.0360770 204 216 232
0.0967839 0.3200368 -0.1418605 204 216 232
-0.1596993 0.2811896 0.3140576 204 216 232
-0.0949764 0.6688550 0.2308269 204 216 232
0.2734601 0.5452906 0.1481506 204 216 232
-0.1995755 0.6315382 0.0109810 204 216 232
-0.0512723 0.5123742 -0.1701774 204 216 232
0.1666625 0.1855537 0.2075759 204 216 232
-0.1590822 0.6723463 0.1576007 204 216 232
-0.0454867 0.7108880 0.1977554 204 216 232
-0.1749116 0.5042928 -0.1164667 204 216 232
-0.0527875 0.6664281 0.2671736 204 216 232
-0.1088682 0.5753718 -0.1149925 204 216 232
-0.0621311 0.3384308 -0.1671285 204 216 232
0.2012936 0.6110019 0.2360805 204 216 232
-0.0900962 0.6333330 0.2980825 204 216 232
0.0866377 0.1914058 -0.0503122 204 216 232
0.0409526 0.6980094 0.0209658 204 216 232
0.2185751 0.2534041 0.2432206 204 216 232
-0.2589552 0.3967716 -0.0337682 204 216 232
-0.0188476 0.1209568 0.1568560 204 216 232
-0.0904148 0.1519415 0.1928540 204 216 232
0.1363663 0.6374175 0.2449812 204 216 232
-0.1060554 0.3721553 -0.1635161 204 216 232
-0.1066826 0.4592721 0.3683384 204 216 232
0.1904884 0.3724463 -0.1097967 204 216 232
0.0625575 0.6869268 0.1792520 204 216 232
0.0119870 0.5133772 0.3817774 204 216 232
-0.0006896 0.5706941 -0.1332708 204 216 232
-0.1664777 0.2162649 -0.0364601 204 216 232
0.1372306 0.1679856 0.1973618 204 216 232
0.2211719 0.2719167 -0.0271984 204 216 232
0.1487172 0.6663052 -0.0010131 204 216 232
0.0637890 0.1597862 0.2383558 204 216 232
-0.1275650 0.1616451 0.2109373 204 216 232
-0.2411603 0.2557806 0.2086239 204 216 232
-0.1072380 0.1290801 0.1322854 204 216 232
-0.0337373 0.1417043 0.0116128 204 216 232
0.0510023 0.4205546 0.4012226 204 216 232
0.2384555 0.6097946 0.1358219 204 216 232
-0.2648622 0.4028221 0.2550748 204 216 232
0.2816671 0.4792213 -0.0050771 204 216 232
-0.0785571 0.2149814 0.3161684 204 216 232
0.0084387 0.1508144 -0.0395018 204 216 232
-0.0199151 0.5537078 -0.1464707 204 216 232
0.1593808 0.4168701 0.3575042 204 216 232
-0.3031717 0.4262450 0.0331582 204 216 232
-0.2921203 0.5235692 0.1032215 204 216 232
0.1375025 0.6128145 -0.0796391 204 216 232
-0.0265546 0.6656957 0.2796889 204 216 232
0.1983335 0.5372595 -0.0766244 204 216 232
0.1726315 0.4604849 0.3470308 204 216 232
-0.0908827 0.7003123 0.0699870 204 216 232
0.0682693 0.2671146 0.3490234 204 216 232
0.2639540 0.4435686 -0.0493070 204 216 232
0.0214568 0.1673660 -0.0540049 204 216 232
0.3073989 0.4513326 0.0993877 204 216 232
0.0796652 0.6450026 0.2778871 204 216 232
0.1068391 0.1619790 -0.0013084 204 216 232
0.1949943 0.6382780 0.0406816 204 216 232
0.0417111 0.4829874 0.3887417 204 216 232
-0.0767524 0.1635609 -0.0218891 204 216 232
0.0768096 0.6490387 -0.0665060 204 216 232
-0.1108367 0.2254263 0.3044728 204 216 232
0.0216493 0.5615298 0.3603004 204 216 232
0.1595149 0.2229808 -0.0346466 204 216 232
-0.1028557 0.2168808 -0.0632574 204 216 232
0.1365563 0.3221886 0.3518905 204 216 232
-0.0385415 0.2045128 0.3170260 204 216 232
-0.2866301 0.4113806 0.0032932 204 216 232
0.0684046 0.2287235 -0.1053660 204 216 232
0.2859634 0.3629936 0.1938048 204 216 232
0.1068707 0.4985256 -0.1463762 204 216 232
-0.1331220 0.2156094 0.2913454 204 216 232
0.0954080 0.6550511 -0.0472027 204 216 232
-0.2011801 0.3975742 -0.0989167 204 216 232
0.1999517 0.4874928 0.3150630 204 216 232
0.2815355 0.3118592 0.0679288 204 216 232
-0.2328395 0.3839883 0.2934904 204 216 232
0.1436041 0.2473460 -0.0780109 204 216 232
-0.1263347 0.6328449 -0.0544344 204 216 232
-0.0650049 0.4079331 0.4031574 204 216 232
0.1218698 0.7060987 0.1469622 204 216 232
0.0290128 0.4538494 0.3978326 204 216 232
-0.1716190 0.3873865 -0.1303465 204 216 232
0.0358941 0.1928061 -0.0855576 204 216 232
-0.1652330 0.1681503 0.1121624 204 216 232
-0.0087398 0.5684718 -0.1404251 204 216 232
0.2623558 0.5688945 0.1824474 204 216 232
0.1815186 0.2148374 -0.0084264 204 216 232
0.1792536 0.3795922 0.3429638 204 216 232
0.2009617 0.6199433 0.1994468 204 216 232
-0.1450700 0.3947089 0.3675390 204 216 232
0.1001152 0.1418282 0.0209873 204 216 232
-0.2221388 0.6331651 0.1173231 204 216 232
0.1971662 0.2672997 -0.0529969 204 216 232
0.1131947 0.4714633 -0.1502160 204 216 232
-0.2392525 0.6087532 0.1584182 204 216 232
-0.1167133 0.4164597 -0.1459215 204 216 232
-0.2006117 0.2068062 0.0799338 204 216 232
0.2525280 0.2753414 0.0025702 204 216 232
0.2263299 0.4938509 0.3048934 204 216 232
-0.1275436 0.1442621 0.1265948 204 216 232
-0.1898035 0.6212909 -0.0332926 204 216 232
-0.3010823 0.4674098 0.0521735 204 216 232
-0.2090588 0.2341193 0.2293345 204 216 232
-0.0218386 0.3373803 -0.1706440 204 216 232
-0.2981412 0.4685910 0.0776808 204 216 232
0.0414730 0.3496590 -0.1674611 204 216 232
-0.2188974 0.5479993 -0.0664225 204 216 232
0.2839918 0.3509502 0.0004325 204 216 232
0.0417602 0.1719257 0.2724047 204 216 232
-0.0384729 0.1496031 -0.0042036 204 216 232
0.1231048 0.6493571 -0.0244306 204 216 232
-0.3046378 0.4463437 0.1585000 204 216 232
-0.1634197 0.3959854 -0.1355806 204 216 232
-0.2208575 0.4647743 0.3147023 204 216 232
-0.1846024 0.4413559 -0.1277511 204 216 232
-0.2941862 0.4038624 0.2085263 204 216 232
0.1334492 0.2108936 0.2675326 204 216 232
-0.0175619 0.6979085 0.2012330 204 216 232
0.2759950 0.2943248 0.1753098 204 216 232
0.1406775 0.2652153 0.3226849 204 216 232
-0.0779963 0.2117111 0.3015693 204 216 232
-0.3002847 0.5022320 0.1290386 204 216 232
-0.2095943 0.6333128 0.1108805 204 216 232
-0.1788534 0.2557279 -0.0841484 204 216 232
-0.2089887 0.2087575 0.1846379 204 216 232
-0.1596771 0.1757424 0.0477716 204 216 232
0.1810636 0.3349261 0.3360609 204 216 232
-0.2622922 0.2892829 0.1885947 204 216 232
0.1529465 0.4814204 0.3452261 204 216 232
-0.1874940 0.6572061 0.0809260 204 216 232
0.0448300 0.1218418 0.0944293 204 216 232
-0.1750489 0.5307087 -0.1023712 204 216 232
0.0314845 0.5233815 0.3876846 204 216 232
0.2752985 0.4010769 0.2230753 204 216 232
-0.2180790 0.3638003 -0.1042532 204 216 232
0.1155343 0.3566751 0.3682718 204 216 232
0.0341062 0.6610267 0.2678776 204 216 232
-0.2895072 0.4003588 0.1853837 204 216 232
-0.0427513 0.6885637 -0.0072136 204 216 232
0.0080563 0.7269886 0.1528440 204 216 232
0.2267678 0.6126570 0.0503478 204 216 232
-0.2571103 0.5336249 -0.0124036 204 216 232
0.0425194 0.7265067 0.1400409 204 216 232
0.0704459 0.3884691 0.3846886 204 216 232
0.2712588 0.3445500 0.2352031 204 216 232
-0.1443640 0.1968411 -0.0282327 204 216 232
0.0116602 0.6352144 -0.0986909 204 216 232
-0.2873572 0.4515000 0.2167418 204 216 232
0.0935200 0.1947683 -0.0666419 204 216 232
0.2151592 0.6037841 0.2094275 204 216 232
0.0757938 0.4620748 -0.1768432 204 216 232
0.0641423 0.5893269 -0.1184410 204 216 232
-0.2195057 0.2530370 -0.0253384 204 216 232
0.0438363 0.4286066 -0.1786855 204 216 232
-0.1137373 0.4015428 0.3764524 204 216 232
-0.1214454 0.2493312 0.3131054 204 216 232
-0.0533152 0.5154641 -0.1654455 204 216 232
-0.3294147 0.4054603 0.1009308 204 216 232
-0.2714327 0.5306367 0.0013825 204 216 232
-0.0712047 0.6161432 0.3200155 204 216 232
0.0299702 0.6819919 -0.0374391 204 216 232
-0.1948924 0.2635256 -0.0604751 204 216 232
-0.1406177 0.4100412 0.3823091 204 216 232
0.2246891 0.3938997 -0.0808903 204 216 232
-0.1630335 0.2616840 -0.0689778 204 216 232
-0.1918605 0.4658350 0.3257502 204 216 232
-0.2283013 0.2093963 0.1262865 204 216 232
0.0530447 0.5863644 0.3483168 204 216 232
-0.1168152 0.1388905 0.0806499 204 216 232
-0.0343519 0.1257566 0.1628994 204 216 232
-0.1192344 0.5567495 -0.1230019 204 216 232
-0.3012426 0.4752583 0.1021207 204 216 232
0.2699531 0.3964328 0.2464037 204 216 232
-0.1860173 0.6121179 0.2507212 204 216 232
0.3020687 0.4788995 0.1208986 204 216 232
0.2015877 0.6103233 -0.0113443 204 216 232
0.0231097 0.1819588 0.2870173 204 216 232
-0.0674413 0.5897007 -0.1300705 204 216 232
-0.0161511 0.1732823 -0.0499923 204 216 232
-0.0232604 0.5565895 0.3635831 204 216 232
-0.2747059 0.5224074 0.1714909 204 216 232
-0.2293612 0.5004885 0.2815305 204 216 232
-0.2224501 0.6210524 0.0509526 204 216 232
0.1607009 0.2291685 0.2658024 204 216 232
0.0479860 0.1303120 0.1690387 204 216 232
-0.0919998 0.1338328 0.1219566 204 216 232
-0.1381088 0.3905810 0.3745197 204 216 232
-0.0107679 0.5338802 0.3837952 204 216 232
-0.1565417 0.5867273 0.2977406 204 216 232
0.2404137 0.2505834 0.0474257 204 216 232
0.1504007 0.6523256 0.2289857 204 216 232
-0.2339071 0.2318994 0.1436319 204 216 232
0.2042793 0.3556699 -0.1099532 204 216 232
0.2964915 0.5026764 0.1091842 204 216 232
0.1475363 0.2306881 -0.0583239 204 216 232
-0.0021457 0.7270578 0.1250030 204 216 232
-0.2274746 0.2521944 0.2117614 204 216 232
-0.0411338 0.6292716 -0.0925445 204 216 232
0.2333843 0.5968701 0.1808522 204 216 232
-0.2551458 0.4814004 0.2492529 204 216 232
-0.0526584 0.1869748 0.2840324 204 216 232
0.0780798 0.7054251 0.1147707 204 216 232
0.2730463 0.3923153 0.2284258 204 216 232
-0.2693411 0.4303465 0.2700256 204 216 232
0.1204960 0.3781767 -0.1609714 204 216 232
-0.0017201 0.7174820 0.0870122 204 216 232
-0.2909792 0.4489450 0.1486041 204 216 232
-0.2191346 0.3863059 -0.0851239 204 216 232
0.2610943 0.5589938 0.0077720 204 216 232
0.1527174 0.4791408 -0.1326024 204 216 232
0.0948190 0.1336761 0.0357103 204 216 232
-0.2604353 0.3393217 -0.0094972 204 216 232
-0.0154687 0.4852831 -0.1841546 204 216 232
-0.2455138 0.5847818 0.1488930 204 216 232
-0.1788803 0.5778372 0.2887339 204 216 232
-0.0160443 0.2154688 -0.0904753 204 216 232
0.1210518 0.6609696 0.2278257 204 216 232
0.0428075 0.5669736 -0.1348598 204 216 232
-0.1116588 0.5640898 0.3481152 204 216 232
0.1793736 0.1827242 0.0565141 204 216 232
-0.0210381 0.6693881 -0.0363875 204 216 232
-0.0046717 0.4886897 -0.1641544 204 216 232
0.2933488 0.4393581 0.2193220 204 216 232
0.1045562 0.4550011 0.3828121 204 216 232
-0.1760566 0.6328179 0.1995456 204 216 232
-0.1716227 0.3317815 0.3523905 204 216 232
-0.3053739 0.3794785 0.0619926 204 216 232
-0.1144595 0.4456235 0.3783195 204 216 232
-0.1003206 0.6906197 0.1705944 204 216 232
0.1468069 0.4791930 0.3533381 204 216 232
0.1591275 0.6762198 0.1493710 204 216 232
0.3052017 0.3901998 0.1038311 204 216 232
0.1794611 0.2743741 -0.0738412 204 216 232
-0.1105165 0.6809711 -0.0086753 204 216 232
-0.2026040 0.6418241 0.1466363 204 216 232
-0.0894283 0.1556165 0.2131008 204 216 232
-0.0149345 0.7225003 0.0904103 204 216 232
0.1796294 0.3209647 -0.1030336 204 216 232
0.1389942 0.6738822 0.0044558 204 216 232
0.1929288 0.3330105 0.3095302 204 216 232
-0.1002860 0.1784062 -0.0222990 204 216 232
-0.1194975 0.4856209 -0.1543325 204 216 232
-0.2423835 0.5032995 0.2848323 204 216 232
0.2418393 0.2285690 0.1019559 204 216 232
-0.1692624 0.1838242 0.2228281 204 216 232
0.1654205 0.6027548 -0.0637416 204 216 232
0.2214140 0.4849315 -0.0678799 204 216 232
0.0717865 0.1425649 0.0381018 204 216 232
-0.1777383 0.3154595 0.3191252 204 216 232
0.2978494 0.4209673 0.1865550 204 216 232
0.1823467 0.6454307 0.2064780 204 216 232
-0.1477116 0.6913501 0.0879804 204 216 232
0.2100910 0.4420778 -0.1010995 204 216 232
0.1140995 0.2388100 0.3111815 204 216 232
0.2642405 0.4969097 0.2548754 204 216 232
0.0544294 0.5278320 0.3779564 204 216 232
-0.2491912 0.2493231 0.0822079 204 216 232
0.2879544 0.3406261 0.1477116 204 216 232
-0.1378437 0.6116906 0.2945248 204 216 232
-0.2881798 0.3666807 0.0039304 204 216 232
-0.0836931 0.6075230 0.3132884 204 216 232
0.0524918 0.1433516 0.0002660 204 216 232
0.2616453 0.4908297 -0.0188232 204 216 232
-0.1418158 0.6626354 0.2104091 204 216 232
-0.1071310 0.6341495 0.2901234 204 216 232
0.2632811 0.5095516 0.2273324 204 216 232
-0.2286361 0.5513485 0.2610263 204 216 232
-0.1132826 0.2346364 -0.0892446 204 216 232
-0.0169039 0.7052849 0.0445586 204 216 232
0.2534679 0.5922554 0.1057514 204 216 232
0.0187775 0.3169500 -0.1486541 204 216 232
-0.2074987 0.5723315 -0.0409452 204 216 232
0.0381092 0.4408061 0.4030496 204 216 232
-0.2252960 0.5002756 -0.0818004 204 216 232
0.2940758 0.4135079 0.2041104 204 216 232
-0.2630223 0.3349021 0.2246113 204 216 232
0.2020646 0.6207635 0.2381290 204 216 232
-0.0747903 0.1953637 -0.0748907 204 216 232
-0.1648638 0.6431352 0.2320458 204 216 232
0.0961351 0.3686970 0.3776522 204 216 232
-0.0764691 0.4162836 0.3849065 204 216 232
-0.1340429 0.4843648 -0.1419070 204 216 232
-0.0642278 0.2262496 0.3276612 204 216 232
-0.0178652 0.1648956 -0.0309574 204 216 232
0.1408887 0.2268769 -0.0599471 204 216 232
-0.2284117 0.2403841 0.0053363 204 216 232
0.1602270 0.5821940 -0.0776468 204 216 232
-0.1179749 0.6815988 0.2172903 204 216 232
0.1622051 0.3870208 0.3388451 204 216 232
0.0311392 0.7056136 0.2046485 204 216 232
-0.1847173 0.5341982 -0.1018860 204 216 232
-0.0562118 0.6349149 0.3040907 204 216 232
-0.0736217 0.3122599 0.3643838 204 216 232
-0.2462121 0.5731646 0.2035406 204 216 232
0.3040098 0.3294809 0.0982539 204 216 232
0.2112194 0.5182347 -0.0789049 204 216 232
-0.0353909 0.2874470 -0.1550377 204 216 232
0.2844120 0.3936706 0.2523528 204 216 232
0.2323678 0.4163412 -0.0686409 204 216 232
0.2418965 0.2495311 0.1074405 204 216 232
-0.0349296 0.1778903 -0.0651625 204 216 232
0.0068776 0.5903633 0.3498730 204 216 232
-0.2696100 0.3320084 -0.0157949 204 216 232
0.2635061 0.5504203 0.0287837 204 216 232
-0.1421285 0.3394713 -0.1371149 204 216 232
-0.1152977 0.5812058 -0.1248098 204 216 232
0.0828949 0.6655978 0.2612690 204 216 232
-0.0423613 0.2846614 -0.1325479 204 216 232
-0.1007869 0.3438387 0.3715716 204 216 232
-0.2122353 0.6320059 0.0812036 204 216 232
0.2445059 0.2430139 0.1341432 204 216 232
-0.1864290 0.3568472 -0.1138033 204 216 232
0.0058378 0.6893236 0.2330471 204 216 232
-0.0858917 0.6541674 -0.0524423 204 216 232
-0.1631161 0.2297426 -0.0486718 204 216 232
-0.1817157 0.1856773 0.0841207 204 216 232
-0.2975769 0.5271421 0.0622880 204 216 232
0.1603958 0.2319674 0.2947865 204 216 232
0.2539831 0.3253748 0.2739237 204 216 232
0.0601983 0.4727875 -0.1639865 204 216 232
0.1750924 0.1793489 0.1455646 204 216 232
-0.2400129 0.5613329 0.2274373 204 216 232
0.0473012 0.1930490 -0.0890219 204 216 232
0.1781076 0.6405390 0.2204424 204 216 232
-0.2248222 0.5001115 -0.0760015 204 216 232
0.2113952 0.4800860 -0.0820898 204 216 232
0.2036489 0.6396451 0.1513956 204 216 232
0.0271738 0.4722293 0.3994849 204 216 232
0.1897189 0.1855700 0.1676955 204 216 232
0.2472614 0.3301887 0.2520451 204 216 232
-0.2519550 0.3150043 0.2404435 204 216 232
0.1581491 0.6459225 0.0304390 204 216 232
-0.2150151 0.5705684 -0.0402716 204 216 232
-0.2171103 0.4904885 -0.0852500 204 216 232
0.0705437 0.2486493 0.3367086 204 216 232
-0.1480319 0.4637608 0.3502918 204 216 232
0.1470684 0.3161834 0.3402968 204 216 232
0.0970581 0.2282533 -0.0970398 204 216 232
0.0676636 0.1410462 0.0995621 204 216 232
-0.0985688 0.5961273 0.3047343 204 216 232
-0.1594309 0.3142697 0.3314745 204 216 232
-0.1861950 0.3373236 -0.1009808 204 216 232
0.0517557 0.5714172 0.3568488 204 216 232
-0.0452421 0.6135683 -0.1145842 204 216 232
0.0685202 0.5948777 -0.1174490 204 216 232
-0.0366216 0.6963450 0.2198070 204 216 232
0.0687045 0.6966426 0.0595514 204 216 232
-0.1067755 0.3218203 0.3653978 204 216 232
-0.1746148 0.1696894 0.0950837 204 216 232
0.1664102 0.2625582 0.3047943 204 216 232
-0.0256504 0.1394832 0.0298258 204 216 232
-0.0927747 0.2762737 0.3492761 204 216 232
0.2371581 0.2169531 0.1268658 204 216 232
0.0847028 0.3435014 -0.1491438 204 216 232
0.2931679 0.4660166 0.0524736 204 216 232
0.1034309 0.1669226 -0.0098368 204 216 232
-0.0329360 0.1923738 0.3012976 204 216 232
-0.1418231 0.6209889 -0.0670133 204 216 232
-0.3021404 0.4836476 0.1000472 204 216 232
-0.1767335 0.6770257 0.1020078 204 216 232
0.0194342 0.3193347 0.3729176 204 216 232
-0.1833810 0.4854642 -0.1160502 204 216 232
-0.1387949 0.1771197 0.2476428 204 216 232
-0.2092913 0.4476790 -0.0981378 204 216 232
-0.3039167 0.3400057 0.1346121 204 216 232
-0.1666323 0.6741748 0.1159958 204 216 232
0.0884530 0.6809500 0.0085779 204 216 232
0.2407555 0.2719543 -0.0098181 204 216 232
0.1017152 0.4955994 -0.1523471 204 216 232
0.0888411 0.6756999 0.2167913 204 216 232
-0.0148830 0.5315724 0.3723325 204 216 232
0.1065503 0.4710346 -0.1557822 204 216 232
-0.1710676 0.5166919 0.3304339 204 216 232
0.0953481 0.1933333 0.2838686 204 216 232
-0.1700057 0.1650412 0.1413785 204 216 232
-0.0217862 0.5087978 0.3910255 204 216 232
-0.2862130 0.5429481 0.1460757 204 216 232
-0.1717630 0.2140572 -0.0323259 204 216 232
-0.2923106 0.4185697 0.0127938 204 216 232
-0.1284476 0.6427715 -0.0429242 204 216 232
-0.1280612 0.2740194 0.3344664 204 216 232
-0.0242979 0.2714437 0.3645265 204 216 232
-0.2430956 0.5053005 -0.0516709 204 216 232
-0.2654873 0.5578741 0.0356482 204 216 232
0.0208246 0.2394338 -0.1166290 204 216 232
-0.2467895 0.4975829 -0.0610564 204 216 232
0.0311981 0.2810246 0.3648007 204 216 232
0.1402602 0.2960331 -0.1172271 204 216 232
-0.0374853 0.3952682 -0.1799221 204 216 232
-0.2364475 0.2628786 0.1936754 204 216 232
0.3061697 0.4442761 0.0805878 204 216 232
0.2515666 0.5779265 0.0527964 204 216 232
-0.0328822 0.3051568 -0.1610225 204 216 232
-0.2058097 0.4392296 -0.1120460 204 216 232
-0.0560736 0.5515414 -0.1435541 204 216 232
0.1720741 0.1871758 0.0008169 204 216 232
-0.2694293 0.3254558 0.0011580 204 216 232
-0.2887754 0.4038453 0.0564645 204 216 232
0.2764855 0.3913835 -0.0167829 204 216 232
-0.0301112 0.1505010 -0.0138486 204 216 232
0.0901215 0.1331120 0.1346706 204 216 232
-0.1938223 0.6059554 -0.0271086 204 216 232
0.2682019 0.3258974 0.2210082 204 216 232
0.1247252 0.3222060 0.3642110 204 216 232
-0.1909208 0.6415686 0.1820089 204 216 232
0.1059516 0.6623293 -0.0289325 204 216 232
0.0980958 0.3866407 -0.1742933 204 216 232
-0.1966794 0.6406652 0.0391585 204 216 232
-0.0886238 0.6712064 0.2568212 204 216 232
0.1535079 0.1772273 0.1906384 204 216 232
-0.2109954 0.2053715 0.1402127 204 216 232
0.0755072 0.1460295 0.0166338 204 216 232
-0.3128405 0.3988352 0.0964612 204 216 232
-0.2454982 0.5351152 0.2526611 204 216 232
0.0023182 0.2002312 -0.0860184 204 216 232
-0.2149161 0.3311696 -0.0723534 204 216 232
-0.1542349 0.6700097 0.2038344 204 216 232
0.2357417 0.5722056 0.2113037 204 216 232
0.0046732 0.5203565 0.3800564 204 216 232
-0.1564002 0.4783759 0.3633299 204 216 232
-0.1428415 0.1517200 0.1105669 204 216 232
0.1177368 0.3656461 -0.1415216 204 216 232
0.2778583 0.3165294 0.1695630 204 216 232
0.1224961 0.2363685 -0.0906162 204 216 232
-0.1707488 0.1837238 0.0262547 204 216 232
-0.2442046 0.2489403 0.1755455 204 216 232
-0.2779971 0.3931455 -0.0254740 204 216 232
0.0672457 0.5268320 -0.1440992 204 216 232
0.1185230 0.2871588 0.3554712 204 216 232
-0.0126247 0.5485243 0.3666537 204 216 232
-0.2534741 0.2492302 0.0715427 204 216 232
-0.1925965 0.6099216 0.2396206 204 216 232
-0.1355518 0.6876655 0.1486150 204 216 232
-0.2453184 0.2734492 0.2045202 204 216 232
0.0935401 0.3191955 0.3701287 204 216 232
-0.2789836 0.4513445 -0.0313843 204 216 232
0.2359516 0.2339900 0.0991197 204 216 232
-0.1187178 0.2335834 0.3052358 204 216 232
0.0532332 0.7014979 0.1950817 204 216 232
0.1325087 0.2104844 -0.0296985 204 216 232
0.2080940 0.6346682 0.0387833 204 216 232
-0.1542102 0.6319999 -0.0284821 204 216 232
0.1699342 0.2161453 -0.0383562 204 216 232
-0.1459429 0.5176491 -0.1215939 204 216 232
-0.0269180 0.3046845 0.3796597 204 216 232
0.2576079 0.3796223 -0.0297318 204 216 232
0.0916880 0.2989314 0.3676755 204 216 232
0.0285852 0.1721343 -0.0434900 204 216 232
0.2026123 0.6385930 0.0294057 204 216 232
-0.2302312 0.2160553 0.1475238 204 216 232
-0.2463540 0.3380482 -0.0421435 204 216 232
0.1289203 0.4678164 0.3640450 204 216 232
-0.3164576 0.4455180 0.1388002 204 216 232
0.2484821 0.3901950 -0.0610544 204 216 232
-0.0248537 0.5518904 0.3696876 204 216 232
0.3119209 0.4181014 0.1008312 204 216 232
0.0132356 0.3538195 0.3883259 204 216 232
0.1390846 0.1914717 -0.0332312 204 216 232
0.1589209 0.6487252 -0.0080152 204 216 232
0.0876253 0.6572690 0.2576023 204 216 232
-0.2381291 0.5648433 -0.0167498 204 216 232
0.2126519 0.2185636 0.1957555 204 216 232
0.0798656 0.6764451 -0.0309677 204 216 232
0.0891440 0.1556670 0.2154392 204 216 232
0.0537364 0.3487547 -0.1652122 204 216 232
-0.0103997 0.7170212 0.1693853 204 216 232
-0.1517639 0.2427662 0.2941465 204 216 232
-0.1515564 0.3603940 0.3561242 204 216 232
-0.1652147 0.3206888 0.3305703 204 216 232
-0.1476838 0.5032131 0.3698835 204 216 232
-0.1486716 0.1708239 0.0368486 204 216 232
-0.0390176 0.7139343 0.1380770 204 216 232
-0.0645558 0.1694098 -0.0358206 204 216 232
0.2514721 0.4681367 0.2632349 204 216 232
-0.0163578 0.7160971 0.1474204 204 216 232
0.2628519 0.4910553 0.2681490 204 216 232
0.2258236 0.2918312 0.2694111 204 216 232
-0.2908073 0.4731163 0.0448080 204 216 232
0.0419086 0.2702644 0.3571285 204 216 232
0.1706242 0.5322768 -0.1183358 204 216 232
-0.2285549 0.6175899 0.0899420 204 216 232
-0.0217739 0.6783034 -0.0335515 204 216 232
0.0549777 0.1407865 0.0380219 204 216 232
-0.2360476 0.2299373 0.0907927 204 216 232
0.2229723 0.2652917 -0.0258150 204 216 232
-0.0884652 0.4982874 -0.1594594 204 216 232
0.1943765 0.4699651 0.3324185 204 216 232
0.1966938 0.2716281 0.2738375 204 216 232
-0.0290079 0.1498858 -0.0072258 204 216 232
-0.1053490 0.3645867 0.3727332 204 216 232
0.2885560 0.5316062 0.1634834 204 216 232
0.0123524 0.2244629 0.3300494 204 216 232
-0.2384547 0.4304033 0.2849899 204 216 232
-0.1267790 0.1994933 0.2574708 204 216 232
0.1256265 0.2575966 -0.1122928 204 216 232
-0.1632326 0.3573116 0.3509443 204 216 232
-0.0534535 0.6725892 0.2748637 204 216 232
0.1559087 0.1656228 0.1532802 204 216 232
-0.2328522 0.2501014 0.0117542 204 216 232
0.1016954 0.4855875 -0.1512194 204 216 232
-0.1238647 0.1964391 0.2682919 204 216 232
-0.1623833 0.4940058 0.3576523 204 216 232
0.0559683 0.3097108 0.3664404 204 216 232
0.0951104 0.4616610 0.3785380 204 216 232
-0.2039315 0.2115478 0.0045372 204 216 232
0.0254665 0.4606586 0.3951038 204 216 232
-0.1930151 0.2275302 -0.0073358 204 216 232
0.2711327 0.4913950 0.2276949 204 216 232
0.2260850 0.2589006 -0.0041357 204 216 232
-0.3075683 0.3975742 0.1147305 204 216 232
0.2860084 0.4680572 -0.0036366 204 216 232
-0.2883690 0.4865517 0.1747640 204 216 232
-0.2898683 0.4884678 0.0138884 204 216 232
0.1714676 0.1736395 0.1211093 204 216 232
0.2153714 0.1928068 0.1128225 204 216 232
-0.0792354 0.1642154 0.2458497 204 216 232
-0.2993250 0.3596931 0.0962888 204 216 232
0.1751373 0.6386173 0.2187104 204 216 232
0.1401654 0.5741814 -0.1001045 204 216 232
0.2814453 0.5518472 0.1518930 204 216 232
0.0237989 0.4779100 -0.1673831 204 216 232
-0.2790112 0.2811112 0.1450625 204 216 232
0.0361702 0.4659890 0.3877681 204 216 232
0.1396047 0.1577135 0.0657285 204 216 232
0.1514020 0.3904930 0.3651325 204 216 232
0.2975609 0.4908676 0.0924308 204 216 232
0.2474913 0.4631582 0.2848719 204 216 232
-0.1928955 0.6031117 0.2680440 204 216 232
-0.1420177 0.1799750 0.0133967 204 216 232
0.1875128 0.1690229 0.0751711 204 216 232
0.2143617 0.2402048 0.0040624 204 216 232
0.0023565 0.5187522 -0.1686644 204 216 232
0.0025301 0.6104438 -0.1179332 204 216 232
0.2338488 0.4186599 0.3068016 204 216 232
-0.1746174 0.3982303 -0.1280727 204 216 232
-0.3162107 0.4267368 0.1005227 204 216 232
-0.1306192 0.1585393 0.0771408 204 216 232
0.0877237 0.5825967 -0.1069486 204 216 232
-0.2710150 0.5435278 0.1303645 204 216 232
0.0819603 0.1741672 -0.0295934 204 216 232
-0.3075368 0.4313043 0.0838975 204 216 232
0.1468266 0.2823721 -0.1059033 204 216 232
0.2613294 0.4787233 -0.0250310 204 216 232
-0.2574688 0.3068973 0.2253471 204 216 232
-0.1902437 0.1789911 0.1352496 204 216 232
0.1105672 0.6436262 0.2693406 204 216 232
0.1522976 0.2441934 0.2825583 204 216 232
-0.2565619 0.5344725 0.0087141 204 216 232
0.2894615 0.5137497 0.1361288 204 216 232
0.2712181 0.5410643 0.0451327 204 216 232
0.1881662 0.2164062 0.2280476 204 216 232
-0.0374324 0.4421070 0.3859506 204 216 232
-0.0786279 0.5197481 0.3730147 204 216 232
-0.2473968 0.3750917 -0.0609053 204 216 232
0.0258987 0.3763260 0.3892915 204 216 232
0.2719048 0.4943444 -0.0117817 204 216 232
-0.2677331 0.3804448 -0.0430893 204 216 232
0.2570902 0.5681466 0.1362318 204 216 232
0.1016753 0.4495122 -0.1744973 204 216 232
0.2105679 0.2058941 0.0301799 204 216 232
0.1121727 0.1387171 0.1351588 204 216 232
0.2822468 0.4593207 0.2268441 204 216 232
0.0416023 0.5681028 -0.1341624 204 216 232
0.2188002 0.6350475 0.0708680 204 216 232
0.2307473 0.5044959 0.2735370 204 216 232
0.0883709 0.2616218 -0.1256737 204 216 232
-0.0469270 0.4796436 -0.1793434 204 216 232
0.1567774 0.6046684 -0.0780055 204 216 232
-0.1858470 0.4663476 -0.1078605 204 216 232
0.0836019 0.1413803 0.1824227 204 216 232
-0.0828186 0.7035750 0.1873207 204 216 232
0.1905458 0.4513876 0.3382179 204 216 232
0.1187246 0.1598795 0.2399786 204 216 232
-0.1829191 0.1788673 0.0912938 204 216 232
-0.0339448 0.1293968 0.1961516 204 216 232
-0.2467365 0.5576328 0.2214055 204 216 232
-0.0092977 0.1359556 0.1997847 204 216 232
0.2688490 0.3795557 -0.0274954 204 216 232
0.1806327 0.5627288 -0.0972774 204 216 232
-0.1501951 0.3859090 0.3582110 204 216 232
-0.1477085 0.5014977 0.3501104 204 216 232
0.0148701 0.1263558 0.0682973 204 216 232
-0.1388669 0.1536493 0.1149928 204 216 232
0.2086763 0.3957672 -0.1136088 204 216 232
-0.0407542 0.5020209 -0.1671270 204 216 232
-0.1651808 0.4660401 -0.1340204 204 216 232
-0.0611613 0.2183240 0.3091958 204 216 232
0.0337028 0.2084866 -0.0848023 204 216 232
0.1955350 0.6547913 0.1244590 204 216 232
0.2071288 0.5516192 -0.0667080 204 216 232
-0.3119341 0.4493732 0.1538825 204 216 232
0.2581344 0.3078680 -0.0053544 204 216 232
0.0761930 0.6589879 -0.0606889 204 216 232
0.0812257 0.6925167 0.2385035 204 216 232
-0.1061016 0.2572344 0.3328383 204 216 232
0.2364086 0.4405407 -0.0665565 204 216 232
-0.3003495 0.4865116 0.1251329 204 216 232
0.0698917 0.4109617 0.3916477 204 216 232
0.1521608 0.6236182 -0.0615999 204 216 232
0.2514755 0.3377338 -0.0459206 204 216 232
0.0110985 0.2090936 0.3169761 204 216 232
0.1119773 0.1533316 0.1594561 204 216 232
0.1066600 0.6824663 0.2060470 204 216 232
0.0736054 0.3864739 -0.1731320 204 216 232
0.0097918 0.1224983 0.1309828 204 216 232
0.2462321 0.3822936 -0.0731384 204 216 232
-0.0893606 0.2461718 -0.1301176 204 216 232
-0.2630419 0.3051721 0.2106316 204 216 232
-0.1361735 0.2107874 -0.0542927 204 216 232
-0.2349873 0.2258306 0.0666091 204 216 232
0.2617416 0.4017268 0.2711908 204 216 232
-0.0485356 0.4133668 0.3979833 204 216 232
0.1166931 0.5713187 0.3511722 204 216 232
-0.1905744 0.1928954 0.0686773 204 216 232
-0.0177484 0.1575333 0.2414619 204 216 232
0.0318997 0.2981362 -0.1578784 204 216 232
0.0719413 0.4430860 -0.1719602 204 216 232
0.0289301 0.7200172 0.1030533 204 216 232
-0.1981878 0.2134005 0.1976923 204 216 232
-0.2619381 0.3629107 -0.0444636 204 216 232
0.2611165 0.3955275 -0.0428083 204 216 232
0.2613874 0.4381761 -0.0409920 204 216 232
0.1320212 0.4761606 0.3698804 204 216 232
0.1918017 0.6567432 0.0356021 204 216 232
-0.2760415 0.2832470 0.0880923 204 216 232
-0.1754402 0.6525948 -0.0007227 204 216 232
0.2404318 0.4811207 0.2714620 204 216 232
0.1598507 0.6770950 0.0830180 204 216 232
0.0407033 0.1420149 0.2021057 204 216 232
-0.0316869 0.4924580 0.3882826 204 216 232
0.0624806 0.4956053 -0.1647321 204 216 232
0.1912695 0.5577282 0.3008063 204 216 232
-0.2756382 0.3353482 0.2100027 204 216 232
0.0304087 0.6703323 -0.0356644 204 216 232
-0.1754788 0.5502111 0.3090292 204 216 232
0.2949017 0.4652953 0.2163781 204 216 232
0.0908803 0.4174992 -0.1620809 204 216 232
-0.1845287 0.6529506 0.1262735 204 216 232
-0.0585675 0.1565913 0.2499436 204 216 232
-0.2027136 0.2629721 -0.0203367 204 216 232
0.1282391 0.2003003 0.2566416 204 216 232
0.2860379 0.3332105 0.0269100 204 216 232
0.1265367 0.1486484 0.1530423 204 216 232
0.3057293 0.4691833 0.0630268 204 216 232
-0.0830043 0.6606510 0.2695872 204 216 232
0.2231272 0.5406013 -0.0519165 204 216 232
0.2069656 0.6372021 0.1222322 204 216 232
-0.1071998 0.2858246 -0.1308448 204 216 232
0.0059951 0.5438380 -0.1418048 204 216 232
0.0013900 0.3756229 0.3952214 204 216 232
-0.0468035 0.1356441 0.1578760 204 216 232
-0.1739853 0.6190892 0.2740709 204 216 232
-0.2050596 0.6405432 0.0460230 204 216 232
0.0752268 0.7111708 0.0866839 204 216 232
-0.2593233 0.4879448 -0.0264367 204 216 232
-0.0901533 0.2087734 -0.0706647 204 216 232
0.0715205 0.6338064 0.3185646 204 216 232
0.1653766 0.2065389 -0.0196298 204 216 232
-0.1909647 0.6543123 0.1485011 204 216 232
0.2857978 0.3301433 0.0560677 204 216 232
-0.1533565 0.6755496 0.0404769 204 216 232
-0.2873814 0.3455671 0.0274822 204 216 232
-0.1422040 0.6816494 0.1525345 204 216 232
-0.0351168 0.3038634 0.3739589 204 216 232
-0.0177825 0.4701210 -0.1819572 204 216 232
-0.0060734 0.1241276 0.1633096 204 216 232
0.2023933 0.2375456 -0.0114582 204 216 232
0.0824365 0.2018543 -0.0670950 204 216 232
-0.2695548 0.2763009 0.1135717 204 216 232
0.2174980 0.6098899 0.0353929 204 216 232
0.1291379 0.6486443 -0.0438684 204 216 232
0.1186425 0.2338907 0.3062472 204 216 232
0.2263620 0.2242836 0.1678127 204 216 232
-0.2357914 0.5138142 -0.0458419 204 216 232
-0.2669899 0.3166212 0.0047685 204 216 232
-0.2867941 0.5012373 0.0375854 204 216 232
-0.2581767 0.4851144 0.2716819 204 216 232
-0.0510794 0.2225370 -0.0954132 204 216 232
-0.1681930 0.6493734 0.0170474 204 216 232
0.0310066 0.6579654 -0.0597540 204 216 232
-0.3116142 0.3935413 0.1532876 204 216 232
-0.2734677 0.3926731 -0.0178844 204 216 232
-0.2365415 0.2728838 0.2225988 204 216 232
0.1657656 0.3891105 -0.1382532 204 216 232
-0.0818872 0.6986616 0.1979118 204 216 232
0.2337972 0.2558381 0.1942834 204 216 232
-0.0710295 0.4730689 0.3902423 204 216 232
-0.1965368 0.3042187 0.3112507 204 216 232
-0.1549893 0.1592345 0.0921100 204 216 232
0.1076592 0.1564821 0.2250165 204 216 232
0.1209937 0.6877888 0.1872275 204 216 232
0.0923951 0.1427329 0.1725057 204 216 232
-0.2841111 0.3905773 0.2069604 204 216 232
-0.0511310 0.2447549 -0.1114972 204 216 232
-0.2434842 0.2880920 0.2394744 204 216 232
-0.1680011 0.5827230 0.3045449 204 216 232
-0.1771495 0.2087311 0.2015656 204 216 232
0.0068424 0.6881142 -0.0520499 204 216 232
-0.0396502 0.6182133 0.3245349 204 216 232
-0.0774174 0.1589963 -0.0447990 204 216 232
-0.1330304 0.3919230 -0.1455704 204 216 232
0.0877576 0.1886422 -0.0551069 204 216 232
-0.1293228 0.3361997 0.3531188 204 216 232
0.1446668 0.2654018 -0.0952381 204 216 232
0.0664400 0.6916654 0.0143602 204 216 232
-0.0544058 0.3982868 -0.1694311 204 216 232
-0.0855582 0.3690904 -0.1682518 204 216 232
-0.1538515 0.6563685 -0.0226154 204 216 232
-0.1346278 0.2670079 -0.1112137 204 216 232
0.1495250 0.2038356 0.2591768 204 216 232
0.0301701 0.6561121 0.2822372 204 216 232
0.1077842 0.5378177 -0.1328791 204 216 232
0.1690637 0.3936023 0.3542913 204 216 232
0.2765198 0.5278817 0.0141798 204 216 232
0.0681746 0.3252679 0.3798005 204 216 232
-0.0352605 0.1471257 0.2300262 204 216 232
-0.0417342 0.3088797 0.3819359 204 216 232
0.1886744 0.2955015 -0.0883548 204 216 232
-0.1414952 0.4465103 0.3716296 204 216 232
-0.2857389 0.5282350 0.0598136 204 216 232
-0.2008824 0.2138006 0.1864764 204 216 232
0.2447186 0.2614432 0.1984144 204 216 232
0.2189039 0.2307034 -0.0134951 204 216 232
-0.0544731 0.4497018 -0.1702906 204 216 232
0.1004071 0.3157112 -0.1609569 204 216 232
0.1299863 0.3389857 0.3532877 204 216 232
0.0326838 0.1509970 -0.0217905 204 216 232
-0.2870095 0.3069998 0.0999540 204 216 232
0.0333634 0.2465131 0.3255020 204 216 232
0.2318812 0.5177881 0.2683589 204 216 232
0.1108610 0.1636711 -0.0145426 204 216 232
-0.0951940 0.6396064 -0.0590370 204 216 232
0.0751234 0.7136745 0.1216926 204 216 232
0.2121157 0.6298038 0.0203474 204 216 232
-0.1693429 0.6524779 0.0298975 204 216 232
-0.2329401 0.4787282 -0.0662115 204 216 232
0.2042747 0.4216004 0.3248858 204 216 232
0.0842793 0.2943895 -0.1496242 204 216 232
0.1014961 0.5871592 -0.1100733 204 216 232
-0.3048736 0.3719667 0.1041802 204 216 232
0.0403067 0.5265045 -0.1488329 204 216 232
0.2996024 0.4019329 0.1576885 204 216 232
-0.0971513 0.1408744 0.0486704 204 216 232
-0.0713137 0.6318637 0.3049917 204 216 232
0.1502064 0.1647871 0.1416954 204 216 232
0.2629668 0.5226826 -0.0048651 204 216 232
-0.1725359 0.6533091 0.1813151 204 216 232
0.2766072 0.5768844 0.1571039 204 216 232
-0.1745636 0.6466709 0.1947017 204 216 232
-0.1723342 0.6603638 0.0993483 204 216 232
-0.2855569 0.5279084 0.1835526 204 216 232
-0.2881157 0.5377408 0.1099479 204 216 232
0.1820869 0.5069311 0.3315248 204 216 232
-0.0598714 0.3668080 -0.1723295 204 216 232
-0.0397754 0.1853919 0.2985933 204 216 232
0.2489196 0.3782778 0.2740019 204 216 232
-0.1814672 0.2022110 0.2084445 204 216 232
0.1093430 0.6930659 0.1861607 204 216 232
0.0369810 0.5950881 0.3465512 204 216 232
-0.1824488 0.4310949 0.3367909 204 216 232
0.0312718 0.4422077 0.4015831 204 216 232
-0.0774028 0.7045410 0.1454641 204 216 232
0.0650336 0.4500199 -0.1798753 204 216 232
0.0957328 0.1447656 0.0672999 204 216 232
-0.0798244 0.1278964 0.1667160 204 216 232
0.2495634 0.2626662 0.0407163 204 216 232
0.1680179 0.6517813 0.1819659 204 216 232
0.2550728 0.5584092 0.2257939 204 216 232
0.2735377 0.3206592 -0.0029461 204 216 232
-0.0916548 0.6906277 0.0239668 204 216 232
0.2476931 0.3544671 0.2669666 204 216 232
0.2087285 0.3095164 -0.0650461 204 216 232
-0.2347617 0.3170642 0.2789737 204 216 232
-0.0811654 0.7050912 0.1410175 204 216 232
-0.1396004 0.4659649 0.3629768 204 216 232
-0.1718513 0.6827657 0.0890328 204 216 232
-0.1503568 0.1737373 0.0220352 204 216 232
-0.1156388 0.5895395 -0.1000036 204 216 232
-0.0464042 0.4658886 -0.1757238 204 216 232
-0.1820759 0.2832148 0.2958420 204 216 232
-0.2618955 0.3936673 0.2387763 204 216 232
0.0228650 0.6438422 -0.0840547 204 216 232
-0.1720121 0.2928618 0.3163168 204 216 232
-0.0813016 0.3016620 -0.1393715 204 216 232
0.0177878 0.6449329 -0.0781068 204 216 232
-0.2900944 0.3767927 0.1907227 204 216 232
0.1906600 0.6583595 0.1459744 204 216 232
0.1753948 0.1778716 0.0845944 204 216 232
-0.2102933 0.2046811 0.0274665 204 216 232
0.1250243 0.4877065 -0.1515451 204 216 232
-0.0047798 0.7136629 0.1650403 204 216 232
0.0792927 0.6535615 0.2745892 204 216 232
-0.0063013 0.3951522 0.4010917 204 216 232
-0.2871024 0.4119095 -0.0063606 204 216 232
-0.0499647 0.5565207 -0.1488065 204 216 232
0.2371526 0.2711068 -0.0053520 204 216 232
0.1443360 0.5922771 0.2947757 204 216 232
-0.0889816 0.2069642 0.2922611 204 216 232
0.1562752 0.6729773 0.0590191 204 216 232
0.2223848 0.2298433 0.1475578 204 216 232
-0.0088122 0.4972000 0.3879822 204 216 232
-0.0987686 0.6934133 0.1804972 204 216 232
-0.3087489 0.4627008 0.0851459 204 216 232
-0.1614725 0.5718094 -0.0807713 204 216 232
-0.1907539 0.6355459 0.2145825 204 216 232
-0.2041657 0.5469313 0.2916416 204 216 232
-0.2243670 0.6133599 0.1649605 204 216 232
0.1700071 0.6014845 0.2868201 204 216 232
0.2486683 0.6098003 0.1068256 204 216 232
0.0014541 0.6378536 -0.0853095 204 216 232
-0.0469118 0.4265961 -0.1784838 204 216 232
0.1012517 0.4609948 0.3742741 204 216 232
-0.2260482 0.5926803 0.2246570 204 216 232
-0.0095308 0.6980624 0.2127606 204 216 232
0.1175720 0.1519757 0.0537411 204 216 232
-0.1009333 0.3496090 0.3656743 204 216 232
0.0757017 0.6033332 -0.0974767 204 216 232
0.1886808 0.1956687 0.0693061 204 216 232
0.1763273 0.1710716 0.0803823 204 216 232
-0.2154237 0.2804943 -0.0362391 204 216 232
-0.2248964 0.3251218 -0.0828173 204 216 232
0.0598346 0.1377183 0.1687931 204 216 232
0.2978579 0.3787623 0.1506852 204 216 232
0.0794899 0.3548623 0.3789237 204 216 232
-0.1242297 0.2733172 -0.1175171 204 216 232
0.2240634 0.6200744 0.1524783 204 216 232
0.0973358 0.6404866 0.2857068 204 216 232
0.1945835 0.2506621 -0.0555843 204 216 232
0.0506814 0.3262434 0.3717362 204 216 232
0.1309582 0.5497519 -0.1230660 204 216 232
0.0562331 0.2321321 0.3284087 204 216 232
0.3089370 0.4011225 0.1300566 204 216 232
-0.0032382 0.4544498 0.4057501 204 216 232
0.0712644 0.3046209 0.3631555 204 216 232
-0.0631379 0.1336259 0.1706208 204 216 232
0.2116002 0.2680333 -0.0420317 204 216 232
-0.0294056 0.6437214 0.3062812 204 216 232
0.0521692 0.5775363 0.3539033 204 216 232
-0.0387828 0.4022146 -0.1798807 204 216 232
-0.2527647 0.3110757 -0.0258988 204 216 232
0.1186426 0.1751602 -0.0145723 204 216 232
-0.1261927 0.1907129 0.2586050 204 216 232
0.0396533 0.3193587 -0.1601242 204 216 232
0.2505826 0.3203761 0.2473245 204 216 232
0.3079163 0.3707487 0.0710369 204 216 232
-0.1013742 0.2817395 0.3536001 204 216 232
0.2666555 0.3132972 0.0201640 204 216 232
0.2132991 0.1973156 0.0976319 204 216 232
-0.2149566 0.2070254 0.1207030 204 216 232
0.2442994 0.5993481 0.1533522 204 216 232
-0.2652825 0.3629365 -0.0465727 204 216 232
-0.3052998 0.4452451 0.1657007 204 216 232
0.0401122 0.2994902 0.3754610 204 216 232
-0.1727101 0.3830810 0.3537501 204 216 232
-0.1524584 0.3388440 0.3404428 204 216 232
-0.0120212 0.6040137 -0.1066799 204 216 232
-0.2585697 0.5336477 0.2175058 204 216 232
0.0163426 0.2676731 -0.1435031 204 216 232
0.1857267 0.5047024 0.3328773 204 216 232
-0.1935972 0.3175869 0.3056160 204 216 232
0.1207436 0.6611041 -0.0256354 204 216 232
0.0964093 0.7091472 0.1321487 204 216 232
0.1606641 0.1746837 0.1521510 204 216 232
-0.2585544 0.4559547 -0.0466802 204 216 232
0.0961197 0.2894642 0.3637438 204 216 232
0.1341818 0.1579574 0.1601756 204 216 232
-0.1655303 0.6775144 0.1800365 204 216 232
-0.0366118 0.6091557 0.3229944 204 216 232
-0.2986521 0.3903068 0.0437382 204 216 232
-0.0040101 0.2100008 -0.0907576 204 216 232
0.3102340 0.4199213 0.1534462 204 216 232
-0.0883110 0.6814682 0.0430429 204 216 232
-0.3154391 0.4350150 0.1314169 204 216 232
-0.0093426 0.1500968 -0.0233780 204 216 232
0.1959322 0.1957086 0.0226934 204 216 232
0.0033354 0.4134771 -0.1737439 204 216 232
0.2333491 0.2435627 0.1970312 204 216 232
-0.2163250 0.2315471 0.0036151 204 216 232
-0.1467193 0.4948186 -0.1369575 204 216 232
-0.0028223 0.6092253 0.3433397 204 216 232
0.0641818 0.1646562 -0.0424774 204 216 232
-0.1716519 0.3681827 0.3532076 204 216 232
-0.2829438 0.4956661 0.0130570 204 216 232
-0.3017665 0.4184145 0.0198931 204 216 232
-0.2846491 0.3473552 0.0690628 204 216 232
-0.2406880 0.6075813 0.1492990 204 216 232
0.0966586 0.5171273 0.3696770 204 216 232
-0.0462648 0.1375418 0.0024857 204 216 232
-0.1110375 0.3190773 -0.1423258 204 216 232
0.2867208 0.4803913 0.0533288 204 216 232
-0.0329900 0.5643592 -0.1495996 204 216 232
0.2237111 0.6178957 0.0207406 204 216 232
0.1366579 0.5011474 -0.1338857 204 216 232
-0.2314514 0.2315251 0.1495925 204 216 232
0.1020412 0.4566077 0.3795156 204 216 232
-0.0742599 0.6471088 -0.0655872 204 216 232
0.2282024 0.3952881 -0.0815679 204 216 232
-0.0024516 0.7231777 0.1728962 204 216 232
-0.0258897 0.2368330 0.3494569 204 216 232
-0.0531211 0.1326440 0.0657774 204 216 232
0.1506717 0.4813987 -0.1337115 204 216 232
-0.1339709 0.4276443 0.3627330 204 216 232
-0.1871997 0.6040009 -0.0328138 204 216 232
0.1472603 0.2736942 -0.0998304 204 216 232
0.2483633 0.3634634 -0.0499196 204 216 232
0.0811190 0.6823705 -0.0178330 204 216 232
-0.0412376 0.6179046 0.3233392 204 216 232
0.0527314 0.1218118 0.1207313 204 216 232
-0.1680699 0.2134269 -0.0473860 204 216 232
0.1254024 0.2354805 0.2993056 204 216 232
-0.1907149 0.1842699 0.0605958 204 216 232
0.0241158 0.5623662 0.3614299 204 216 232
0.2049093 0.5924098 0.2358452 204 216 232
-0.1874287 0.6192717 0.2429089 204 216 232
0.2583053 0.2950270 0.0138055 204 216 232
0.3031539 0.3869401 0.0707827 204 216 232
0.0611531 0.7094197 0.0606423 204 216 232
-0.1916740 0.2568595 -0.0512619 204 216 232
-0.0435554 0.7097885 0.2180308 204 216 232
0.1685537 0.2556171 -0.0693008 204 216 232
-0.0439569 0.4488098 -0.1738354 204 216 232
0.0490026 0.6890488 0.2190702 204 216 232
0.0959259 0.1661369 0.2332939 204 216 232
0.0426822 0.7030032 0.0161396 204 216 232
0.2710816 0.5658883 0.1108065 204 216 232
-0.2221185 0.2098544 0.1189462 204 216 232
-0.2745110 0.4357514 0.2575638 204 216 232
-0.2552010 0.4171908 0.2732149 204 216 232
-0.0836253 0.2871310 -0.1497687 204 216 232
-0.0753406 0.3144986 0.3683609 204 216 232
0.0123751 0.2058414 -0.0807168 204 216 232
-0.0582113 0.7092652 0.0746615 204 216 232
0.2661185 0.4268139 0.2528661 204 216 232
-0.1966158 0.4037969 -0.1118861 204 216 232
-0.0689278 0.3315225 -0.1583013 204 216 232
-0.0495156 0.1404399 0.2070798 204 216 232
-0.2271246 0.4545897 0.3049972 204 216 232
-0.2810384 0.4656268 -0.0033955 204 216 232
-0.1461170 0.5408998 -0.1211796 204 216 232
0.1806861 0.4081298 0.3335969 204 216 232
0.0168589 0.2369585 0.3485397 204 216 232
0.1050260 0.4016577 0.3832550 204 216 232
-0.1557992 0.3988068 0.3647076 204 216 232
-0.0719005 0.6574945 0.2558122 204 216 232
0.2256539 0.2259075 0.1482980 204 216 232
-0.2859983 0.3578750 -0.0094601 204 216 232
-0.2041475 0.1876170 0.0608618 204 216 232
-0.2370236 0.2476050 0.0250705 204 216 232
-0.2258753 0.6100661 0.1291839 204 216 232
0.0099007 0.6563657 -0.0573960 204 216 232
-0.1088946 0.4899496 0.3756718 204 216 232
0.2093377 0.4420202 0.3221441 204 216 232
-0.2313626 0.6127797 0.1951593 204 216 232
0.2590805 0.3233798 -0.0155855 204 216 232
0.2057101 0.2092816 0.1971446 204 216 232
-0.2959307 0.3381445 0.0428571 204 216 232
-0.1635766 0.1523000 0.1263931 204 216 232
-0.2855375 0.3058063 0.1750366 204 216 232
0.0749054 0.2109807 0.3126315 204 216 232
0.2861572 0.4182594 0.0196402 204 216 232
-0.2854893 0.3867763 0.2298002 204 216 232
0.0970447 0.1999346 -0.0759110 204 216 232
0.0897610 0.1447861 0.1948711 204 216 232
-0.1924854 0.4513037 -0.1081851 204 216 232
0.2912203 0.4988939 0.1842416 204 216 232
0.3056914 0.4017000 0.0950944 204 216 232
-0.1685748 0.4769771 -0.1256225 204 216 232
0.1756950 0.2705064 -0.0767743 204 216 232
-0.2218022 0.4398952 -0.0831765 204 216 232
-0.1896162 0.3411542 -0.1065456 204 216 232
-0.2423113 0.3745295 0.2930779 204 216 232
-0.2076486 0.2055932 0.1904681 204 216 232
0.1862166 0.6263852 0.2313761 204 216 232
-0.2582534 0.4972667 -0.0201249 204 216 232
0.2797409 0.4228581 -0.0049232 204 216 232
-0.0306780 0.4869276 0.3806579 204 216 232
-0.2571291 0.5482778 0.2219567 204 216 232
0.0450301 0.7157283 0.1129067 204 216 232
0.0203359 0.4713696 -0.1759490 204 216 232
0.1549249 0.1564556 0.0716726 204 216 232
0.0915536 0.2039594 -0.0678123 204 216 232
-0.1009710 0.6159561 0.3060178 204 216 232
-0.1461136 0.6310800 0.2526972 204 216 232
-0.0820480 0.1421198 0.0195501 204 216 232
-0.0057422 0.4380696 -0.1817544 204 216 232
0.1668245 0.5943781 0.2787651 204 216 232
0.1591655 0.3123313 0.3400025 204 216 232
-0.2133119 0.2042092 0.1428758 204 216 232
0.1084651 0.4569401 -0.1610861 204 216 232
-0.2569857 0.5232477 0.2363045 204 216 232
-0.2993425 0.3860136 0.1518476 204 216 232
0.2798326 0.3686707 0.1979567 204 216 232
-0.0920040 0.4131428 0.3955942 204 216 232
0.0026691 0.3079043 -0.1574131 204 216 232
0.0216507 0.5539175 -0.1470599 204 216 232
-0.2308644 0.4276404 0.3099661 204 216 232
-0.2845076 0.5084994 0.1890170 204 216 232
-0.2016677 0.5907125 0.2569764 204 216 232
0.0069689 0.5809310 -0.1383687 204 216 232
0.3003108 0.4200946 0.1844859 204 216 232
-0.1766233 0.4120824 0.3386296 204 216 232
0.0575617 0.1336272 0.1728265 204 216 232
0.2617972 0.5565308 0.0372982 204 216 232
-0.0519514 0.6875465 -0.0087199 204 216 232
0.1828455 0.2650063 -0.0694845 204 216 232
0.1100821 0.3645138 -0.1559511 204 216 232
-0.2460686 0.2459308 0.1453689 204 216 232
0.0307557 0.2984539 -0.1556318 204 216 232
-0.2844491 0.4503047 -0.0120153 204 216 232
-0.1811318 0.2058232 0.0157789 204 216 232
-0.2777078 0.3106548 0.0143184 204 216 232
0.1094979 0.4166544 -0.1664775 204 216 232
0.1583316 0.6800665 0.0614749 204 216 232
-0.2692390 0.4153085 0.2545940 204 216 232
0.2389507 0.3618448 0.2943277 204 216 232
0.0724423 0.1740961 0.2363751 204 216 232
-0.1814187 0.2312363 0.2645880 204 216 232
-0.2586807 0.3256373 0.2397012 204 216 232
0.1383221 0.2638324 -0.1090483 204 216 232
-0.0166685 0.7145677 0.1115988 204 216 232
0.1656315 0.4570011 -0.1310934 204 216 232
0.2829872 0.3606960 0.0245222 204 216 232
-0.0440749 0.4956070 -0.1565841 204 216 232
0.2084777 0.2269204 0.2287414 204 216 232
0.0499694 0.4802676 -0.1774675 204 216 232
0.1144261 0.5414094 -0.1228006 204 216 232
-0.1344403 0.6899456 0.1685855 204 216 232
-0.2468072 0.5640576 0.1956663 204 216 232
-0.0668234 0.6594604 0.2774208 204 216 232
-0.1258748 0.6809656 0.1786437 204 216 232
-0.1205108 0.2174830 0.2956836 204 216 232
-0.2614319 0.4181520 0.2708548 204 216 232
-0.0331469 0.1767191 0.2801311 204 216 232
-0.0432846 0.4486451 0.3902948 204 216 232
0.0314369 0.4259196 0.3936253 204 216 232
-0.2369656 0.5351465 0.2460461 204 216 232
-0.0248731 0.4761634 0.3908809 204 216 232
-0.1134801 0.1769536 0.2572105 204 216 232
-0.0621647 0.5427491 -0.1480916 204 216 232
0.2600065 0.3831633 -0.0582780 204 216 232
-0.0973209 0.6439577 -0.0687630 204 216 232
-0.2022856 0.1902045 0.1044019 204 216 232
0.3102702 0.3311317 0.0864065 204 216 232
0.1233581 0.2485382 0.3229792 204 216 232
-0.2105235 0.2291269 0.2123035 204 216 232
0.0758628 0.5702185 0.3612535 204 216 232
0.2984098 0.4930797 0.1196551 204 216 232
0.1957389 0.4731395 -0.1086123 204 216 232
0.1321292 0.2339190 0.2903445 204 216 232
-0.1846419 0.4028846 0.3419233 204 216 232
0.1410922 0.6878180 0.0901254 204 216 232
0.0125750 0.3997281 -0.1905806 204 216 232
-0.1821869 0.6448237 0.0221164 204 216 232
0.1445927 0.6663387 0.2040644 204 216 232
-0.2445194 0.3346508 0.2725711 204 216 232
0.0980969 0.6976047 0.1059823 204 216 232
-0.2154474 0.6535554 0.1065994 204 216 232
0.2906229 0.4971414 0.0398716 204 216 232
0.2277107 0.2096590 0.0691610 204 216 232
-0.1591385 0.6544431 0.0091365 204 216 232
-0.2508476 0.5358653 -0.0155814 204 216 232
-0.2700207 0.2917344 0.1347107 204 216 232
0.0865254 0.2389099 -0.1063798 204 216 232
0.0091661 0.2044247 -0.0837455 204 216 232
-0.2586291 0.3454051 0.2642595 204 216 232
0.1808498 0.5294117 0.3223433 204 216 232
-0.1982060 0.2809510 0.2930706 204 216 232
-0.0883190 0.6770290 0.2390891 204 216 232
-0.1751950 0.1939471 0.2103074 204 216 232
0.0878354 0.5643557 -0.1285745 204 216 232
0.2120331 0.6166131 0.0265369 204 216 232
0.0814694 0.4059829 -0.1675357 204 216 232
-0.1336008 0.4883775 -0.1476272 204 216 232
0.2301811 0.2718855 0.2189242 204 216 232
-0.1594398 0.2613976 -0.0928525 204 216 232
-0.3138105 0.4045669 0.1029022 204 216 232
0.1436403 0.6765422 0.0687162 204 216 232
0.1108945 0.3999013 0.3812779 204 216 232
-0.0888892 0.1246357 0.0972967 204 216 232
0.1251743 0.5678633 -0.1142652 204 216 232
-0.0186024 0.4661046 0.3994090 204 216 232
-0.2993987 0.4347213 0.1735036 204 216 232
0.0596863 0.6170104 0.3194051 204 216 232
-0.2349413 0.2325335 0.1462870 204 216 232
0.0818095 0.1464927 0.2233354 204 216 232
0.2020810 0.2663910 0.2708806 204 216 232
0.1555416 0.2501977 0.2905073 204 216 232
-0.1024420 0.3608176 0.3798644 204 216 232
0.2883910 0.3701587 0.1966995 204 216 232
0.2945965 0.3855417 0.1612387 204 216 232
-0.1513134 0.6146989 0.2861819 204 216 232
0.0005330 0.3060649 -0.1608242 204 216 232
-0.2284708 0.5600909 -0.0408259 204 216 232
-0.1286148 0.2157791 0.2766893 204 216 232
0.2164980 0.4990491 -0.0803685 204 216 232
-0.1530841 0.6468151 0.2332527 204 216 232
0.2062606 0.2427423 0.2318992 204 216 232
-0.2520216 0.6105444 0.1067881 204 216 232
-0.0708747 0.1494693 0.0139458 204 216 232
0.2377547 0.5015254 0.2806660 204 216 232
-0.2254663 0.2464219 -0.0040300 204 216 232
-0.2541219 0.6042891 0.0763583 204 216 232
0.1530150 0.3434329 0.3442633 204 216 232
-0.2024348 0.4965071 0.3103895 204 216 232
0.0918809 0.5849577 0.3381839 204 216 232
-0.0466489 0.2162684 -0.1035824 204 216 232
0.0844539 0.5727621 -0.1288570 204 216 232
-0.1812422 0.1697466 0.1170600 204 216 232
-0.0943537 0.5327439 -0.1464617 204 216 232
0.2441484 0.2764411 0.2149728 204 216 232
0.1503343 0.1866036 0.2286578 204 216 232
-0.1700955 0.5016317 -0.1171214 204 216 232
-0.1617653 0.6722431 0.1857425 204 216 232
-0.2185821 0.4687048 -0.0957348 204 216 232
-0.0196899 0.3769974 0.3981747 204 216 232
0.2342362 0.3421943 -0.0650772 204 216 232
0.0202395 0.7271229 0.1065136 204 216 232
-0.1359061 0.5570318 0.3461705 204 216 232
0.1119838 0.5056729 -0.1468251 204 216 232
0.2382797 0.6096880 0.1359215 204 216 232
-0.2696657 0.2855967 0.1784223 204 216 232
0.1994855 0.6197494 0.2124206 204 216 232
-0.0781637 0.1205738 0.1222130 204 216 232
-0.2329196 0.5263733 -0.0433887 204 216 232
-0.2216387 0.3070803 0.2874922 204 216 232
-0.2552692 0.2748357 0.0394893 204 216 232
0.1400792 0.2389951 -0.0829058 204 216 232
0.0604278 0.1236145 0.1528697 204 216 232
0.2895777 0.3439173 0.0248399 204 216 232
0.0302815 0.4239899 -0.1762370 204 216 232
0.2565495 0.4964085 -0.0447476 204 216 232
0.1499321 0.6818340 0.1331947 204 216 232
-0.2566933 0.3610926 -0.0435378 204 216 232
0.1448614 0.2075928 -0.0567858 204 216 232
0.1117876 0.3104210 0.3653947 204 216 232
0.0605416 0.3355301 -0.1609314 204 216 232
0.2474850 0.4947968 0.2470274 204 216 232
-0.2565020 0.3679927 -0.0472082 204 216 232
0.1808465 0.1861655 0.0521649 204 216 232
-0.0410739 0.5996778 -0.1174869 204 216 232
0.1374636 0.2872464 0.3358563 204 216 232
-0.1423837 0.3695124 -0.1378483 204 216 232
0.1480099 0.6492190 0.2496804 204 216 232
-0.1024752 0.6880839 0.1928172 204 216 232
0.1538329 0.5152317 -0.1173213 204 216 232
0.1060921 0.4222751 0.3848440 204 216 232
0.0014623 0.5177550 0.3783923 204 216 232
-0.0004862 0.6889864 0.2465117 204 216 232
-0.1707462 0.2093198 0.2306935 204 216 232
-0.0813784 0.1860006 0.2717195 204 216 232
-0.1151835 0.5516211 -0.1069689 204 216 232
-0.1190611 0.6717346 0.0142104 204 216 232
0.1069799 0.6349329 0.2809347 204 216 232
0.0927944 0.6669814 -0.0186404 204 216 232
-0.0572600 0.2913577 -0.1549924 204 216 232
0.2960461 0.5031809 0.1025954 204 216 232
0.2607661 0.2934975 0.1985707 204 216 232
-0.0989288 0.1501946 0.1577162 204 216 232
-0.1425486 0.6600921 0.2231720 204 216 232
0.1374055 0.3861352 -0.1542107 204 216 232
0.2642862 0.3587346 -0.0426554 204 216 232
0.3118688 0.3981424 0.1621037 204 216 232
0.2292524 0.3585360 -0.0756829 204 216 232
0.1485184 0.1993920 -0.0167101 204 216 232
0.0636238 0.3838996 -0.1754442 204 216 232
-0.3086649 0.4051411 0.1139525 204 216 232
-0.1815495 0.2001913 -0.0045694 204 216 232
0.2878915 0.4122515 -0.0247009 204 216 232
-0.1788663 0.1936689 0.0247775 204 216 232
0.1468214 0.2023215 -0.0439464 204 216 232
0.3006218 0.3649735 0.1745487 204 216 232
0.1987032 0.6008891 -0.0214303 204 216 232
-0.1667485 0.6672281 0.1176731 204 216 232
-0.0531231 0.6834187 -0.0036399 204 216 232
-0.2078245 0.4336370 -0.1066234 204 216 232
0.0332534 0.6721196 -0.0464197 204 216 232
0.2950561 0.3237496 0.0942044 204 216 232
0.1840598 0.2948171 -0.0817677 204 216 232
-0.2149257 0.3806949 -0.0857918 204 216 232
0.1127406 0.6725349 0.2153774 204 216 232
0.0325319 0.6863635 0.2258520 204 216 232
-0.0565646 0.1687087 0.2465244 204 216 232
-0.2609110 0.3195552 -0.0093471 204 216 232
0.1865197 0.1954446 0.0729310 204 216 232
0.0901179 0.6930907 0.1683284 204 216 232
0.2994847 0.4664736 0.1130074 204 216 232
-0.2036303 0.5609583 -0.0570692 204 216 232
-0.1531052 0.1721074 0.0597228 204 216 232
-0.2006217 0.6577137 0.1440538 204 216 232
-0.0808255 0.3803287 -0.1670745 204 216 232
0.0907180 0.3076559 0.3683777 204 216 232
-0.2343555 0.5883572 0.0358089 204 216 232
-0.0738214 0.6432720 0.2799728 204 216 232
0.2633334 0.2929475 0.1984079 204 216 232
-0.1617597 0.6189119 -0.0561968 204 216 232
-0.2438812 0.5886057 0.1956733 204 216 232
0.2539878 0.3368645 -0.0159662 204 216 232
0.2749273 0.3776707 -0.0172368 204 216 232
-0.1784303 0.6589243 0.0645696 204 216 232
-0.2483907 0.3656511 -0.0430157 204 216 232
-0.0813966 0.3522750 -0.1580071 204 216 232
-0.2888668 0.3375874 0.0239912 204 216 232
0.1560679 0.2123112 0.2782843 204 216 232
0.2384547 0.2726290 0.0077585 204 216 232
-0.0088881 0.3380482 -0.1670358 204 216 232
0.2577461 0.5614078 0.1929864 204 216 232
0.2431924 0.2286207 0.0913710 204 216 232
-0.0661647 0.4321687 -0.1780132 204 216 232
-0.3146226 0.4112881 0.1555554 204 216 232
0.2812938 0.5028317 0.0149498 204 216 232
0.2961382 0.3824191 0.0298321 204 216 232
-0.0243288 0.2952349 -0.1629148 204 216 232
0.2532396 0.4333043 -0.0640704 204 216 232
0.0416091 0.6853338 0.2470999 204 216 232
0.0607363 0.7106884 0.1573306 204 216 232
-0.0848970 0.6569467 -0.0452935 204 216 232
0.1471017 0.5623922 -0.1010732 204 216 232
-0.2600018 0.5000957 -0.0446374 204 216 232
0.2124967 0.4701948 0.3238854 204 216 232
-0.2688509 0.5093600 -0.0086833 204 216 232
0.0545900 0.5250504 -0.1566400 204 216 232
0.0688930 0.7096965 0.1767305 204 216 232
-0.1962899 0.1941569 0.1499602 204 216 232
0.1809261 0.6275519 -0.0023753 204 216 232
-0.2033037 0.6360943 0.0664395 204 216 232
-0.0633332 0.2365176 -0.1009040 204 216 232
-0.0148957 0.1404071 0.1975349 204 216 232
-0.0780346 0.3655728 -0.1592689 204 216 232
-0.1811469 0.2343192 -0.0497442 204 216 232
0.2249391 0.2178789 0.0774136 204 216 232
-0.0636242 0.6551628 -0.0675564 204 216 232
-0.2237622 0.6180692 0.1964182 204 216 232
-0.2402574 0.4551609 -0.0618404 204 216 232
-0.0317565 0.2418706 -0.1206213 204 216 232
0.2248528 0.6272184 0.0866915 204 216 232
-0.2166722 0.6188771 0.0188324 204 216 232
0.1474903 0.2180703 0.2744142 204 216 232
-0.1502350 0.2773997 0.3250121 204 216 232
-0.2828209 0.4807101 0.0235746 204 216 232
-0.1290864 0.2667264 0.3304467 204 216 232
-0.2350960 0.3242998 -0.0551174 204 216 232
-0.2348836 0.5413057 0.2437078 204 216 232
-0.1899838 0.1825592 0.0816171 204 216 232
-0.0287498 0.6751978 -0.0274801 204 216 232
-0.2589497 0.2946721 0.0306114 204 216 232
0.1968554 0.4184156 0.3288835 204 216 232
0.0942646 0.1425677 0.1389628 204 216 232
0.0200551 0.1555903 -0.0266372 204 216 232
0.2780648 0.5251568 0.0442558 204 216 232
0.1291342 0.3170774 0.3577929 204 216 232
-0.1780630 0.6621401 0.0943063 204 216 232
0.1001306 0.2206527 -0.0768040 204 216 232
0.1006437 0.4204376 0.3842439 204 216 232
-0.1018187 0.3421938 0.3737452 204 216 232
-0.1815218 0.2116610 0.2438748 204 216 232
0.2258382 0.5901724 0.0035201 204 216 232
0.3101186 0.4418494 0.0964172 204 216 232
-0.2775506 0.3389685 0.0165663 204 216 232
-0.2601138 0.3711234 -0.0273903 204 216 232
0.2765807 0.5524274 0.1097979 204 216 232
0.2981468 0.4590264 0.0217366 204 216 232
0.1556458 0.1585928 0.1390062 204 216 232
0.2049590 0.5081639 0.3148346 204 216 232
-0.2662369 0.5688387 0.0447590 204 216 232
0.0678195 0.3781509 0.3871687 204 216 232
-0.1446686 0.2261024 -0.0508964 204 216 232
-0.2009332 0.2775644 0.2778100 204 216 232
0.2479587 0.2339531 0.0990624 204 216 232
0.0341125 0.4274059 -0.1735789 204 216 232
0.2869247 0.3155389 0.0811851 204 216 232
-0.0673362 0.1470838 0.2075041 204 216 232
0.3046725 0.3940733 0.0756283 204 216 232
-0.1980244 0.4579165 -0.0996206 204 216 232
0.0141734 0.7138191 0.1103649 204 216 232
-0.0608707 0.2132327 0.3146916 204 216 232
-0.1812637 0.6070772 0.2594013 204 216 232
-0.0954104 0.5287896 0.3579669 204 216 232
0.0247504 0.7140911 0.1368053 204 216 232
0.0323226 0.4243422 0.3973505 204 216 232
-0.1834134 0.6199883 -0.0011997 204 216 232
0.0556111 0.1294585 0.0582703 204 216 232
-0.1879593 0.4311081 0.3318141 204 216 232
-0.0257258 0.2825828 0.3538198 204 216 232
0.2537626 0.2489882 0.1638851 204 216 232
-0.1225142 0.4832624 -0.1496251 204 216 232
0.1463426 0.6783054 0.1680780 204 216 232
0.0698415 0.1371041 0.1456375 204 216 232
-0.2292268 0.3428302 -0.0706103 204 216 232
0.1326113 0.1863312 0.2372358 204 216 232
0.1796849 0.4863201 0.3315951 204 216 232
-0.2371475 0.5012711 0.2759610 204 216 232
-0.0209227 0.5265926 -0.1671007 204 216 232
-0.2876615 0.2979291 0.1214564 204 216 232
0.2207592 0.2210269 0.0464584 204 216 232
-0.2188992 0.4926502 -0.0786324 204 216 232
-0.0643800 0.1267554 0.1487950 204 216 232
0.2802533 0.4563769 0.2209695 204 216 232
0.2696094 0.4538482 0.2584518 204 216 232
-0.2414663 0.5470630 0.2503868 204 216 232
0.1632095 0.2732530 -0.0848976 204 216 232
0.0967544 0.4275875 0.3979928 204 216 232
-0.2239332 0.2164802 0.1772173 204 216 232
0.1139474 0.5868715 0.3306814 204 216 232
0.1778306 0.4698289 0.3519781 204 216 232
0.2868057 0.3440691 0.1941332 204 216 232
-0.0793798 0.1359298 0.1460578 204 216 232
0.1636839 0.1723192 0.1153219 204 216 232
0.0914194 0.6723004 0.2356136 204 216 232
0.3012254 0.4738778 0.0473993 204 216 232
-0.2875480 0.5021681 0.1022032 204 216 232
0.2847502 0.3898565 0.2050297 204 216 232
0.2287986 0.2715609 -0.0035650 204 216 232
0.2852706 0.4246747 -0.0123587 204 216 232
-0.2770019 0.5265565 0.0641514 204 216 232
0.2866636 0.5027128 0.0306289 204 216 232
0.2577345 0.2987029 0.2232803 204 216 232
0.2694639 0.3225167 0.2192685 204 216 232
0.1548526 0.5999219 -0.0757290 204 216 232
0.0410294 0.7145893 0.0734466 204 216 232
0.1480142 0.2860256 0.3253424 204 216 232
0.2957787 0.4835379 0.1649074 204 216 232
-0.1154173 0.1671999 0.2597378 204 216 232
0.0299150 0.6422606 0.2939012 204 216 232
0.0735985 0.3313834 0.3754338 204 216 232
0.2923346 0.4876403 0.1929957 204 216 232
-0.0834892 0.3310370 0.3796076 204 216 232
-0.2954384 0.4777904 0.0578294 204 216 232
-0.0624652 0.2325389 -0.1049618 204 216 232
-0.0146238 0.6858894 -0.0097753 204 216 232
0.1083113 0.5062064 0.3693474 204 216 232
-0.2694041 0.4225685 -0.0438725 204 216 232
-0.0004071 0.5284329 -0.1598565 204 216 232
-0.1242799 0.1890486 0.2658195 204 216 232
0.1143469 0.1512770 0.1795192 204 216 232
0.0822444 0.1474855 0.0116814 204 216 232
-0.0963801 0.3171596 0.3702561 204 216 232
-0.2155071 0.5069207 0.3012978 204 216 232
-0.2012152 0.2210379 0.2182905 204 216 232
-0.0191363 0.1624262 -0.0363304 204 216 232
-0.2648478 0.5313951 0.1962925 204 216 232
0.0799504 0.6657367 0.2814885 204 216 232
0.0492714 0.5114194 -0.1647046 204 216 232
0.1963150 0.3395271 -0.1071349 204 216 232
-0.2830898 0.3457047 0.0398806 204 216 232
0.0002951 0.3993506 -0.1801831 204 216 232
-0.0554124 0.3041053 -0.1477090 204 216 232
-0.0214441 0.1525811 0.2462745 204 216 232
0.1643744 0.4762808 0.3489665 204 216 232
0.1882024 0.6523012 0.1478520 204 216 232
0.0187659 0.6939508 0.1944233 204 216 232
0.1260792 0.2847399 0.3455756 204 216 232
0.1138728 0.2667627 0.3308745 204 216 232
0.2921973 0.5400346 0.1374553 204 216 232
-0.1953347 0.3249798 -0.0928913 204 216 232
-0.2838034 0.3246585 0.0532767 204 216 232
0.1781309 0.1957608 0.0022765 204 216 232
-0.1165231 0.1491866 0.0635427 204 216 232
0.2952315 0.3843011 0.0050148 204 216 232
0.0130278 0.5724054 0.3639555 204 216 232
-0.2997506 0.4532628 0.1539304 204 216 232
-0.1083944 0.4690907 -0.1606584 204 216 232
-0.0757382 0.1303267 0.1491307 204 216 232
-0.2639390 0.5628449 0.1643578 204 216 232
0.1280468 0.4044250 -0.1648498 204 216 232
0.0087414 0.1885311 0.2966332 204 216 232
-0.2829083 0.2990839 0.1639454 204 216 232
0.0515566 0.1964804 -0.0799357 204 216 232
-0.2881184 0.2874527 0.1587399 204 216 232
-0.2832905 0.3762510 0.2214094 204 216 232
0.0129381 0.2629902 -0.1356105 204 216 232
-0.1337943 0.2403923 0.3112216 204 216 232
-0.2643852 0.5257425 -0.0109179 204 216 232
-0.2640539 0.3842338 -0.0380732 204 216 232
0.2189339 0.5365635 0.2667463 204 216 232
0.0084104 0.4354743 0.3923710 204 216 232
0.2499117 0.3563690 -0.0471408 204 216 232
-0.1034027 0.1505040 0.1821299 204 216 232
-0.2864195 0.3493119 0.2019764 204 216 232
0.0843742 0.1524033 0.0125471 204 216 232
-0.1439994 0.2671745 -0.0995152 204 216 232
0.1248343 0.5452137 -0.1137796 204 216 232
-0.0676243 0.4669161 -0.1685174 204 216 232
-0.0345851 0.6802234 -0.0206147 204 216 232
-0.2540040 0.4349885 -0.0579354 204 216 232
-0.2431460 0.2334451 0.1337816 204 216 232
-0.0908721 0.5076070 -0.1556115 204 216 232
0.0575035 0.6951190 0.2158639 204 216 232
-0.3058016 0.3831884 0.1100051 204 216 232
0.1331301 0.1390071 0.0885752 204 216 232
-0.1188412 0.1642973 0.2213754 204 216 232
0.0798389 0.6998243 0.1862356 204 216 232
0.1628793 0.4816199 -0.1227054 204 216 232
0.2386389 0.5945058 0.0507899 204 216 232
-0.2732069 0.4181185 -0.0374141 204 216 232
-0.1513618 0.2746677 0.3345844 204 216 232
-0.1525687 0.4782854 -0.1400450 204 216 232
-0.1357443 0.6806554 0.0425242 204 216 232
-0.2434622 0.2444626 0.1451994 204 216 232
0.0933847 0.6006040 0.3294683 204 216 232
0.1466908 0.1971465 0.2463635 204 216 232
-0.0562118 0.1675917 -0.0412409 204 216 232
-0.1003653 0.2839780 -0.1297002 204 216 232
0.0649498 0.2456357 0.3466676 204 216 232
-0.2162548 0.3241048 0.2932491 204 216 232
0.2078976 0.5882702 -0.0307063 204 216 232
-0.2536283 0.5520704 0.2048385 204 216 232
-0.1052638 0.4123555 -0.1519800 204 216 232
-0.2159460 0.4999835 0.3049485 204 216 232
-0.0922113 0.5255964 0.3770279 204 216 232
-0.1118776 0.3219867 0.3617630 204 216 232
-0.1999433 0.1984625 0.0480050 204 216 232
0.1671759 0.3205934 -0.1088587 204 216 232
-0.0925933 0.1316924 0.0952500 204 216 232
-0.0205791 0.4793015 0.3876550 204 216 232
-0.1437561 0.6727319 0.0187177 204 216 232
-0.2222303 0.5797213 -0.0255346 204 216 232
0.0184188 0.5126013 0.3795022 204 216 232
-0.0471929 0.5999507 -0.1078624 204 216 232
0.1718668 0.3119412 -0.1016376 204 216 232
0.3085775 0.4292696 0.1795427 204 216 232
0.0475330 0.5194515 0.3770237 204 216 232
-0.1995980 0.1834914 0.1389161 204 216 232
-0.2499978 0.4295296 0.2912455 204 216 232
0.0226803 0.7141021 0.1492504 204 216 232
-0.2159891 0.6118034 0.2081600 204 216 232
0.3140080 0.4077932 0.1678070 204 216 232
0.2721085 0.3638867 0.2261952 204 216 232
0.1314465 0.6230091 -0.0601622 204 216 232
-0.2410931 0.6173656 0.1092065 204 216 232
-0.0278888 0.6414148 -0.0769939 204 216 232
-0.1031906 0.6354402 0.2705551 204 216 232
0.1273289 0.5200212 0.3538121 204 216 232
-0.2756295 0.3854216 -0.0201635 204 216 232
0.1915422 0.5148143 0.3209341 204 216 232
0.1547602 0.5006370 -0.1259287 204 216 232
-0.0182147 0.4144695 0.3891921 204 216 232
-0.2465170 0.5644949 0.0248184 204 216 232
0.1420172 0.3669153 0.3665589 204 216 232
0.1560908 0.6346516 -0.0421576 204 216 232
-0.1552252 0.6626370 0.1775169 204 216 232
0.1625679 0.2362203 0.2974173 204 216 232
0.0404741 0.5938017 0.3341319 204 216 232
-0.0595080 0.2873992 -0.1429192 204 216 232
-0.2304660 0.2592315 0.2372822 204 216 232
0.0254259 0.6693418 -0.0540230 204 216 232
0.2166661 0.2329808 0.2230005 204 216 232
-0.0787588 0.4473353 0.3878155 204 216 232
-0.0544148 0.2245486 -0.0977596 204 216 232
0.1131848 0.3348070 0.3692472 204 216 232
0.0633146 0.2543323 -0.1189310 204 216 232
-0.1248769 0.6850517 0.0981043 204 216 232
0.1002996 0.1403258 0.0355569 204 216 232
-0.2843200 0.5169980 0.0566427 204 216 232
-0.1480390 0.2930445 -0.1039083 204 216 232
-0.2375770 0.3187431 -0.0292391 204 216 232
0.0456433 0.7130684 0.1684508 204 216 232
0.0656294 0.6544833 0.2784094 204 216 232
0.1180883 0.6836377 0.0372701 204 216 232
-0.0167769 0.6267711 -0.0917369 204 216 232
0.1556086 0.1730224 0.1747791 204 216 232
-0.1078766 0.6727518 0.2319769 204 216 232
0.1741248 0.4575049 0.3517079 204 216 232
-0.2979845 0.4750132 0.1347712 204 216 232
-0.2656325 0.3023935 0.2036826 204 216 232
0.2747905 0.5003468 -0.0065754 204 216 232
-0.0417585 0.2856957 -0.1503352 204 216 232
0.2298633 0.5524043 -0.0280875 204 216 232
0.2016823 0.4510462 0.3257315 204 216 232
0.1888213 0.2010162 0.0224804 204 216 232
-0.2019817 0.6172397 0.2284763 204 216 232
0.1956315 0.3277993 -0.0980858 204 216 232
-0.3048672 0.4395346 0.0821797 204 216 232
0.1447581 0.3751533 -0.1434807 204 216 232
-0.2718143 0.5109674 0.2095864 204 216 232
-0.1059210 0.1418865 0.1855183 204 216 232
0.0783539 0.6880842 0.2287923 204 216 232
-0.1312192 0.6658719 0.2296144 204 216 232
0.0950793 0.6942112 0.0444811 204 216 232
0.1058243 0.7011705 0.0927988 204 216 232
-0.0101772 0.1206607 0.0578827 204 216 232
-0.0542990 0.7136004 0.0597412 204 216 232
-0.2280369 0.2103079 0.1347245 204 216 232
-0.1136161 0.6546986 -0.0164420 204 216 232
-0.2005021 0.4656511 0.3263115 204 216 232
0.2628754 0.4368170 0.2588866 204 216 232
-0.2258205 0.2148777 0.1080774 204 216 232
-0.2408354 0.4110095 0.2807856 204 216 232
-0.1384397 0.1688282 0.2153178 204 216 232
-0.1664234 0.1587183 0.0960847 204 216 232
0.2196843 0.4809256 0.3217199 204 216 232
0.1084372 0.7019848 0.0561470 204 216 232
-0.0059830 0.6241624 0.3253812 204 216 232
0.0229672 0.3394938 -0.1646298 204 216 232
-0.2098736 0.3856309 -0.0917557 204 216 232
0.1890593 0.5509090 -0.0770270 204 216 232
-0.2744151 0.2809668 0.0934661 204 216 232
-0.0977188 0.4808175 -0.1637915 204 216 232
0.0912999 0.5450789 0.3590977 204 216 232
0.1145304 0.1437115 0.1337960 204 216 232
0.1386747 0.5724170 -0.1046702 204 216 232
-0.1666078 0.6448306 -0.0209590 204 216 232
-0.2363966 0.4736011 -0.0562352 204 216 232
-0.1207770 0.6730990 0.0099865 204 216 232
0.1927917 0.4335625 0.3442796 204 216 232
0.2431873 0.2310643 0.1273964 204 216 232
-0.0967479 0.6543482 0.2659738 204 216 232
0.1827815 0.5362245 -0.1023605 204 216 232
-0.0120893 0.1908139 -0.0660420 204 216 232
0.3072636 0.4013983 0.0584147 204 216 232
0.1725753 0.5654604 -0.0885764 204 216 232
0.2660896 0.2526087 0.0980502 204 216 232
0.0231668 0.5037807 0.3806535 204 216 232
0.2390917 0.2557972 0.1797792 204 216 232
-0.2218080 0.3455505 0.2889452 204 216 232
-0.1631375 0.6136164 -0.0604784 204 216 232
-0.0429819 0.4971913 -0.1663820 204 216 232
0.3168913 0.4504616 0.1178867 204 216 232
0.2539519 0.5981650 0.1651953 204 216 232
-0.0970808 0.5670015 -0.1165006 204 216 232
0.1415343 0.5340403 0.3430041 204 216 232
-0.0920822 0.1256793 0.1075202 204 216 232
-0.1415527 0.5648773 -0.1054309 204 216 232
0.0087489 0.6970859 0.2176236 204 216 232
0.1468162 0.6400503 -0.0569658 204 216 232
-0.2383826 0.5877270 0.2169859 204 216 232
0.1331068 0.3607027 -0.1423664 204 216 232
-0.3096344 0.4435090 0.0918068 204 216 232
-0.0342428 0.4039767 0.4090176 204 216 232
-0.1480525 0.1730129 0.1737466 204 216 232
0.0100664 0.1652859 -0.0457351 204 216 232
0.0028827 0.6987250 0.1993685 204 216 232
-0.2188918 0.6004492 0.0016931 204 216 232
0.3128553 0.3752173 0.0910165 204 216 232
-0.2390847 0.2994590 0.2573307 204 216 232
0.1305240 0.4123493 0.3789056 204 216 232
0.1605794 0.4089951 0.3627717 204 216 232
-0.2644058 0.2930865 0.0107371 204 216 232
-0.1923314 0.2967108 -0.0717341 204 216 232
0.0409196 0.6192977 0.3309268 204 216 232
-0.1357465 0.6858139 0.1530544 204 216 232
-0.2793984 0.2640780 0.0611195 204 216 232
0.2566587 0.3266119 0.2455253 204 216 232
0.2250921 0.5894634 -0.0060026 204 216 232
-0.0922588 0.4620735 -0.1608711 204 216 232
-0.1882499 0.2028919 0.1795365 204 216 232
0.0450126 0.1589064 0.2394496 204 216 232
0.2335168 0.4788629 0.2834486 204 216 232
0.0294095 0.4444070 0.4008727 204 216 232
0.0185445 0.6500999 0.2940991 204 216 232
0.1132920 0.6642380 0.2377402 204 216 232
0.0842658 0.6830075 0.2363380 204 216 232
0.0416321 0.1641548 -0.0277380 204 216 232
-0.1989622 0.2870379 0.2967251 204 216 232
-0.2514325 0.3215629 0.2562036 204 216 232
0.3035600 0.4533918 0.0480615 204 216 232
-0.1183275 0.6545686 0.2421098 204 216 232
-0.3049902 0.4395413 0.1209666 204 216 232
0.0586081 0.3509218 0.3841687 204 216 232
-0.1383830 0.5274665 -0.1244922 204 216 232
0.0186948 0.7035719 0.0145503 204 216 232
-0.2596176 0.3540940 0.2542246 204 216 232
0.1439485 0.6129587 -0.0671556 204 216 232
0.1344875 0.1654741 0.1881384 204 216 232
0.1985458 0.6038811 -0.0271753 204 216 232
-0.1721067 0.2787767 -0.0785449 204 216 232
0.2548323 0.4433399 0.2730371 204 216 232
-0.0560983 0.3971820 0.3976212 204 216 232
0.1496292 0.3032624 -0.1206509 204 216 232
-0.0284883 0.5659007 0.3599705 204 216 232
0.1074933 0.6620332 0.2338066 204 216 232
0.1324435 0.3696428 0.3662285 204 216 232
-0.1828653 0.3846216 -0.1242919 204 216 232
0.2081127 0.5630416 -0.0591477 204 216 232
-0.2690965 0.5551772 0.1337195 204 216 232
-0.2936071 0.4011836 0.0233711 204 216 232
-0.1599318 0.6786864 0.1703918 204 216 232
0.0434468 0.2853635 0.3639711 204 216 232
0.0725987 0.2383766 -0.1214085 204 216 232
0.1662277 0.3964982 0.3581041 204 216 232
-0.0690961 0.1842079 0.2740494 204 216 232
-0.2370158 0.3363305 0.2798682 204 216 232
0.0481243 0.6229669 -0.1037860 204 216 232
-0.1283538 0.4858113 -0.1341353 204 216 232
0.2615892 0.4307314 0.2474885 204 216 232
0.1519629 0.1680836 0.1566918 204 216 232
-0.1316820 0.4771987 -0.1476247 204 216 232
0.2941359 0.3582237 0.1658581 204 216 232
0.0823286 0.2288396 0.3124091 204 216 232
-0.0091433 0.5736567 0.3608298 204 216 232
-0.0521824 0.7062354 0.1777717 204 216 232
0.1355789 0.6908951 0.0590785 204 216 232
0.1132400 0.6135225 0.3140039 204 216 232
-0.1838854 0.2946255 -0.0863348 204 216 232
0.2762153 0.4695531 0.0013576 204 216 232
0.0342744 0.1258383 0.1492892 204 216 232
-0.1495539 0.4214177 0.3671978 204 216 232
-0.3037145 0.4356537 0.1653672 204 216 232
-0.0876458 0.1294343 0.0683721 204 216 232
-0.2186091 0.2282787 0.0273801 204 216 232
-0.2077788 0.3117834 0.2798967 204 216 232
0.1344190 0.6510575 -0.0164812 204 216 232
-0.1381291 0.4691723 0.3702033 204 216 232
0.0589410 0.1519769 0.2099349 204 216 232
-0.0759912 0.2833275 -0.1448958 204 216 232
0.0054335 0.1781953 -0.0485295 204 216 232
0.1270603 0.6219120 -0.0748196 204 216 232
-0.2994915 0.3679151 0.1399314 204 216 232
-0.2512909 0.2625358 0.0233254 204 216 232
0.0797490 0.6736058 -0.0141799 204 216 232
-0.1669672 0.6015183 0.2869167 204 216 232
-0.2529635 0.5613580 0.0364315 204 216 232
-0.0058282 0.1197622 0.0420830 204 216 232
0.2561806 0.5172367 0.2523857 204 216 232
0.1232602 0.6323881 -0.0596558 204 216 232
-0.1053568 0.6193123 0.2862913 204 216 232
-0.0571215 0.5465701 0.3601574 204 216 232
0.0197454 0.2869961 -0.1424025 204 216 232
0.0533236 0.3902710 -0.1746178 204 216 232
0.0525752 0.1816038 -0.0484419 204 216 232
0.0763878 0.3094011 0.3714868 204 216 232
0.0604093 0.2494037 0.3272956 204 216 232
0.1486266 0.6349126 0.2663280 204 216 232
0.1448925 0.1642806 0.0298745 204 216 232
0.2256465 0.5314565 -0.0700680 204 216 232
-0.1808635 0.1779461 0.1822302 204 216 232
0.1233893 0.3356150 0.3603340 204 216 232
0.1628573 0.6729044 0.0880101 204 216 232
0.0278130 0.1878063 -0.0707913 204 216 232
0.1339903 0.2616324 -0.1003726 204 216 232
-0.2626058 0.4818816 -0.0334465 204 216 232
-0.2328969 0.2119588 0.1308423 204 216 232
-0.0619125 0.3290875 0.3797939 204 216 232
0.3108355 0.4160587 0.0471918 204 216 232
-0.1828550 0.2584924 0.2833735 204 216 232
0.0037609 0.5911567 -0.1322316 204 216 232
-0.2364157 0.2432270 0.1783565 204 216 232
0.0781837 0.1431846 0.0613375 204 216 232
-0.2201201 0.6416677 0.1099767 204 216 232
0.0853317 0.3212085 0.3708500 204 216 232
0.0085034 0.3347589 -0.1698588 204 216 232
0.0437152 0.7101091 0.0725514 204 216 232
0.2897794 0.3179407 0.1416126 204 216 232
0.1300043 0.1969003 -0.0432510 204 216 232
-0.1297759 0.3221247 0.3521964 204 216 232
0.0808031 0.5486668 0.3558687 204 216 232
-0.1886436 0.6348661 0.0045544 204 216 232
0.0373423 0.6275489 0.3230161 204 216 232
0.2729598 0.5131194 0.2184540 204 216 232
0.0623627 0.1566757 -0.0148916 204 216 232
0.2248086 0.3186278 -0.0514427 204 216 232
0.0863511 0.2474274 -0.1191614 204 216 232
-0.1740403 0.2935957 0.3187723 204 216 232
-0.2251425 0.4445438 0.3086555 204 216 232
0.1761049 0.2569504 -0.0760918 204 216 232
-0.2784490 0.5285828 0.1088894 204 216 232
0.1896128 0.3189335 -0.0945353 204 216 232
-0.0408415 0.3738452 0.3923223 204 216 232
-0.0167686 0.2765835 -0.1570300 204 216 232
-0.0121382 0.4675934 0.4063233 204 216 232
-0.0994249 0.4100581 0.3802562 204 216 232
0.0915954 0.4987856 0.3762661 204 216 232
-0.0772585 0.7129945 0.1462558 204 216 232
0.0949338 0.4084248 0.3770465 204 216 232
-0.2956567 0.4281592 0.1992719 204 216 232
0.3046594 0.3745284 0.0738119 204 216 232
0.2367239 0.3664358 -0.0763661 204 216 232
-0.1732492 0.5606070 -0.0928988 204 216 232
0.0477215 0.2492491 -0.1307441 204 216 232
0.1950450 0.3101315 -0.0830793 204 216 232
0.2685598 0.2734530 0.0576936 204 216 232
-0.2650932 0.2903081 0.0999239 204 216 232
-0.0585999 0.6175794 -0.0906961 204 216 232
0.1018441 0.3909564 -0.1716363 204 216 232
-0.0344137 0.7164869 0.0427765 204 216 232
0.2330506 0.5411493 -0.0279713 204 216 232
-0.1035056 0.5214490 0.3699556 204 216 232
-0.2790382 0.4592132 -0.0082495 204 216 232
-0.2595912 0.5784508 0.0551035 204 216 232
0.1895838 0.1910530 0.1514373 204 216 232
-0.2418601 0.5671502 0.0101935 204 216 232
0.0279773 0.4699615 -0.1651983 204 216 232
0.1842626 0.3891852 -0.1148684 204 216 232
0.1121075 0.6429826 -0.0470598 204 216 232
-0.2024309 0.5730327 -0.0543304 204 216 232
-0.1382327 0.1646285 0.2111042 204 216 232
-0.1155023 0.3035277 0.3498848 204 216 232
-0.1162869 0.3292831 0.3696077 204 216 232
0.0843040 0.5039204 0.3726839 204 216 232
0.0153817 0.4197747 0.4012196 204 216 232
-0.0750232 0.2590697 0.3439007 204 216 232
0.0818698 0.2362534 0.3278691 204 216 232
0.1853094 0.2364153 0.2426335 204 216 232
0.0335450 0.7054418 -0.0050129 204 216 232
0.0984253 0.3198662 0.3668166 204 216 232
-0.0109125 0.1305096 0.0771887 204 216 232
0.2297117 0.3116355 0.2685297 204 216 232
-0.0093984 0.2602951 0.3576571 204 216 232
0.1705876 0.4230087 0.3623495 204 216 232
0.3002832 0.4273141 0.1806140 204 216 232
-0.0137384 0.1579601 -0.0378414 204 216 232
0.0064436 0.7235218 0.1551290 204 216 232
0.2591918 0.2921824 0.1939917 204 216 232
-0.1522425 0.3317997 0.3428129 204 216 232
-0.2931779 0.3504559 0.0286977 204 216 232
0.0011571 0.2189362 0.3272738 204 216 232
-0.2901039 0.3989308 0.2259919 204 216 232
-0.0833712 0.4458755 -0.1769570 204 216 232
0.2477785 0.5470062 -0.0140694 204 216 232
0.1970628 0.6448144 0.0477577 204 216 232
0.0901981 0.6900527 0.2137961 204 216 232
-0.0505876 0.5283622 0.3750311 204 216 232
0.2262474 0.5885793 0.0190137 204 216 232
0.2671264 0.5224155 0.2303697 204 216 232
-0.1049018 0.4116230 0.3866521 204 216 232
0.1192880 0.6873143 0.0184772 204 216 232
0.2366618 0.4859316 0.2933532 204 216 232
-0.2110354 0.3262291 -0.0648747 204 216 232
-0.2401738 0.6037891 0.0326280 204 216 232
-0.1893551 0.2528491 -0.0487580 204 216 232
-0.3011774 0.3875509 0.1134543 204 216 232
-0.1774204 0.3849266 0.3403415 204 216 232
-0.2606477 0.4111049 0.2675634 204 216 232
0.1642868 0.2378957 -0.0663452 204 216 232
-0.1953536 0.2309846 -0.0229763 204 216 232
-0.1174829 0.3598084 0.3662775 204 216 232
-0.2518316 0.5886539 0.1083522 204 216 232
-0.0480843 0.1985075 -0.0784347 204 216 232
-0.1908656 0.2961388 -0.0835817 204 216 232
-0.1097559 0.1473352 0.0600566 204 216 232
-0.2312928 0.6266057 0.0517384 204 216 232
-0.1021118 0.4064694 0.3883668 204 216 232
0.1405630 0.6410844 -0.0212897 204 216 232
0.2851661 0.5071587 0.0270587 204 216 232
-0.0480784 0.1241432 0.0976412 204 216 232
-0.1090117 0.1680359 0.0160416 204 216 232
-0.0825313 0.2052568 -0.0636227 204 216 232
-0.2277671 0.4280511 0.3086200 204 216 232
-0.0630880 0.7055626 0.1086450 204 216 232
-0.2402073 0.6074421 0.0807994 204 216 232
-0.0926986 0.7154288 0.1273664 204 216 232
-0.1747360 0.2906238 -0.0935830 204 216 232
0.1609464 0.2224215 0.2643572 204 216 232
0.0143268 0.6320034 0.3131534 204 216 232
-0.1322234 0.2643811 0.3309662 204 216 232
-0.1738214 0.6192487 -0.0369255 204 216 232
-0.0376498 0.4782763 0.3893286 204 216 232
-0.0548481 0.1435997 0.2145701 204 216 232
0.2764701 0.4086252 0.2320189 204 216 232
0.2832659 0.4350683 -0.0211419 204 216 232
-0.1435289 0.2043819 -0.0336208 204 216 232
-0.3097016 0.4694844 0.0979340 204 216 232
0.2037199 0.6416519 0.1077389 204 216 232
0.0318810 0.2939037 0.3723874 204 216 232
-0.1324181 0.6888714 0.1455431 204 216 232
-0.2060553 0.6441470 0.1331886 204 216 232
0.1544182 0.1654931 0.1174498 204 216 232
-0.2204932 0.3785077 0.3046089 204 216 232
-0.2176956 0.6259660 0.1302646 204 216 232
-0.1618971 0.3370474 -0.1205826 204 216 232
0.0572353 0.7200959 0.0651430 204 216 232
0.1595706 0.2236009 -0.0431842 204 216 232
0.0465406 0.3410650 -0.1663314 204 216 232
0.0850797 0.1334182 0.1615501 204 216 232
0.0150137 0.4098098 0.3961810 204 216 232
-0.2216309 0.6126400 0.2032592 204 216 232
0.2595342 0.2766241 0.0207882 204 216 232
0.2095227 0.3912873 0.3159593 204 216 232
0.0960366 0.6382587 -0.0560069 204 216 232
-0.0295615 0.1966559 -0.0676928 204 216 232
-0.1959529 0.1990660 0.1795606 204 216 232
-0.2726652 0.3913321 0.2578139 204 216 232
0.2794547 0.5330405 0.1067268 204 216 232
-0.0711304 0.1341570 0.1860526 204 216 232
0.2560191 0.5589640 0.2104517 204 216 232
0.0203656 0.5554372 -0.1507125 204 216 232
-0.2245410 0.5707411 0.2421293 204 216 232
-0.1980552 0.1987243 0.0397994 204 216 232
-0.1301392 0.5916450 0.3216244 204 216 232
0.0458176 0.2622337 0.3505178 204 216 232
-0.0295282 0.2863890 -0.1576658 204 216 232
0.1584786 0.1866027 -0.0000298 204 216 232
-0.0644523 0.6065661 -0.1158547 204 216 232
-0.0749940 0.6026776 0.3255352 204 216 232
-0.0619980 0.6797778 0.2334854 204 216 232
-0.2769473 0.3461261 -0.0005262 204 216 232
0.1545094 0.5668636 -0.0980716 204 216 232
-0.0713227 0.7067803 0.0892093 204 216 232
-0.0630801 0.6514382 -0.0495416 204 216 232
0.0172647 0.5090432 0.3781753 204 216 232
0.2930303 0.4309835 0.1943173 204 216 232
0.0842127 0.7071159 0.0637498 204 216 232
0.2703453 0.5544819 0.0551197 204 216 232
-0.0658801 0.7070553 0.1704476 204 216 232
-0.0150081 0.1204566 0.1494426 204 216 232
0.1175352 0.2935187 0.3489320 204 216 232
0.2049967 0.6124641 0.2178218 204 216 232
-0.3088056 0.4315137 0.0910293 204 216 232
0.1662855 0.6699260 0.0794833 204 216 232
0.0342049 0.6130120 -0.1124863 204 216 232
-0.2260467 0.5564451 -0.0311583 204 216 232
-0.0048146 0.5958813 -0.1187877 204 216 232
-0.2299609 0.3006960 0.2441080 204 216 232
-0.0992752 0.6889772 0.0090586 204 216 232
0.1238260 0.4445845 -0.1645023 204 216 232
0.2846173 0.4507744 0.2324371 204 216 232
0.1304276 0.2060960 -0.0526392 204 216 232
0.1392460 0.2400888 0.3110162 204 216 232
-0.0490112 0.2208730 0.3144496 204 216 232
-0.0042674 0.2998236 0.3718865 204 216 232
-0.2860721 0.3139701 0.1507562 204 216 232
-0.0828773 0.4015658 -0.1627184 204 216 232
0.2718111 0.3368873 0.0006947 204 216 232
0.2617300 0.3996643 0.2607450 204 216 232
0.1233494 0.3151924 -0.1367646 204 216 232
0.1804944 0.3436416 0.3266678 204 216 232
0.0126361 0.7147882 0.1834597 204 216 232
0.2365193 0.5173476 0.2806073 204 216 232
0.0962073 0.4931123 -0.1592789 204 216 232
-0.0091210 0.6908942 -0.0071879 204 216 232
0.2072137 0.3577729 0.3228371 204 216 232
-0.0616425 0.3051453 -0.1528719 204 216 232
0.3138909 0.3849410 0.1234169 204 216 232
0.1980149 0.3137916 -0.0907826 204 216 232
0.1650062 0.2281517 0.2864891 204 216 232
0.2740570 0.5342962 0.0269070 204 216 232
0.0974670 0.1423241 0.0490010 204 216 232
0.1015092 0.6174969 0.3161790 204 216 232
-0.0485271 0.7135120 0.1619445 204 216 232
0.1693276 0.4584839 0.3667950 204 216 232
-0.0677320 0.1325906 0.1199350 204 216 232
0.0184171 0.1552489 -0.0397048 204 216 232
0.1516319 0.5786670 0.3255588 204 216 232
0.1008200 0.4628122 0.3807434 204 216 232
-0.0998390 0.4609087 -0.1635209 204 216 232
-0.3156916 0.4151354 0.0948269 204 216 232
0.2012339 0.5100246 -0.1028636 204 216 232
-0.2346005 0.5602162 0.2581569 204 216 232
0.2019537 0.4991019 -0.1043052 204 216 232
0.1415614 0.6435238 -0.0368202 204 216 232
0.0837821 0.2251770 0.3185570 204 216 232
-0.2948859 0.4064620 0.1772630 204 216 232
-0.1727463 0.6063991 0.2858996 204 216 232
-0.0489145 0.6445540 0.3031469 204 216 232
-0.1992994 0.1932284 0.0584331 204 216 232
0.2059177 0.6347986 0.0584543 204 216 232
-0.2935206 0.3399376 0.1605570 204 216 232
0.0711113 0.7137397 0.1610314 204 216 232
-0.2858842 0.3396217 0.0336838 204 216 232
-0.2691462 0.3197605 0.0106680 204 216 232
-0.2799130 0.3479355 0.0296415 204 216 232
-0.0714550 0.4065031 -0.1767355 204 216 232
-0.1888521 0.5348744 0.3057604 204 216 232
-0.2612875 0.5747646 0.1606613 204 216 232
-0.2328013 0.5850271 0.2205156 204 216 232
0.1871485 0.2837391 0.2922127 204 216 232
0.2557897 0.5673819 0.1938806 204 216 232
0.0828840 0.3491514 -0.1578064 204 216 232
-0.0659842 0.7029777 0.1692012 204 216 232
-0.2421595 0.3093300 -0.0255304 204 216 232
-0.1400630 0.6361552 0.2655326 204 216 232
-0.0517017 0.5726034 0.3513471 204 216 232
0.0526808 0.6248926 0.3086425 204 216 232
0.0980309 0.1547645 0.0013129 204 216 232
0.1012205 0.1794145 0.2584405 204 216 232
0.2678342 0.5713500 0.1007050 204 216 232
0.0283727 0.4662169 -0.1759644 204 216 232
-0.0187493 0.6386976 0.3106880 204 216 232
0.1107401 0.5806453 -0.1245418 204 216 232
-0.1736414 0.2325582 -0.0308102 204 216 232
-0.2924187 0.4931094 0.0341016 204 216 232
0.0220055 0.1787797 0.2861511 204 216 232
0.1271845 0.1807261 -0.0081766 204 216 232
0.2770260 0.3093832 0.0470060 204 216 232
0.1445835 0.6748417 0.0146917 204 216 232
0.1458025 0.3329829 0.3584755 204 216 232
-0.1246626 0.5029722 0.3695354 204 216 232
-0.2649208 0.4387820 0.2578585 204 216 232
0.2056157 0.6341661 0.0329493 204 216 232
-0.1113878 0.3978103 0.3715559 204 216 232
-0.2967390 0.3132706 0.1154127 204 216 232
-0.1537256 0.6450627 0.2396141 204 216 232
-0.2289647 0.4250711 0.3128022 204 216 232
0.3035094 0.4473911 0.1107589 204 216 232
0.0100413 0.3992106 0.3901849 204 216 232
-0.1406292 0.2181916 0.2824280 204 216 232
0.0525937 0.1718375 -0.0326503 204 216 232
-0.0601724 0.4663663 -0.1629036 204 216 232
0.2106519 0.3703513 -0.0947062 204 216 232
-0.0997571 0.4880455 0.3716773 204 216 232
0.0271276 0.2150437 0.3158154 204 216 232
0.1936148 0.6148961 0.2370640 204 216 232
-0.1972750 0.6282666 0.0439073 204 216 232
0.1588422 0.5073224 0.3270343 204 216 232
-0.1735352 0.6696692 0.0876788 204 216 232
-0.0673239 0.4080422 -0.1604556 204 216 232
-0.2008575 0.2654113 -0.0459993 204 216 232
-0.2935119 0.4490595 0.1895556 204 216 232
0.0650584 0.6331136 0.2919967 204 216 232
0.0184527 0.4971070 -0.1760921 204 216 232
-0.2178535 0.2426402 -0.0158702 204 216 232
-0.2945803 0.3107138 0.1432719 204 216 232
-0.1795565 0.6687992 0.1644028 204 216 232
-0.1623241 0.4279233 -0.1373928 204 216 232
-0.1379347 0.3419615 0.3611739 204 216 232
0.0965680 0.4198708 -0.1582695 204 216 232
0.2088194 0.3208134 -0.0873316 204 216 232
0.1780817 0.4582612 -0.1181281 204 216 232
0.2522022 0.6031924 0.1837436 204 216 232
0.1731565 0.5704375 0.2896295 204 216 232
0.2325548 0.2204818 0.1388537 204 216 232
-0.2138310 0.6213703 0.0391467 204 216 232
-0.2774512 0.3715695 -0.0069123 204 216 232
0.2762472 0.2782206 0.1038065 204 216 232
-0.1262584 0.5863062 0.3205478 204 216 232
0.2469242 0.5606087 -0.0179346 204 216 232
0.1275601 0.1871868 0.2635398 204 216 232
-0.0394622 0.7233968 0.1032463 204 216 232
0.0530326 0.4437157 0.3865514 204 216 232
0.2517149 0.2510195 0.0656487 204 216 232
0.0619010 0.7112049 0.1255141 204 216 232
-0.0181933 0.1253516 0.0550241 204 216 232
0.2285559 0.2344025 0.2007252 204 216 232
-0.2762553 0.5393084 0.0891814 204 216 232
0.1354738 0.4026499 0.3657960 204 216 232
-0.1596882 0.1980794 -0.0193204 204 216 232
0.0171248 0.7242585 0.1409908 204 216 232
-0.0663127 0.7235029 0.0821699 204 216 232
0.0711574 0.4486503 0.3855141 204 216 232
0.2827825 0.3870116 0.0100943 204 216 232
0.0644097 0.4911392 -0.1748506 204 216 232
0.1316472 0.2943584 0.3375375 204 216 232
-0.2962382 0.3260162 0.0900851 204 216 232
0.3108084 0.4551391 0.0553249 204 216 232
-0.1378382 0.2118686 -0.0628858 204 216 232
0.0387135 0.6066793 -0.1105377 204 216 232
-0.1898491 0.4131910 0.3414559 204 216 232
-0.2594715 0.2655315 0.0555525 204 216 232
-0.2297792 0.2709931 0.2489847 204 216 232
-0.1941407 0.4014017 -0.1142483 204 216 232
-0.0929515 0.7049189 0.0759621 204 216 232
-0.2926184 0.4913983 0.0612578 204 216 232
-0.1787950 0.4301826 0.3459578 204 216 232
-0.1114001 0.1410544 0.0526237 204 216 232
-0.1179198 0.3981457 0.3713214 204 216 232
-0.1135186 0.1833001 -0.0211787 204 216 232
-0.2571633 0.3199808 -0.0360975 204 216 232
-0.1514710 0.6549370 0.2049864 204 216 232
-0.2454677 0.5720808 0.2149241 204 216 232
0.2154397 0.5978220 0.2131124 204 216 232
-0.0550979 0.1542600 0.2314250 204 216 232
0.0979403 0.6584632 0.2581678 204 216 232
0.2757636 0.3017396 0.1878864 204 216 232
-0.2174630 0.2165919 0.1318607 204 216 232
-0.2307386 0.6176874 0.0557273 204 216 232
0.0917397 0.1305714 0.0540616 204 216 232
-0.1656656 0.6633426 0.1420029 204 216 232
-0.0325592 0.6046275 -0.1109658 204 216 232
0.0921728 0.3555342 0.3778937 204 216 232
0.1008616 0.6598007 0.2694348 204 216 232
0.0064603 0.1215853 0.1419217 204 216 232
0.1829534 0.2407647 0.2618807 204 216 232
-0.1386021 0.1996080 -0.0600621 204 216 232
-0.1837026 0.2814726 0.2976681 204 216 232
0.2710136 0.4270755 -0.0340237 204 216 232
0.1900756 0.1914807 0.1642408 204 216 232
-0.0968547 0.6824003 0.1971706 204 216 232
0.2304864 0.2866381 0.2607876 204 216 232
0.1114082 0.2616493 0.3308722 204 216 232
-0.0289681 0.1771113 -0.0457868 204 216 232
-0.2280792 0.4344036 0.3124601 204 216 232
-0.0468099 0.1333109 0.1223988 204 216 232
-0.1691403 0.1725352 0.1496120 204 216 232
0.2826933 0.4874696 0.2048052 204 216 232
-0.1443110 0.1586299 0.0958623 204 216 232
0.1651954 0.6760752 0.1514308 204 216 232
-0.1503570 0.6262454 -0.0483790 204 216 232
-0.2666261 0.2533886 0.1180897 204 216 232
0.0753579 0.2338316 0.3347139 204 216 232
-0.2214495 0.4315608 0.2884323 204 216 232
0.1020900 0.5738914 0.3338757 204 216 232
-0.0230465 0.4075918 -0.1864944 204 216 232
-0.2867994 0.3568326 0.2018260 204 216 232
0.1113443 0.1402760 0.1160717 204 216 232
-0.3001494 0.3896402 0.1797900 204 216 232
0.1455844 0.6714193 0.0113294 204 216 232
0.1447879 0.1549175 0.0383413 204 216 232
0.1202166 0.5365389 0.3507813 204 216 232
-0.1221972 0.2071757 0.2481704 204 216 232
-0.0803696 0.3243845 0.3677813 204 216 232
0.0313126 0.6355684 0.3130908 204 216 232
0.0753832 0.6446709 -0.0861276 204 216 232
-0.1694657 0.4913872 -0.1161488 204 216 232
0.2417803 0.5671422 -0.0004574 204 216 232
0.1416785 0.3682046 0.3607770 204 216 232
0.0637798 0.3073184 0.3523366 204 216 232
-0.1745947 0.4890968 -0.1191843 204 216 232
0.1221964 0.4945669 -0.1351808 204 216 232
0.2600365 0.5560769 0.1649420 204 216 232
-0.0278883 0.1991195 -0.0703998 204 216 232
-0.0204910 0.4976062 0.3985234 204 216 232
-0.1413027 0.1842362 0.0047738 204 216 232
0.0786574 0.1341898 0.0660389 204 216 232
0.0082868 0.1167867 0.0541479 204 216 232
0.0977568 0.6024057 0.3106072 204 216 232
0.0102968 0.5945178 0.3364970 204 216 232
-0.0419041 0.2053529 0.3031601 204 216 232
-0.2510399 0.5716913 0.1798896 204 216 232
0.0564542 0.1554856 0.2327784 204 216 232
0.0192689 0.5389165 -0.1574451 204 216 232
0.2893165 0.4887912 0.0305787 204 216 232
-0.0834462 0.2945480 -0.1454869 204 216 232
-0.1299513 0.5073991 0.3608541 204 216 232
-0.1226086 0.1530489 0.1338159 204 216 232
0.2193085 0.3358069 -0.0813263 204 216 232
-0.0109530 0.6123626 0.3336591 204 216 232
0.2928370 0.4971875 0.0857872 204 216 232
-0.2342465 0.3381859 -0.0605290 204 216 232
-0.2971799 0.3715487 0.0389012 204 216 232
0.1156606 0.4194218 0.3799320 204 216 232
0.2958979 0.4698162 0.0721697 204 216 232
0.0648457 0.5075950 0.3776604 204 216 232
-0.1762788 0.4016500 0.3406902 204 216 232
-0.2958679 0.4963023 0.1242071 204 216 232
-0.0700520 0.3417034 -0.1664565 204 216 232
-0.1751180 0.1697038 0.1522818 204 216 232
0.1033280 0.6997619 0.0925760 204 216 232
-0.1567163 0.1724431 0.1288309 204 216 232
-0.2263867 0.6328932 0.1227320 204 216 232
-0.1468616 0.2266609 0.2747317 204 216 232
-0.0102599 0.3021924 -0.1600068 204 216 232
0.1589329 0.5456510 -0.1141262 204 216 232
-0.0796031 0.7001753 0.0610887 204 216 232
-0.0661014 0.2890120 -0.1439660 204 216 232
0.2257898 0.5735270 0.2462591 204 216 232
0.0138064 0.1327049 0.0420344 204 216 232
-0.1177636 0.6007199 -0.0950553 204 216 232
0.0189930 0.3547170 -0.1690316 204 216 232
0.1701261 0.3274474 0.3391601 204 216 232
-0.3067154 0.4090827 0.1836780 204 216 232
0.1158195 0.6993206 0.1027173 204 216 232
0.0368743 0.1376094 0.0146355 204 216 232
-0.1346153 0.3242726 -0.1422575 204 216 232
0.2136618 0.2081354 0.1884381 204 216 232
-0.0127770 0.3130534 -0.1638487 204 216 232
-0.2985867 0.3205136 0.0604661 204 216 232
-0.0999899 0.1456856 0.1737612 204 216 232
0.0272324 0.3786228 -0.1847067 204 216 232
-0.0124183 0.1412147 0.2061955 204 216 232
0.0936414 0.4592945 0.3822075 204 216 232
-0.2984559 0.3533932 0.1943096 204 216 232
-0.1191863 0.1423476 0.1359719 204 216 232
0.0657922 0.6067852 -0.1119129 204 216 232
0.2617586 0.5120433 0.2362574 204 216 232
-0.2613793 0.5665008 0.1644211 204 216 232
-0.1779849 0.5961199 0.2778269 204 216 232
-0.1430893 0.4826636 -0.1464977 204 216 232
-0.2445463 0.3070165 0.2552842 204 216 232
-0.0854961 0.1464673 0.0109877 204 216 232
0.2637152 0.5458042 0.0396572 204 216 232
0.1049902 0.6972008 0.1506917 204 216 232
-0.0298972 0.7150432 0.1423162 204 216 232
-0.1763509 0.2722481 0.3028149 204 216 232
-0.1021065 0.6881928 0.2019786 204 216 232
-0.1811827 0.3961641 -0.1101235 204 216 232
-0.2627752 0.5553421 0.0131036 204 216 232
-0.1032689 0.6438621 0.2886987 204 216 232
-0.0787699 0.1382474 0.1922598 204 216 232
0.1016021 0.1792542 -0.0376691 204 216 232
-0.2103530 0.2328926 -0.0051358 204 216 232
0.2766081 0.5611713 0.1321176 204 216 232
0.2198082 0.5361180 -0.0651501 204 216 232
0.0058634 0.3319927 0.3842356 204 216 232
0.2669972 0.5833345 0.1629081 204 216 232
-0.0925782 0.1506546 0.0299968 204 216 232
-0.2029202 0.4095806 0.3210754 204 216 232
-0.1780068 0.3559906 0.3346723 204 216 232
-0.2148543 0.2065338 0.1274040 204 216 232
0.3018300 0.3675339 0.0559557 204 216 232
0.2556609 0.3008752 0.0049083 204 216 232
-0.2089255 0.4581139 -0.0942983 204 216 232
0.0241018 0.2835270 0.3682816 204 216 232
0.3106335 0.4583098 0.1375155 204 216 232
0.1771308 0.2003832 0.2134570 204 216 232
-0.1954428 0.3303016 0.3206733 204 216 232
-0.1368803 0.6898541 0.1384163 204 216 232
-0.2577742 0.3425922 -0.0237885 204 216 232
-0.2154286 0.4931582 -0.0871087 204 216 232
0.1643569 0.5794687 -0.0715398 204 216 232
-0.2754673 0.3015192 0.0477414 204 216 232
0.2394725 0.4914840 -0.0727662 204 216 232
0.1222366 0.3152092 0.3495107 204 216 232
0.1436399 0.4010190 -0.1539231 204 216 232
0.2847072 0.3776059 0.2010757 204 216 232
0.2137158 0.5082254 0.2921038 204 216 232
0.2357400 0.2269434 0.0838088 204 216 232
-0.2156050 0.2345396 0.2298853 204 216 232
0.2958105 0.4836575 0.1788820 204 216 232
0.0973945 0.1637729 -0.0089835 204 216 232
0.2044821 0.2682500 -0.0432901 204 216 232
0.0803516 0.1591970 0.2201456 204 216 232
-0.3015703 0.3672069 0.0532986 204 216 232
-0.1191353 0.6842439 0.1624447 204 216 232
0.2674703 0.5594032 0.1086043 204 216 232
-0.2919884 0.3642493 0.0204984 204 216 232
0.0958442 0.1585456 0.1951350 204 216 232
-0.1141345 0.5263498 -0.1344592 204 216 232
0.1532102 0.6816583 0.0820981 204 216 232
0.3106401 0.3884012 0.1486208 204 216 232
0.2260605 0.2319060 0.0242677 204 216 232
-0.1214201 0.3989107 0.3667893 204 216 232
0.2460210 0.5669200 0.0197529 204 216 232
0.0170649 0.2555034 0.3534268 204 216 232
-0.1905567 0.6474999 0.0587569 204 216 232
-0.2285754 0.5848601 0.2257387 204 216 232
0.0153656 0.4575149 -0.1865489 204 216 232
-0.0229492 0.6789752 0.2609022 204 216 232
-0.3139594 0.4123820 0.1862235 204 216 232
0.1572795 0.5539755 -0.1040768 204 216 232
0.2727912 0.4513029 0.2393437 204 216 232
-0.0459390 0.5903308 0.3286111 204 216 232
-0.1441067 0.4750403 -0.1394905 204 216 232
-0.1865065 0.1962547 0.1641504 204 216 232
0.1553637 0.2863240 -0.1089350 204 216 232
-0.0913815 0.7046787 0.0508421 204 216 232
0.2016057 0.2025283 0.2060504 204 216 232
0.2105417 0.6374536 0.0888760 204 216 232
0.0915079 0.6410949 -0.0535426 204 216 232
0.2952736 0.4835958 0.0445581 204 216 232
0.1739991 0.2189661 0.2540229 204 216 232
-0.0733218 0.6921551 0.0233997 204 216 232
-0.0752756 0.5829276 0.3372282 204 216 232
-0.2850775 0.5239650 0.1267689 204 216 232
0.2835186 0.4951019 0.0126458 204 216 232
-0.1673130 0.5113757 0.3306410 204 216 232
0.2379398 0.5787208 0.2070235 204 216 232
-0.0754229 0.2748546 0.3495714 204 216 232
0.0740158 0.5268733 0.3699570 204 216 232
-0.2431889 0.5115288 -0.0537942 204 216 232
0.2496537 0.5033792 -0.0487403 204 216 232
-0.2679871 0.4434853 -0.0265410 204 216 232
0.0985892 0.2828773 0.3432215 204 216 232
0.1043923 0.4269118 0.3781910 204 216 232
0.2431237 0.2324957 0.1281537 204 216 232
0.0117071 0.4995413 0.3818533 204 216 232
-0.2411095 0.3070779 0.2796836 204 216 232
0.2505172 0.5504276 0.2259217 204 216 232
-0.0693876 0.6991278 0.0738290 204 216 232
-0.0395742 0.2074968 -0.0900272 204 216 232
-0.0263527 0.4268633 0.3953058 204 216 232
0.0833966 0.3685489 0.3899544 204 216 232
-0.0015778 0.2349517 0.3314078 204 216 232
-0.2320204 0.6055856 0.0390797 204 216 232
-0.1004373 0.6130585 0.2950547 204 216 232
0.0441523 0.1744684 -0.0395450 204 216 232
-0.1356993 0.4285232 -0.1410923 204 216 232
0.2986684 0.4597043 0.1808052 204 216 232
0.2303395 0.2731064 -0.0176417 204 216 232
0.0519774 0.1430819 0.0175231 204 216 232
-0.0420457 0.2582557 0.3427623 204 216 232
-0.0267704 0.1809975 0.2735211 204 216 232
0.1377053 0.6836386 0.1332794 204 216 232
-0.1379632 0.5162151 0.3584398 204 216 232
-0.2362746 0.4738953 -0.0712879 204 216 232
-0.1153609 0.3829996 0.3738108 204 216 232
-0.1194327 0.5318232 0.3580304 204 216 232
0.1240942 0.6843191 0.1942657 204 216 232
-0.0971615 0.1828875 -0.0344405 204 216 232
-0.2790725 0.5451888 0.1321096 204 216 232
-0.1897417 0.6657476 0.1020443 204 216 232
-0.2077687 0.2031649 0.0744153 204 216 232
0.2208985 0.5502405 0.2590688 204 216 232
0.1498710 0.6089969 0.2968118 204 216 232
-0.1711683 0.5385395 0.3300647 204 216 232
-0.2019737 0.5562783 -0.0647546 204 216 232
-0.2338223 0.6188394 0.1466523 204 216 232
-0.1492705 0.1727185 0.1962067 204 216 232
0.0983396 0.4146314 0.3873031 204 216 232
0.3024520 0.4386713 0.0514845 204 216 232
-0.1141928 0.5410193 0.3652450 204 216 232
-0.0608859 0.2191636 0.3326437 204 216 232
-0.1568649 0.4051930 -0.1458077 204 216 232
0.1136144 0.6243609 0.2899043 204 216 232
0.2699914 0.5265605 0.2070786 204 216 232
-0.2025444 0.2271532 -0.0146006 204 216 232
0.1024639 0.6783219 0.2200267 204 216 232
0.2862232 0.3194322 0.0978561 204 216 232
-0.1311359 0.2680374 0.3241520 204 216 232
0.2225781 0.2935233 0.2669021 204 216 232
0.2889065 0.3630382 0.2075420 204 216 232
0.2688847 0.5623978 0.0692619 204 216 232
-0.2116414 0.5987444 0.2277170 204 216 232
0.0727245 0.2881305 0.3678783 204 216 232
-0.1418499 0.4686040 -0.1374427 204 216 232
0.1167497 0.3831100 0.3571332 204 216 232
0.1366418 0.6767371 0.1421378 204 216 232
-0.3008001 0.3690281 0.0359367 204 216 232
-0.2406110 0.2404602 0.0472092 204 216 232
-0.2060173 0.5338808 -0.0840702 204 216 232
0.2610421 0.5184042 0.2150471 204 216 232
-0.2433880 0.5726037 0.1926895 204 216 232
0.0595874 0.6667895 -0.0380760 204 216 232
-0.0356638 0.5009320 0.3902801 204 216 232
0.0086817 0.2844713 0.3631433 204 216 232
0.2997552 0.3557746 0.1686457 204 216 232
0.3029299 0.4859820 0.1433772 204 216 232
0.1626355 0.5706162 -0.0942397 204 216 232
-0.1712463 0.6770549 0.1145718 204 216 232
0.2229861 0.2182480 0.0816222 204 216 232
-0.1298052 0.6243282 0.2881399 204 216 232
0.1690672 0.5270218 0.3323165 204 216 232
0.1619831 0.6763732 0.1558619 204 216 232
-0.0859157 0.1280483 0.1274852 204 216 232
0.2779467 0.5194250 0.0037682 204 216 232
-0.2432338 0.4104778 -0.0519843 204 216 232
0.0082713 0.5550365 0.3600278 204 216 232
0.2988485 0.4270864 0.0386331 204 216 232
-0.2778566 0.3731334 -0.0202239 204 216 232
0.1964504 0.3254567 0.3207749 204 216 232
-0.2214072 0.6032554 0.2374500 204 216 232
-0.3045693 0.3745759 0.0409176 204 216 232
-0.1308353 0.7596531 0.1239728 160 180 207
-0.0456056 1.1087275 0.0597786 160 180 207
-0.1676851 1.0184021 -0.0077101 160 180 207
-0.1323805 1.1314923 0.0156993 160 180 207
-0.0649752 0.7002868 0.0425934 160 180 207
-0.0933727 1.1588892 0.0636327 160 180 207
-0.1511088 1.1228131 0.0252178 160 180 207
-0.1841795 0.5027599 0.0755566 160 180 207
-0.1720836 0.8181837 -0.0401012 160 180 207
-0.0793554 0.6504391 0.0461711 160 180 207
-0.1681972 0.8981590 0.1146448 160 180 207
-0.1790695 0.4720477 0.0441296 160 180 207
-0.1241066 1.1188232 -0.0028105 160 180 207
-0.1923854 0.4943440 0.0752061 160 180 207
-0.1392204 0.5317421 0.0002344 160 180 207
-0.2286184 0.8586091 0.0499569 160 180 207
-0.2130699 0.5080414 0.0100379 160 180 207
-0.1999305 0.9902653 0.0636759 160 180 207
-0.0960655 0.8363442 -0.0371715 160 180 207
-0.0425199 1.0421944 0.0179392 160 180 207
-0.0425683 1.1046444 0.0402339 160 180 207
-0.1230007 0.6119294 0.0994769 160 180 207
-0.1356458 0.9448748 -0.0382370 160 180 207
-0.1267917 0.9115136 0.1206009 160 180 207
-0.0431251 1.0738631 0.0613945 160 180 207
-0.1537019 1.1192812 0.0401992 160 180 207
-0.1670536 0.8660972 0.1199349 160 180 207
-0.2196491 0.8786784 0.0686330 160 180 207
-0.2197407 0.5756034 -0.0056729 160 180 207
-0.2207724 0.7719155 -0.0131488 160 180 207
-0.2115690 0.8778522 -0.0097321 160 180 207
-0.2213297 0.5646189 0.0789688 160 180 207
-0.1837326 0.4958039 0.0784931 160 180 207
-0.0579301 0.8879129 -0.0076528 160 180 207
-0.0972041 0.6593267 0.0935822 160 180 207
-0.2352598 0.8127746 0.0261759 160 180 207
-0.2182261 0.9246147 0.0508219 160 180 207
-0.2111462 0.4693296 0.0342035 160 180 207
-0.0855984 0.6419622 0.0152672 160 180 207
-0.1792037 1.0480387 0.0242313 160 180 207
-0.2186352 0.8763691 0.0804208 160 180 207
-0.2245339 0.7364345 0.0921625 160 180 207
-0.2121577 0.8526310 -0.0158279 160 180 207
-0.1560642 0.9826162 0.1067150 160 180 207
-0.2149124 0.5244321 0.0072540 160 180 207
-0.0492877 0.8399201 0.0170323 160 180 207
-0.1386819 1.1437774 0.0470271 160 180 207
-0.1906647 0.8201588 -0.0344067 160 180 207
-0.2001801 0.7912506 0.1065273 160 180 207
-0.0358824 0.9943100 0.0249551 160 180 207
-0.1842988 1.0463316 0.0326210 160 180 207
-0.1984621 0.6111925 -0.0241731 160 180 207
-0.0540069 0.9141060 -0.0143114 160 180 207
-0.1906783 0.5905373 -0.0193741 160 180 207
-0.2069469 0.4793839 0.0401785 160 180 207
-0.1992329 0.5434489 0.0926824 160 180 207
-0.2166911 0.9072815 0.0661929 160 180 207
-0.1714280 0.9631172 -0.0275114 160 180 207
-0.0691711 1.1587300 0.0555913 160 180 207
-0.1081815 0.5590398 0.0472041 160 180 207
-0.1360507 0.9521456 0.1172306 160 180 207
-0.1071388 0.9042780 -0.0385721 160 180 207
-0.1686492 0.7968197 0.1216707 160 180 207
-0.1422464 0.7467053 -0.0446712 160 180 207
-0.0594053 0.8741715 0.0851080 160 180 207
-0.1436417 0.8451619 0.1249870 160 180 207
-0.2174626 0.4847129 0.0294364 160 180 207
-0.1800811 0.4855412 0.0261025 160 180 207
-0.1120691 0.9561768 0.1196785 160 180 207
-0.1841163 0.8176657 -0.0347008 160 180 207
-0.2175011 0.4956069 0.0488176 160 180 207
-0.1253987 0.8281312 0.1232841 160 180 207
-0.1014630 0.6276416 0.0871121 160 180 207
-0.1677562 0.9754531 0.1009184 160 180 207
-0.1358860 0.5529085 -0.0100064 160 180 207
-0.1525861 1.1190419 0.0341859 160 180 207
-0.2336646 0.5582803 0.0160333 160 180 207
-0.2350250 0.5717615 0.0646574 160 180 207
-0.1443132 1.1316572 0.0411536 160 180 207
-0.0764502 0.6828284 0.0723065 160 180 207
-0.2126066 0.6117226 -0.0203280 160 180 207
-0.1763191 0.4792010 0.0083794 160 180 207
-0.1319122 0.7888820 0.1236578 160 180 207
-0.1090045 1.1166562 -0.0091137 160 180 207
-0.1417658 0.6732027 0.1179798 160 180 207
-0.2070179 0.7196164 -0.0231757 160 180 207
-0.2264944 0.6808665 -0.0126940 160 180 207
-0.0300150 0.9702117 0.0207693 160 180 207
-0.2046570 0.9634264 0.0127306 160 180 207
-0.0710646 1.1557467 0.0518848 160 180 207
-0.1481922 0.9132833 -0.0402322 160 180 207
-0.1769164 0.9013870 -0.0322332 160 180 207
-0.2188170 0.5156687 0.0186253 160 180 207
-0.1626185 0.7712432 0.1233643 160 180 207
-0.0396962 0.8794145 0.0593448 160 180 207
-0.2130700 0.6773546 -0.0186845 160 180 207
-0.1486155 0.9427190 0.1149210 160 180 207
-0.2055644 0.7189159 0.1077277 160 180 207
-0.1943825 0.7263780 -0.0350716 160 180 207
-0.0929510 1.1805614 0.0468693 160 180 207
-0.1993554 0.5691536 0.0939000 160 180 207
-0.2399478 0.7564154 0.0533460 160 180 207
-0.1251138 1.1480699 0.0199521 160 180 207
-0.1809346 0.9653338 0.0979360 160 180 207
-0.1904429 0.9579634 0.0919037 160 180 207
-0.0882292 1.1445178 0.0075308 160 180 207
-0.2140122 0.6493463 0.0950398 160 180 207
-0.2153795 0.4829150 0.0282472 160 180 207
-0.0393834 1.0813432 0.0406739 160 180 207
-0.1298559 0.5209477 0.0466605 160 180 207
-0.0876249 1.0628772 0.0995599 160 180 207
-0.0929804 0.8360708 0.1149073 160 180 207
-0.0382348 0.8714530 0.0270869 160 180 207
-0.0729038 0.6895629 0.0272005 160 180 207
-0.2344830 0.5037208 0.0451282 160 180 207
-0.0423744 1.0174063 0.0675088 160 180 207
-0.2291830 0.8439538 0.0558947 160 180 207
-0.2414619 0.6098260 0.0223791 160 180 207
-0.1640475 0.9957240 -0.0179788 160 180 207
-0.1508082 0.8009103 -0.0432169 160 180 207
-0.2185958 0.7501714 0.0959757 160 180 207
-0.2034929 0.8518991 -0.0225250 160 180 207
-0.0424817 1.0165380 0.0028219 160 180 207
-0.0359510 0.8983092 0.0559164 160 180 207
-0.0703164 1.1502355 0.0229763 160 180 207
-0.1777712 0.4577772 0.0464319 160 180 207
-0.1756846 0.9179460 -0.0300590 160 180 207
-0.2341371 0.6792970 0.0025459 160 180 207
-0.1966313 0.9807321 0.0113438 160 180 207
-0.1119321 0.7017412 0.1119801 160 180 207
-0.0330513 0.9479144 0.0348941 160 180 207
-0.1009932 0.6531628 0.0878949 160 180 207
-0.0471879 0.9475824 -0.0060164 160 180 207
-0.0918417 1.1441877 0.0110613 160 180 207
-0.1017255 1.1171260 -0.0105906 160 180 207
-0.0544973 1.1355945 0.0327503 160 180 207
-0.0543865 0.9103519 -0.0083176 160 180 207
-0.0413837 0.8599883 0.0605791 160 180 207
-0.1483578 0.4825480 0.0340426 160 180 207
-0.1514308 0.8306440 0.1225961 160 180 207
-0.0344642 0.9936877 0.0483525 160 180 207
-0.0691566 0.8064131 -0.0128768 160 180 207
-0.1048208 1.0214251 0.1107514 160 180 207
-0.2052713 0.6212527 -0.0212044 160 180 207
-0.2386663 0.5528393 0.0569531 160 180 207
-0.2461761 0.6916215 0.0534899 160 180 207
-0.0665727 0.7626169 0.0867907 160 180 207
-0.2346807 0.7313402 0.0742717 160 180 207
-0.0597836 0.8242227 0.0875049 160 180 207
-0.0442678 1.0946497 0.0372096 160 180 207
-0.1622207 0.4864902 0.0139874 160 180 207
-0.0518615 0.8914984 -0.0047739 160 180 207
-0.2007736 0.4673224 0.0322344 160 180 207
-0.2101496 0.9116110 0.0047941 160 180 207
-0.1680869 1.0608664 0.0711136 160 180 207
-0.1883739 1.0187051 0.0085882 160 180 207
-0.1682360 1.0895003 0.0391426 160 180 207
-0.1905036 0.5050015 0.0804816 160 180 207
-0.0412163 1.0943357 0.0394432 160 180 207
-0.2154485 0.4991946 0.0150009 160 180 207
-0.2248284 0.8187972 0.0779662 160 180 207
-0.2192929 0.6756661 -0.0165627 160 180 207
-0.0497982 0.8801849 0.0868615 160 180 207
-0.1787392 0.9099943 -0.0278165 160 180 207
-0.1205831 1.0862620 0.0991081 160 180 207
-0.1740153 0.9339831 0.1113016 160 180 207
-0.1836157 0.8276467 -0.0351473 160 180 207
-0.2135919 0.5268694 0.0765149 160 180 207
-0.2000711 0.9340840 -0.0075958 160 180 207
-0.0670963 1.1234010 0.0777993 160 180 207
-0.2361357 0.5627974 0.0483255 160 180 207
-0.1263307 0.7242759 0.1161733 160 180 207
-0.2455764 0.6227188 0.0404924 160 180 207
-0.1526430 1.0951363 0.0715909 160 180 207
-0.2284024 0.6090912 -0.0085087 160 180 207
-0.1522367 1.1036092 0.0725019 160 180 207
-0.0377688 0.9241423 0.0250347 160 180 207
-0.1194273 0.6594279 0.1081537 160 180 207
-0.1800951 0.5359172 -0.0145224 160 180 207
-0.1700276 0.5638081 -0.0210146 160 180 207
-0.0754872 0.6811843 0.0769436 160 180 207
-0.1180937 0.8212081 0.1211849 160 180 207
-0.0833640 0.7155954 -0.0114707 160 180 207
-0.1213066 0.9856187 0.1127872 160 180 207
-0.1908691 0.6434758 0.1126477 160 180 207
-0.0683034 1.0355183 0.0962087 160 180 207
-0.1802742 0.8501528 0.1139303 160 180 207
-0.2135174 0.5774263 -0.0121586 160 180 207
-0.1202992 0.7184135 0.1187726 160 180 207
-0.0370423 1.0161031 0.0202659 160 180 207
-0.1966715 0.5276659 0.0835000 160 180 207
-0.2061160 0.9093335 -0.0062022 160 180 207
-0.1930146 0.5142379 0.0761499 160 180 207
-0.1520404 1.0247738 -0.0170730 160 180 207
-0.1751428 1.0399324 0.0007432 160 180 207
-0.0769714 0.6414326 0.0461514 160 180 207
-0.1132073 0.6018184 0.0895842 160 180 207
-0.1260378 0.7205446 -0.0360522 160 180 207
-0.0981610 0.6542741 -0.0073283 160 180 207
-0.0603649 1.1548748 0.0291091 160 180 207
-0.2424106 0.6735446 0.0508149 160 180 207
-0.1464703 0.6894101 0.1179975 160 180 207
-0.1378957 0.7101021 -0.0416063 160 180 207
-0.1910180 0.9064690 0.0982678 160 180 207
-0.1006953 1.1554226 0.0043801 160 180 207
-0.2094163 0.9347688 0.0696314 160 180 207
-0.1066856 1.1608399 0.0674768 160 180 207
-0.2215582 0.8561723 0.0795748 160 180 207
-0.0656432 0.9552273 0.0985643 160 180 207
-0.0778093 0.7469257 0.0913316 160 180 207
-0.0856990 1.1420249 0.0058332 160 180 207
-0.2106320 0.6081276 0.0968783 160 180 207
-0.0385812 0.9084145 0.0409335 160 180 207
-0.2210115 0.5786192 -0.0053235 160 180 207
-0.1347335 0.8973433 -0.0421764 160 180 207
-0.1970500 0.5783585 -0.0180853 160 180 207
-0.1989392 0.9678829 -0.0004542 160 180 207
-0.1220878 1.0903559 -0.0152139 160 180 207
-0.2348582 0.7746928 0.0659014 160 180 207
-0.0978692 1.1601782 0.0594189 160 180 207
-0.0552145 1.0795033 0.0096743 160 180 207
-0.1248459 0.5817755 -0.0093577 160 180 207
-0.2103238 0.8053747 -0.0162553 160 180 207
-0.1038355 1.1718532 0.0292575 160 180 207
-0.1198590 0.9957398 0.1108498 160 180 207
-0.1135971 0.5493958 0.0544534 160 180 207
-0.1126654 1.1531532 0.0684027 160 180 207
-0.1313797 0.9055036 0.1230326 160 180 207
-0.1804857 0.8502446 -0.0347233 160 180 207
-0.2252867 0.7495425 -0.0058513 160 180 207
-0.0751913 0.9328311 -0.0233766 160 180 207
-0.0858008 0.8997222 0.1140260 160 180 207
-0.1376935 0.6057319 -0.0217118 160 180 207
-0.2382006 0.7918461 0.0242876 160 180 207
-0.0529697 1.0072356 0.0872407 160 180 207
-0.2385153 0.7278747 0.0121074 160 180 207
-0.1992058 0.4870183 0.0583500 160 180 207
-0.0483978 1.1221766 0.0334828 160 180 207
-0.1890204 0.8090203 0.1119238 160 180 207
-0.1544989 0.5179815 0.0786406 160 180 207
-0.1344430 0.5058390 0.0537918 160 180 207
-0.2229858 0.5159525 0.0571790 160 180 207
-0.2013631 0.7610382 0.1110583 160 180 207
-0.1812694 0.8369201 -0.0378100 160 180 207
-0.0507870 0.7668693 0.0468499 160 180 207
-0.0388741 1.0074321 0.0649997 160 180 207
-0.1675237 0.5192221 0.0838283 160 180 207
-0.1906046 0.7770019 0.1157402 160 180 207
-0.1682823 0.5751225 0.1012075 160 180 207
-0.2260886 0.8643112 0.0548194 160 180 207
-0.1285674 0.5261082 0.0609054 160 180 207
-0.1613893 0.8267815 -0.0448180 160 180 207
-0.1522655 0.4855427 0.0415567 160 180 207
-0.0922081 0.6145134 0.0513531 160 180 207
-0.1372387 0.5347749 0.0776166 160 180 207
-0.1294978 0.5304717 0.0204750 160 180 207
-0.1093646 1.1220981 0.0833187 160 180 207
-0.2248652 0.7675876 0.0866651 160 180 207
-0.1098328 1.1584090 0.0653698 160 180 207
-0.0447487 0.8502490 0.0590017 160 180 207
-0.2255794 0.7599863 -0.0062622 160 180 207
-0.1950982 0.4950612 0.0662556 160 180 207
-0.0667518 0.8041747 -0.0139601 160 180 207
-0.0705036 1.0757431 0.0893609 160 180 207
-0.0496085 1.0849422 0.0632902 160 180 207
-0.0412531 0.9250007 0.0091103 160 180 207
-0.1507737 1.0867509 0.0808829 160 180 207
-0.1125603 1.0609957 0.1042572 160 180 207
-0.1469040 0.4896137 0.0313741 160 180 207
-0.2133606 0.9484828 0.0357261 160 180 207
-0.0687270 0.6817396 0.0378623 160 180 207
-0.2085995 0.8530350 -0.0169785 160 180 207
-0.0971691 0.6723878 0.0911997 160 180 207
-0.1729102 0.9464045 -0.0227796 160 180 207
-0.0644639 1.1598127 0.0493784 160 180 207
-0.2047067 0.4940329 0.0150897 160 180 207
-0.0862089 1.0152353 -0.0246427 160 180 207
-0.1546528 1.1135224 0.0200051 160 180 207
-0.0618875 0.7238145 0.0219790 160 180 207
-0.1527114 0.4901446 0.0591757 160 180 207
-0.0836437 0.8170493 -0.0248441 160 180 207
-0.2181161 0.9102664 0.0525327 160 180 207
-0.1741524 0.4684277 0.0643313 160 180 207
-0.0927837 0.7761699 -0.0294496 160 180 207
-0.0541775 0.8060943 0.0004020 160 180 207
-0.2395219 0.6175697 0.0645482 160 180 207
-0.1008893 1.1477678 0.0061335 160 180 207
-0.0972054 0.6063693 0.0585267 160 180 207
-0.0492161 1.1059346 0.0623273 160 180 207
-0.2415567 0.7696934 0.0499414 160 180 207
-0.2438412 0.6100485 0.0645198 160 180 207
-0.1965873 0.9921519 0.0176621 160 180 207
-0.0535557 0.7790011 0.0603122 160 180 207
-0.1305476 1.0183142 -0.0279596 160 180 207
-0.0709388 0.8480977 0.1041670 160 180 207
-0.0706569 0.7489473 0.0848543 160 180 207
-0.1827509 0.4665492 0.0238290 160 180 207
-0.1611124 0.8352078 -0.0408617 160 180 207
-0.1876121 0.7785548 0.1156440 160 180 207
-0.1289265 1.0822800 0.0865386 160 180 207
-0.2286090 0.7289732 0.0819477 160 180 207
-0.1587411 0.4827435 0.0591910 160 180 207
-0.1576271 1.0182123 0.1001984 160 180 207
-0.2489366 0.6888668 0.0560314 160 180 207
-0.0475501 0.9595034 -0.0062751 160 180 207
-0.1127545 0.5652722 0.0159555 160 180 207
-0.1676339 1.0228438 0.0902877 160 180 207
-0.1490996 0.7119044 0.1222290 160 180 207
-0.1994368 0.5994220 -0.0233459 160 180 207
-0.1578799 0.7192197 0.1207560 160 180 207
-0.2414425 0.6553361 0.0183454 160 180 207
-0.2239562 0.7380106 0.0933033 160 180 207
-0.0312517 1.0394377 0.0380092 160 180 207
-0.0671620 1.0189025 -0.0168445 160 180 207
-0.2420874 0.6626874 0.0224176 160 180 207
-0.2368205 0.5531766 0.0442975 160 180 207
-0.2108405 0.7663793 0.1028041 160 180 207
-0.1241396 0.5615573 0.0043928 160 180 207
-0.1592922 0.5253534 0.0865436 160 180 207
-0.2243551 0.5178039 0.0262053 160 180 207
-0.0657836 0.9921519 0.1012971 160 180 207
-0.1564927 0.7280405 0.1199957 160 180 207
-0.0719798 0.6903150 0.0716487 160 180 207
-0.1676645 0.8442321 -0.0401233 160 180 207
-0.1943584 0.5836027 -0.0225565 160 180 207
-0.0583904 1.1295818 0.0588755 160 180 207
-0.2435790 0.6360916 0.0599068 160 180 207
-0.0580525 1.1146517 0.0071339 160 180 207
-0.0950173 0.5969980 0.0341813 160 180 207
-0.1028027 1.0966320 0.0975823 160 180 207
-0.2379373 0.7374493 0.0695375 160 180 207
-0.2046008 0.8143376 -0.0259679 160 180 207
-0.0619479 0.9136952 0.0998292 160 180 207
-0.2263763 0.8922538 0.0374214 160 180 207
-0.1202560 0.7164660 0.1158161 160 180 207
-0.1114323 0.6021078 -0.0009685 160 180 207
-0.2169777 0.6677889 -0.0188170 160 180 207
-0.1758115 0.6214188 -0.0314067 160 180 207
-0.2154534 0.5087084 0.0634769 160 180 207
-0.1275952 1.1570089 0.0342412 160 180 207
-0.1835755 0.8924354 0.1096520 160 180 207
-0.0946187 1.1862427 0.0491826 160 180 207
-0.0755658 0.9003689 -0.0285806 160 180 207
-0.2223154 0.5104200 0.0289855 160 180 207
-0.1838630 0.5735984 -0.0233246 160 180 207
-0.0837403 0.8135298 0.1079122 160 180 207
-0.2312748 0.6947461 0.0832230 160 180 207
-0.2101552 0.4845870 0.0266015 160 180 207
-0.0958637 0.6568004 -0.0106175 160 180 207
-0.1527780 0.6380527 -0.0301984 160 180 207
-0.1670792 0.4876051 0.0116037 160 180 207
-0.2092056 0.8176859 0.0988710 160 180 207
-0.1716226 0.4741920 0.0236769 160 180 207
-0.1572524 1.0263907 0.0949122 160 180 207
-0.1589039 0.5416580 0.0917313 160 180 207
-0.1836144 0.6417288 0.1121286 160 180 207
-0.1427527 1.1299996 0.0200176 160 180 207
-0.1704432 0.5412170 -0.0143463 160 180 207
-0.1631086 1.0557914 0.0828942 160 180 207
-0.0964692 0.6656646 0.0917888 160 180 207
-0.0612120 0.7643514 0.0769369 160 180 207
-0.0852230 0.9842290 -0.0331818 160 180 207
-0.0731235 1.0475656 0.0940809 160 180 207
-0.0460307 1.0243779 0.0001953 160 180 207
-0.0388189 1.0097970 0.0640249 160 180 207
-0.0610626 0.9613844 -0.0150875 160 180 207
-0.1779580 1.0433779 0.0105148 160 180 207
-0.0478223 0.8482911 0.0733602 160 180 207
-0.1829559 0.7878851 -0.0386478 160 180 207
-0.1683054 0.6945356 0.1201257 160 180 207
-0.1515587 0.5457919 0.0933081 160 180 207
-0.1614969 0.5462450 0.0943892 160 180 207
-0.2189586 0.7139211 0.0974831 160 180 207
-0.1144160 1.0987158 0.0933502 160 180 207
-0.0646850 0.7399465 0.0723115 160 180 207
-0.2140815 0.9424528 0.0467102 160 180 207
-0.0783355 0.7368200 -0.0134033 160 180 207
-0.0435100 1.0620570 0.0226360 160 180 207
-0.1728009 0.9865619 0.0959274 160 180 207
-0.1034497 1.1794834 0.0282299 160 180 207
-0.1396554 1.1014940 0.0801421 160 180 207
-0.1594778 0.8740103 0.1196401 160 180 207
-0.1698584 1.0892175 0.0523493 160 180 207
-0.1462374 0.9325670 0.1166558 160 180 207
-0.1648584 0.4800616 0.0602815 160 180 207
-0.0847937 0.7949315 0.1084959 160 180 207
-0.2292734 0.8167552 0.0695857 160 180 207
-0.2246660 0.5423098 0.0161811 160 180 207
-0.1846461 0.9782258 -0.0111659 160 180 207
-0.0984631 1.1249737 0.0852841 160 180 207
-0.1144893 0.6899958 -0.0325083 160 180 207
-0.1681912 1.0729711 0.0123422 160 180 207
-0.1571231 0.6459717 -0.0337844 160 180 207
-0.2198614 0.8954998 0.0683111 160 180 207
-0.2265703 0.5643013 0.0746936 160 180 207
-0.0370420 1.0038173 0.0281961 160 180 207
-0.2130578 0.5385524 0.0012800 160 180 207
-0.2287789 0.5634410 0.0091295 160 180 207
-0.0669224 0.9999431 -0.0197922 160 180 207
-0.1697321 0.8743227 0.1188836 160 180 207
-0.1458382 0.4960627 0.0518261 160 180 207
-0.1538589 0.4993995 0.0622490 160 180 207
-0.1310479 0.8848807 -0.0413963 160 180 207
-0.1622261 0.4781164 0.0567752 160 180 207
-0.1933591 0.8613216 0.1045086 160 180 207
-0.2336710 0.5347918 0.0615870 160 180 207
-0.1894374 0.9887170 0.0831936 160 180 207
-0.1659683 0.6014898 -0.0243868 160 180 207
-0.0819492 1.0127023 -0.0251163 160 180 207
-0.0548608 0.7708129 0.0476499 160 180 207
-0.2238833 0.7103425 -0.0135340 160 180 207
-0.0925986 0.6175117 0.0693997 160 180 207
-0.1488146 0.5300067 0.0806407 160 180 207
-0.0770034 0.9917575 -0.0219268 160 180 207
-0.1485359 1.0486435 -0.0155383 160 180 207
-0.0897657 0.9600941 -0.0333872 160 180 207
-0.0910040 0.7091477 0.1024636 160 180 207
-0.1767912 1.0070871 -0.0039680 160 180 207
-0.1958692 0.5068089 0.0024036 160 180 207
-0.1928857 0.4720353 0.0477994 160 180 207
-0.0430835 1.0978582 0.0319013 160 180 207
-0.1506383 0.7681550 -0.0420768 160 180 207
-0.1554832 1.1049647 0.0590412 160 180 207
-0.0544600 0.7620924 0.0313779 160 180 207
-0.1048474 0.6174118 -0.0077645 160 180 207
-0.1924185 0.4571450 0.0447928 160 180 207
-0.1425983 0.9879465 0.1119035 160 180 207
-0.0979069 1.1047837 0.0944544 160 180 207
-0.2161468 0.8849908 0.0073252 160 180 207
-0.2104245 0.5186075 0.0024108 160 180 207
-0.1759538 0.9594800 -0.0198916 160 180 207
-0.1598769 0.9165660 0.1170617 160 180 207
-0.1673239 0.4737596 0.0370229 160 180 207
-0.2259144 0.8252651 0.0764743 160 180 207
-0.1752743 0.8381142 -0.0390968 160 180 207
-0.0923212 0.6917925 0.0963351 160 180 207
-0.2276851 0.7648342 -0.0048723 160 180 207
-0.1214536 0.8974558 -0.0444938 160 180 207
-0.0667819 0.7852225 0.0876111 160 180 207
-0.2072742 0.4764680 0.0199784 160 180 207
-0.0813730 0.7644994 0.1030432 160 180 207
-0.1380073 1.1004159 -0.0027410 160 180 207
-0.0984844 0.6005094 0.0183222 160 180 207
-0.0510374 0.9115457 0.0881041 160 180 207
-0.0618433 1.0867238 -0.0071098 160 180 207
-0.1806896 0.9057183 0.1081875 160 180 207
-0.1449554 0.7049230 -0.0394537 160 180 207
-0.1751464 0.4671098 0.0340781 160 180 207
-0.0974247 0.9288160 0.1177102 160 180 207
-0.2369283 0.8007855 0.0311844 160 180 207
-0.0795045 0.7032592 -0.0039732 160 180 207
-0.0869354 1.0532192 0.0987996 160 180 207
-0.1512577 1.1072645 0.0088015 160 180 207
-0.1207695 0.6242892 0.1005938 160 180 207
-0.1208531 0.6018123 -0.0120813 160 180 207
-0.0608183 0.7605327 0.0081139 160 180 207
-0.1640848 0.4853300 0.0671096 160 180 207
-0.1709287 0.6697233 -0.0382925 160 180 207
-0.0796222 0.7136015 0.0913026 160 180 207
-0.1069227 0.8914570 0.1184822 160 180 207
-0.1069238 0.8048847 0.1215648 160 180 207
-0.1027767 0.5991336 0.0722049 160 180 207
-0.0769210 0.6614165 0.0247671 160 180 207
-0.1482828 1.1182574 0.0435753 160 180 207
-0.1344597 1.0439159 0.0992337 160 180 207
-0.0914315 0.9512013 -0.0355996 160 180 207
-0.0906982 1.1127321 0.0868054 160 180 207
-0.1603640 1.0328391 -0.0149711 160 180 207
-0.1264530 0.7429711 -0.0397023 160 180 207
-0.2453703 0.6431794 0.0322593 160 180 207
-0.1538392 0.6900839 -0.0401472 160 180 207
-0.0502742 0.9535084 0.0871824 160 180 207
-0.1291258 0.7202609 -0.0393431 160 180 207
-0.1003755 0.5859179 0.0103305 160 180 207
-0.1815071 0.6162108 0.1093784 160 180 207
-0.0958211 0.7898822 -0.0318886 160 180 207
-0.1872495 0.4836565 0.0707135 160 180 207
-0.1007308 1.0486528 0.1030761 160 180 207
-0.2264728 0.7254210 0.0899894 160 180 207
-0.1865239 0.7792617 0.1153384 160 180 207
-0.2458461 0.6937596 0.0386213 160 180 207
-0.1180827 0.7588495 0.1198740 160 180 207
-0.1770218 0.5824760 -0.0255663 160 180 207
-0.1388888 0.9487170 0.1183716 160 180 207
-0.2045543 0.7585203 -0.0291596 160 180 207
-0.1015727 0.7467645 0.1124934 160 180 207
-0.1006720 1.1631365 0.0582505 160 180 207
-0.2393056 0.5764884 0.0469666 160 180 207
-0.0981127 0.6682774 0.0917551 160 180 207
-0.1055730 1.0391083 0.1064419 160 180 207
-0.1893830 0.8725385 -0.0254872 160 180 207
-0.1826798 1.0331209 0.0131568 160 180 207
-0.1948909 0.9071488 -0.0170012 160 180 207
-0.0774327 1.1740346 0.0305899 160 180 207
-0.0388921 0.9356330 0.0665759 160 180 207
-0.2239343 0.5157756 0.0580801 160 180 207
-0.0573765 0.9474795 0.0900171 160 180 207
-0.1088436 0.5743155 0.0186843 160 180 207
-0.1727941 0.8862032 0.1138920 160 180 207
-0.0613884 0.8821047 -0.0144625 160 180 207
-0.2335801 0.5468643 0.0205292 160 180 207
-0.1818141 0.8514791 0.1151854 160 180 207
-0.0809938 0.6487691 0.0219129 160 180 207
-0.1567526 0.6005993 0.1081515 160 180 207
-0.1193355 0.6617932 0.1073066 160 180 207
-0.1054840 1.1287717 0.0005005 160 180 207
-0.1536067 1.1169646 0.0344334 160 180 207
-0.0490666 1.0405204 0.0078612 160 180 207
-0.1013632 0.9306374 -0.0388493 160 180 207
-0.2035926 0.5045801 0.0789017 160 180 207
-0.2028901 0.8893675 0.0928796 160 180 207
-0.1055695 0.5930917 0.0146302 160 180 207
-0.1236597 1.0384274 0.1094887 160 180 207
-0.1288113 1.0486736 0.1079629 160 180 207
-0.1608166 0.6389025 0.1138985 160 180 207
-0.0946250 0.8605505 0.1172118 160 180 207
-0.0943319 1.1330572 0.0800813 160 180 207
-0.1094861 0.7065183 -0.0290453 160 180 207
-0.0368318 0.9253382 0.0606099 160 180 207
-0.1516249 0.4898876 0.0655209 160 180 207
-0.0523649 0.8724729 0.0821697 160 180 207
-0.0492173 0.7973285 0.0520560 160 180 207
-0.0962070 0.6384768 0.0838358 160 180 207
-0.0860209 0.6692503 -0.0027947 160 180 207
-0.0627356 0.9996603 -0.0178829 160 180 207
-0.0822027 0.6834812 0.0802609 160 180 207
-0.0601826 0.8366514 -0.0105224 160 180 207
-0.1201239 0.8877536 0.1230210 160 180 207
-0.1160786 1.0015513 -0.0338374 160 180 207
-0.0375039 0.9396139 0.0593193 160 180 207
-0.1040707 0.8959270 -0.0427396 160 180 207
-0.1671021 0.4716417 0.0334737 160 180 207
-0.1730284 0.8072797 -0.0392444 160 180 207
-0.0762936 0.8578939 0.1077278 160 180 207
-0.1715542 0.4721315 0.0646735 160 180 207
-0.0514883 0.9496232 0.0892841 160 180 207
-0.1849054 0.5101709 -0.0043052 160 180 207
-0.1401330 0.9160735 0.1219640 160 180 207
-0.2221699 0.7659711 0.0927392 160 180 207
-0.2321985 0.5280832 0.0408069 160 180 207
-0.1990965 0.8999399 0.0990777 160 180 207
-0.0483131 0.9210426 0.0825933 160 180 207
-0.1449827 0.5074486 0.0175743 160 180 207
-0.0819134 0.9566835 -0.0287111 160 180 207
-0.2181682 0.9219008 0.0554999 160 180 207
-0.1115272 1.1070831 0.0866074 160 180 207
-0.0588549 1.0645562 0.0882635 160 180 207
-0.1697012 1.0003638 0.0964291 160 180 207
-0.0729245 0.7150220 -0.0016536 160 180 207
-0.1639384 0.7409478 -0.0428373 160 180 207
-0.0855123 1.1391312 0.0774099 160 180 207
-0.0829723 1.1632055 0.0315716 160 180 207
-0.0694155 0.7322690 0.0056175 160 180 207
-0.2299421 0.5818744 0.0047005 160 180 207
-0.1194345 1.1544163 0.0504546 160 180 207
-0.2154259 0.5259008 0.0019977 160 180 207
-0.2408078 0.6367556 0.0596601 160 180 207
-0.1208071 1.1457757 0.0658113 160 180 207
-0.2192825 0.4955716 0.0227511 160 180 207
-0.0902948 0.6737608 -0.0124691 160 180 207
-0.2130241 0.6061649 0.0998022 160 180 207
-0.0375881 1.0617793 0.0546168 160 180 207
-0.0808850 1.0684141 -0.0122799 160 180 207
-0.1548279 0.7925355 -0.0421942 160 180 207
-0.0659164 0.7082676 0.0371581 160 180 207
-0.2235269 0.5460985 0.0785041 160 180 207
-0.0558541 0.8060053 0.0793645 160 180 207
-0.1797832 1.0256664 0.0765196 160 180 207
-0.1428059 0.9237570 -0.0429025 160 180 207
-0.2380213 0.6856900 0.0684723 160 180 207
-0.2315165 0.7422720 -0.0030961 160 180 207
-0.2079791 0.5509599 -0.0086973 160 180 207
-0.1396037 0.7618899 0.1254843 160 180 207
-0.1508156 0.8886948 0.1213004 160 180 207
-0.0831749 1.0859915 -0.0109469 160 180 207
-0.2463662 0.6119066 0.0311741 160 180 207
-0.1417276 0.9653962 0.1133706 160 180 207
-0.1570719 0.6655800 0.1168500 160 180 207
-0.0408012 0.9065413 0.0054978 160 180 207
-0.0976210 0.9751351 0.1163125 160 180 207
-0.0915351 1.1431202 0.0792746 160 180 207
-0.2323238 0.5369715 0.0464378 160 180 207
-0.1354330 1.1106892 -0.0093743 160 180 207
-0.2012186 0.5259849 0.0857004 160 180 207
-0.1847100 1.0357600 0.0522909 160 180 207
-0.0554800 0.7438414 0.0512714 160 180 207
-0.1874270 0.5179726 -0.0040590 160 180 207
-0.1321166 0.9736373 -0.0324096 160 180 207
-0.2243560 0.8281009 0.0784370 160 180 207
-0.2430204 0.7524031 0.0486128 160 180 207
-0.1709506 0.5569711 0.0948386 160 180 207
-0.1440606 0.4911762 0.0390170 160 180 207
-0.0531445 0.8738371 -0.0048883 160 180 207
-0.1390177 1.0865667 0.0914167 160 180 207
-0.2383756 0.6414247 0.0170121 160 180 207
-0.2240475 0.5824272 0.0805359 160 180 207
-0.1755330 0.5260682 0.0842600 160 180 207
-0.0666036 0.6933854 0.0331111 160 180 207
-0.2168270 0.8620679 -0.0058486 160 180 207
-0.0765999 1.0904639 -0.0103222 160 180 207
-0.1023587 0.5689923 0.0560991 160 180 207
-0.0955874 0.8638593 -0.0379652 160 180 207
-0.2414626 0.7549968 0.0143514 160 180 207
-0.1945826 0.4695997 0.0509984 160 180 207
-0.1420260 0.5034293 0.0290173 160 180 207
-0.0955361 0.7184759 0.1078971 160 180 207
-0.1061841 0.6835956 -0.0258113 160 180 207
-0.2059894 0.4808477 0.0298884 160 180 207
-0.2056614 0.4965448 0.0667000 160 180 207
-0.1741041 0.8049585 0.1192913 160 180 207
-0.1047711 0.9218208 0.1217927 160 180 207
-0.1837038 1.0444121 0.0570095 160 180 207
-0.1767270 0.4932071 0.0726169 160 180 207
-0.1543502 1.0721540 0.0832026 160 180 207
-0.1745150 0.6495658 0.1152436 160 180 207
-0.0547852 0.8054550 0.0755618 160 180 207
-0.1123610 0.8835559 -0.0399684 160 180 207
-0.1062343 0.7279568 -0.0302962 160 180 207
-0.0864858 0.7679625 0.1069482 160 180 207
-0.2253613 0.5307860 0.0068193 160 180 207
-0.0759927 1.0359694 0.1020404 160 180 207
-0.1594295 0.5018895 0.0656906 160 180 207
-0.1478046 0.5861629 -0.0205519 160 180 207
-0.0931965 0.9801885 0.1115848 160 180 207
-0.1160238 0.5755275 0.0006585 160 180 207
-0.1730938 0.7901568 0.1199661 160 180 207
-0.0586969 1.1255761 0.0534400 160 180 207
-0.2382946 0.6833443 0.0669903 160 180 207
-0.0380365 1.0698662 0.0354432 160 180 207
-0.1684526 0.4785954 0.0512078 160 180 207
-0.0656605 1.0935923 0.0812922 160 180 207
-0.0778966 0.7540798 -0.0218782 160 180 207
-0.0707408 0.9831573 0.1006866 160 180 207
-0.0820126 0.6395972 0.0558610 160 180 207
-0.0454926 1.0963843 0.0585047 160 180 207
-0.0594908 0.7706617 0.0072310 160 180 207
-0.1967931 0.9177883 -0.0128398 160 180 207
-0.2403043 0.7340328 0.0235640 160 180 207
-0.1458579 0.4884635 0.0345991 160 180 207
-0.1772484 0.4675488 0.0470418 160 180 207
-0.0728446 0.8156310 0.1014398 160 180 207
-0.1201250 0.7513760 0.1202882 160 180 207
-0.1396558 0.5061988 0.0189094 160 180 207
-0.2276283 0.7581912 -0.0048665 160 180 207
-0.2374700 0.5709363 0.0586428 160 180 207
-0.0875648 0.6270944 0.0573251 160 180 207
-0.1604873 0.5749369 -0.0262798 160 180 207
-0.2216665 0.6474076 0.0898206 160 180 207
-0.0650239 0.8633890 0.1012465 160 180 207
-0.1248383 0.9085140 -0.0426411 160 180 207
-0.2259957 0.7463109 -0.0116105 160 180 207
-0.2371469 0.5335774 0.0387034 160 180 207
-0.0441602 1.0950123 0.0214151 160 180 207
-0.1053701 1.1136730 0.0897577 160 180 207
-0.1941451 0.5256790 0.0875351 160 180 207
-0.1193895 0.5284961 0.0523798 160 180 207
-0.0705453 0.7434903 -0.0044738 160 180 207
-0.0853368 0.7408320 0.0978670 160 180 207
-0.0869480 1.0645580 -0.0185605 160 180 207
-0.2237960 0.5735955 0.0823428 160 180 207
-0.2463785 0.6913113 0.0629706 160 180 207
-0.1859093 0.7671099 -0.0369151 160 180 207
-0.0928245 1.1854181 0.0300471 160 180 207
-0.2306564 0.5239466 0.0546697 160 180 207
-0.1641110 0.7236164 0.1212804 160 180 207
-0.1144775 0.6912822 0.1047013 160 180 207
-0.1088592 0.9467115 0.1226157 160 180 207
-0.1546127 0.6909586 -0.0426254 160 180 207
-0.1622609 0.8517579 0.1208304 160 180 207
-0.1618268 0.4817153 0.0386987 160 180 207
-0.0552224 1.0179703 -0.0029461 160 180 207
-0.1866086 1.0332948 0.0548155 160 180 207
-0.0899640 0.9235088 -0.0332436 160 180 207
-0.1543566 0.9104873 0.1193789 160 180 207
-0.0538859 1.1330398 0.0487119 160 180 207
-0.1436791 0.8267534 -0.0426359 160 180 207
-0.2143559 0.9177497 0.0535425 160 180 207
-0.1962767 0.7012938 -0.0311567 160 180 207
-0.1823110 0.9845355 0.0895993 160 180 207
-0.1874565 1.0088131 0.0715306 160 180 207
-0.0484742 0.8181942 0.0175685 160 180 207
-0.0608230 1.1056850 0.0035157 160 180 207
-0.0579795 1.1497533 0.0440939 160 180 207
-0.2080878 0.5075632 0.0751213 160 180 207
-0.0393183 0.9687444 0.0656744 160 180 207
-0.0665153 0.9370084 0.1023278 160 180 207
-0.2297565 0.8348248 0.0651831 160 180 207
-0.1627871 1.0580512 0.0012516 160 180 207
-0.1311626 0.8613288 0.1229717 160 180 207
-0.1366328 0.5332836 0.0046070 160 180 207
-0.2118278 0.6405620 0.1018510 160 180 207
-0.1897715 1.0362266 0.0453383 160 180 207
-0.1106526 1.1409878 0.0094725 160 180 207
-0.2217444 0.8023318 0.0842367 160 180 207
-0.0430547 0.9379780 0.0020611 160 180 207
-0.0923511 1.1617675 0.0645706 160 180 207
-0.2189914 0.4865923 0.0556273 160 180 207
-0.1994678 0.9238921 0.0875921 160 180 207
-0.1158725 0.5977251 -0.0027901 160 180 207
-0.2383439 0.5569197 0.0456820 160 180 207
-0.0515889 0.7815357 0.0474281 160 180 207
-0.0348358 0.9364193 0.0279402 160 180 207
-0.1095410 0.9321800 0.1218310 160 180 207
-0.1109184 0.9151363 -0.0400295 160 180 207
-0.1301602 0.5875627 0.0933490 160 180 207
-0.0397433 1.0480492 0.0259237 160 180 207
-0.0871177 0.6235393 0.0264415 160 180 207
-0.1889891 0.4676018 0.0502585 160 180 207
-0.2431705 0.5672767 0.0290729 160 180 207
-0.0696718 0.7010517 0.0177132 160 180 207
-0.2139546 0.7949815 0.0980184 160 180 207
-0.1753860 0.8936990 -0.0349062 160 180 207
-0.2298361 0.5876939 0.0812011 160 180 207
-0.0601027 1.1250997 0.0180020 160 180 207
-0.0589524 1.1312454 0.0278082 160 180 207
-0.0326524 0.9819499 0.0313247 160 180 207
-0.1469380 0.7952144 -0.0440690 160 180 207
-0.1280462 0.5252019 0.0338374 160 180 207
-0.0643523 0.8671807 -0.0135310 160 180 207
-0.1501885 0.6918179 -0.0367770 160 180 207
-0.2398178 0.7516258 0.0354211 160 180 207
-0.1316368 1.0359927 -0.0253146 160 180 207
-0.1609527 0.8767291 0.1197689 160 180 207
-0.1286564 1.1288085 0.0741150 160 180 207
-0.1000688 0.6211033 0.0839649 160 180 207
-0.2189670 0.6476024 0.0879158 160 180 207
-0.0777767 0.6555034 0.0443523 160 180 207
-0.0451608 0.8038679 0.0434248 160 180 207
-0.1999463 0.9967052 0.0537499 160 180 207
-0.0809574 0.7510399 -0.0148226 160 180 207
-0.1642547 0.6162329 -0.0282920 160 180 207
-0.1286909 0.5305975 0.0231963 160 180 207
-0.1380121 0.6790046 0.1178189 160 180 207
-0.2080999 0.7834638 0.1031309 160 180 207
-0.2232366 0.5564812 0.0807600 160 180 207
-0.2310207 0.8122802 0.0101401 160 180 207
-0.0412372 0.9897985 0.0653500 160 180 207
-0.1910493 0.9945163 0.0795488 160 180 207
-0.0693492 0.8910038 0.0985107 160 180 207
-0.1078045 0.5892613 0.0048885 160 180 207
-0.1147092 1.1051891 -0.0090497 160 180 207
-0.2332803 0.7859700 0.0066040 160 180 207
-0.1841798 0.4675193 0.0281138 160 180 207
-0.2092298 0.7974985 -0.0206501 160 180 207
-0.1046479 0.7310503 -0.0300256 160 180 207
-0.2059934 0.5826467 0.0941951 160 180 207
-0.0649920 1.0070710 -0.0163135 160 180 207
-0.1618364 0.4967711 0.0729660 160 180 207
-0.2196506 0.8221979 0.0894430 160 180 207
-0.0550505 1.0960013 0.0112137 160 180 207
-0.1741325 0.7821816 -0.0415791 160 180 207
-0.1009720 0.8149852 0.1202178 160 180 207
-0.1565347 1.0255535 0.1000668 160 180 207
-0.1829636 0.7787726 -0.0390459 160 180 207
-0.2407413 0.5869208 0.0221413 160 180 207
-0.2214759 0.8226967 0.0784578 160 180 207
-0.2053835 0.9045162 0.0900787 160 180 207
-0.1302587 0.7404891 0.1211756 160 180 207
-0.1794833 0.5816505 0.1036941 160 180 207
-0.1498895 0.5931520 0.1037408 160 180 207
-0.0851885 0.6315268 0.0236277 160 180 207
-0.0402876 0.9287064 0.0624760 160 180 207
-0.2353753 0.5258199 0.0340545 160 180 207
-0.1008810 1.1681045 0.0189318 160 180 207
-0.0842523 0.6799930 0.0854825 160 180 207
-0.1244036 0.6053979 -0.0141289 160 180 207
-0.0864629 0.6261432 0.0524214 160 180 207
-0.1114843 0.6483250 -0.0208645 160 180 207
-0.2188306 0.5614114 -0.0002950 160 180 207
-0.2144643 0.6501957 0.0972911 160 180 207
-0.2322314 0.7878271 0.0738721 160 180 207
-0.2238028 0.4989276 0.0427543 160 180 207
-0.1048165 1.0988418 0.0941455 160 180 207
-0.1713682 1.0416014 0.0757976 160 180 207
-0.0625157 1.0378274 0.0956418 160 180 207
-0.1979240 0.9363512 -0.0094022 160 180 207
-0.1391713 0.7421988 -0.0418875 160 180 207
-0.0822564 1.1754375 0.0251244 160 180 207
-0.0965487 1.1707673 0.0504969 160 180 207
-0.1975215 0.8984615 -0.0183028 160 180 207
-0.0758772 0.7783973 0.0979863 160 180 207
-0.0778504 1.0129714 -0.0238854 160 180 207
-0.1337241 0.9732032 0.1162262 160 180 207
-0.2286751 0.5597680 0.0782258 160 180 207
-0.1847248 0.8896514 -0.0282031 160 180 207
-0.1707518 0.4655169 0.0480442 160 180 207
-0.1745880 1.0597996 0.0124732 160 180 207
-0.1070748 0.9230961 0.1202749 160 180 207
-0.0769288 0.9344205 0.1075457 160 180 207
-0.2174796 0.8562467 0.0030168 160 180 207
-0.1057154 0.6421385 0.0954246 160 180 207
-0.2266660 0.6906918 -0.0087808 160 180 207
-0.1056818 1.1458839 0.0074157 160 180 207
-0.0730591 0.7037392 0.0079519 160 180 207
-0.0729780 1.0913948 -0.0100737 160 180 207
-0.0487277 1.0987127 0.0220048 160 180 207
-0.0534545 0.8641813 -0.0078208 160 180 207
-0.0404318 1.0721340 0.0350359 160 180 207
-0.1346031 0.5692620 -0.0102806 160 180 207
-0.0478022 0.9319323 0.0835193 160 180 207
-0.1345819 1.0360450 0.1019739 160 180 207
-0.0426260 0.8961544 0.0242891 160 180 207
-0.1826116 0.5697926 0.0998154 160 180 207
-0.2201563 0.8536960 0.0740633 160 180 207
-0.1471286 0.9654563 0.1116626 160 180 207
-0.1980803 0.7113425 0.1072882 160 180 207
-0.2250618 0.8833753 0.0368904 160 180 207
-0.1547338 0.9620167 0.1102138 160 180 207
-0.0769300 1.1741385 0.0324398 160 180 207
-0.0352480 0.9136688 0.0392629 160 180 207
-0.2144392 0.8674119 -0.0040858 160 180 207
-0.0373433 1.0222113 0.0260739 160 180 207
-0.0551297 0.9677646 0.0910194 160 180 207
-0.1624052 0.5840527 -0.0217164 160 180 207
-0.1293166 1.1518139 0.0582770 160 180 207
-0.1606966 0.9436886 0.1132008 160 180 207
-0.0511610 1.0678390 0.0699371 160 180 207
-0.2357067 0.5803741 0.0225145 160 180 207
-0.1536658 0.4988278 0.0682630 160 180 207
-0.2350286 0.6746176 0.0002487 160 180 207
-0.0807327 0.8891770 0.1080368 160 180 207
-0.1852009 0.5815249 0.1011135 160 180 207
-0.1449285 1.0004295 0.1089424 160 180 207
-0.1496937 0.8130870 -0.0425579 160 180 207
-0.0527136 1.0746177 0.0784999 160 180 207
-0.0811633 1.0709406 -0.0179791 160 180 207
-0.0770578 1.0112233 0.0992320 160 180 207
-0.1602826 0.6713315 0.1189582 160 180 207
-0.0858283 0.9386364 0.1104841 160 180 207
-0.2229217 0.5036933 0.0434071 160 180 207
-0.1734136 1.0418432 0.0043634 160 180 207
-0.2284069 0.7603843 0.0837562 160 180 207
-0.1516397 1.1199007 0.0209540 160 180 207
-0.1382661 0.7917957 -0.0427110 160 180 207
-0.0950933 1.0442472 0.1076274 160 180 207
-0.1596746 1.0287713 -0.0157699 160 180 207
-0.0517034 1.1077657 0.0659517 160 180 207
-0.1686823 0.9022554 -0.0366207 160 180 207
-0.1780689 0.5804530 -0.0253698 160 180 207
-0.1323777 1.0786995 -0.0148536 160 180 207
-0.0773806 0.9705493 0.1070135 160 180 207
-0.0581059 0.8713108 -0.0142322 160 180 207
-0.1802093 0.7961809 -0.0388602 160 180 207
-0.0843879 0.6584476 0.0004508 160 180 207
-0.1525496 0.8496540 -0.0423160 160 180 207
-0.1397214 0.5097373 0.0184480 160 180 207
-0.0887588 1.1199735 -0.0008163 160 180 207
-0.1415143 1.1000245 -0.0063649 160 180 207
-0.0668499 0.8268838 -0.0115699 160 180 207
-0.1860300 0.8482789 -0.0319700 160 180 207
-0.1043346 1.1597557 0.0667632 160 180 207
-0.0384192 1.0638041 0.0443371 160 180 207
-0.0548565 0.7794364 0.0122395 160 180 207
-0.0856255 0.8703922 0.1127549 160 180 207
-0.2329760 0.6139426 0.0802451 160 180 207
-0.1810676 0.6272770 -0.0310476 160 180 207
-0.1283624 0.9609764 0.1161342 160 180 207
-0.2472726 0.6331924 0.0429841 160 180 207
-0.0464841 0.7873313 0.0445009 160 180 207
-0.1583704 0.7175333 -0.0416282 160 180 207
-0.1853074 0.7284776 0.1153682 160 180 207
-0.1619346 1.1045183 0.0313432 160 180 207
-0.1956055 0.4744421 0.0315539 160 180 207
-0.1745152 0.5690996 0.1037163 160 180 207
-0.0504357 0.7773208 0.0340070 160 180 207
-0.0709585 0.9514576 0.1018877 160 180 207
-0.0368949 1.0400124 0.0250365 160 180 207
-0.1590784 0.6722052 0.1175432 160 180 207
-0.1502542 0.8787013 0.1227030 160 180 207
-0.0423903 0.8703490 0.0139079 160 180 207
-0.0677672 0.9408753 0.1026325 160 180 207
-0.1684527 1.0491927 0.0048872 160 180 207
-0.2109436 0.9298995 0.0092985 160 180 207
-0.0440835 1.0795336 0.0655495 160 180 207
-0.2394864 0.6736687 0.0082801 160 180 207
-0.1325793 1.1275258 0.0083900 160 180 207
-0.0549463 0.7474027 0.0171874 160 180 207
-0.2106541 0.5184046 0.0797627 160 180 207
-0.1028802 0.5980512 0.0817575 160 180 207
-0.1783866 0.6780679 -0.0342825 160 180 207
-0.1249149 0.8753716 0.1226832 160 180 207
-0.1329079 0.9635054 0.1145039 160 180 207
-0.1332119 1.0891662 -0.0067733 160 180 207
-0.1441001 0.5346361 0.0083834 160 180 207
-0.1375469 1.1380514 0.0681321 160 180 207
-0.1716733 0.8107196 -0.0366682 160 180 207
-0.1519972 0.7350625 0.1245040 160 180 207
-0.1663142 0.7803799 0.1233797 160 180 207
-0.0908134 0.6348876 0.0060348 160 180 207
-0.1608036 1.0814461 0.0714544 160 180 207
-0.1615980 0.4858240 0.0212772 160 180 207
-0.2175820 0.5016810 0.0182518 160 180 207
-0.1915083 0.8575745 -0.0313394 160 180 207
-0.2226543 0.6820943 -0.0117575 160 180 207
-0.1639210 0.4854173 0.0133544 160 180 207
-0.1297896 0.5279872 0.0155145 160 180 207
-0.0766136 1.1504593 0.0657107 160 180 207
-0.1902430 0.7995363 -0.0364600 160 180 207
-0.1465039 0.4994009 0.0386739 160 180 207
-0.1743373 0.5244910 -0.0097955 160 180 207
-0.2340282 0.5214656 0.0511959 160 180 207
-0.2430018 0.7529082 0.0420358 160 180 207
-0.1198953 0.5356486 0.0262483 160 180 207
-0.0686654 0.7296159 0.0784401 160 180 207
-0.2204189 0.5554616 -0.0010786 160 180 207
-0.1811289 1.0489601 0.0516515 160 180 207
-0.2168049 0.4980580 0.0494040 160 180 207
-0.1851218 0.5612887 0.1025134 160 180 207
-0.2384587 0.7740932 0.0132791 160 180 207
-0.1967449 0.9925167 0.0127615 160 180 207
-0.0590779 0.9458877 0.0932435 160 180 207
-0.0983921 0.5911247 0.0344545 160 180 207
-0.0375738 1.0569961 0.0196446 160 180 207
-0.1983938 0.9752333 0.0105608 160 180 207
-0.1315289 0.6171254 -0.0220696 160 180 207
-0.0679686 0.7687836 -0.0068781 160 180 207
-0.0726582 0.8195989 -0.0175804 160 180 207
-0.1706178 0.7464305 -0.0388019 160 180 207
-0.0764701 1.1658504 0.0285911 160 180 207
-0.0464191 0.8138285 0.0449793 160 180 207
-0.2133304 0.8649521 -0.0090859 160 180 207
-0.1458450 0.9866551 0.1131777 160 180 207
-0.2340758 0.6871850 0.0796299 160 180 207
-0.1369823 0.7348757 0.1225827 160 180 207
-0.0999139 0.6586735 -0.0161696 160 180 207
-0.0476056 1.0692323 0.0015265 160 180 207
-0.2244676 0.8635848 0.0698020 160 180 207
-0.1167445 0.6644102 -0.0270251 160 180 207
-0.1269788 0.6486998 -0.0270042 160 180 207
-0.0684682 1.0498985 -0.0161605 160 180 207
-0.1822105 1.0449427 0.0646455 160 180 207
-0.1898130 0.4728923 0.0241746 160 180 207
-0.0602185 0.9362981 0.0944677 160 180 207
-0.1341134 0.5488728 -0.0013295 160 180 207
-0.0568877 1.1522735 0.0348841 160 180 207
-0.2161710 0.4941325 0.0391684 160 180 207
-0.0618564 0.7463753 0.0117602 160 180 207
-0.1450066 1.0782015 -0.0069878 160 180 207
-0.2418241 0.6059712 0.0445695 160 180 207
-0.1356469 1.1459010 0.0254340 160 180 207
-0.1820483 0.9745747 0.0939409 160 180 207
-0.0628232 0.7906671 -0.0061708 160 180 207
-0.2174612 0.6257446 0.0922575 160 180 207
-0.1948548 0.6622527 0.1075107 160 180 207
-0.1433491 1.0323849 0.1026876 160 180 207
-0.0399402 0.8983213 0.0657812 160 180 207
-0.1093600 0.6282933 0.0976300 160 180 207
-0.1753258 1.0412030 0.0087808 160 180 207
-0.1220783 0.8918427 0.1241568 160 180 207
-0.1130897 0.9742236 0.1161732 160 180 207
-0.0536885 1.0565059 -0.0013810 160 180 207
-0.1840608 0.4902874 0.0653239 160 180 207
-0.0585286 0.9970098 0.0936750 160 180 207
-0.1800173 0.8795734 0.1131805 160 180 207
-0.1412690 0.5744013 -0.0128399 160 180 207
-0.1702381 0.7174442 -0.0405977 160 180 207
-0.0678251 0.6934432 0.0276173 160 180 207
-0.0433340 1.0913289 0.0414952 160 180 207
-0.0923495 1.1658319 0.0520438 160 180 207
-0.0695317 0.8497187 -0.0216680 160 180 207
-0.0885007 1.1620808 0.0623898 160 180 207
-0.0455059 0.8178355 0.0254366 160 180 207
-0.2439983 0.6410688 0.0138940 160 180 207
-0.2394299 0.7659668 0.0296085 160 180 207
-0.1147752 0.6704061 -0.0260822 160 180 207
-0.1811893 0.9179936 0.1060650 160 180 207
-0.1561549 0.4928791 0.0180950 160 180 207
-0.1369392 0.5917570 -0.0214429 160 180 207
-0.0658029 1.0954810 -0.0023951 160 180 207
-0.0614679 1.0159333 -0.0119034 160 180 207
-0.1757612 0.9003564 -0.0322977 160 180 207
-0.1351286 1.1447856 0.0277847 160 180 207
-0.2088929 0.4815381 0.0181066 160 180 207
-0.1295925 0.5641096 0.0915096 160 180 207
-0.1674234 0.8114246 0.1233679 160 180 207
-0.2104269 0.6634933 0.0987688 160 180 207
-0.1283573 0.8757160 0.1258680 160 180 207
-0.2099674 0.5022579 0.0227579 160 180 207
-0.1932582 0.6720906 -0.0311542 160 180 207
-0.1740742 0.5349629 -0.0133160 160 180 207
-0.1463016 0.9291328 -0.0392421 160 180 207
-0.1193645 1.1568118 0.0146718 160 180 207
-0.2142352 0.6214689 -0.0144206 160 180 207
-0.0556842 0.7507437 0.0496258 160 180 207
-0.0701898 1.1471822 0.0597975 160 180 207
-0.1484316 0.8895575 0.1201524 160 180 207
-0.1326398 1.0453954 -0.0205645 160 180 207
-0.1912781 0.4919707 0.0034188 160 180 207
-0.0382596 0.9663081 0.0654346 160 180 207
-0.2395863 0.7689006 0.0660354 160 180 207
-0.2163279 0.5296810 0.0769748 160 180 207
-0.2463039 0.6894214 0.0319260 160 180 207
-0.1371885 1.1233308 0.0715795 160 180 207
-0.0428080 1.0878104 0.0470380 160 180 207
-0.1402692 1.1036888 0.0001575 160 180 207
-0.1781561 1.0038643 -0.0021677 160 180 207
-0.1678282 1.0677259 0.0149134 160 180 207
-0.0557012 0.8495054 -0.0001485 160 180 207
-0.1815152 0.5470507 -0.0150480 160 180 207
-0.2094581 0.8110370 0.1008694 160 180 207
-0.2443560 0.7252731 0.0343786 160 180 207
-0.0547974 1.0586274 -0.0035777 160 180 207
-0.0575701 1.0468736 -0.0039304 160 180 207
-0.1409198 0.6955932 0.1239762 160 180 207
-0.1374424 0.9571502 -0.0371033 160 180 207
-0.1948401 1.0274459 0.0391234 160 180 207
-0.0831556 0.6960882 0.0858522 160 180 207
-0.1017352 0.6227823 0.0004875 160 180 207
-0.1430395 0.8222210 -0.0454803 160 180 207
-0.1190507 0.7849802 -0.0426200 160 180 207
-0.2095341 0.9562367 0.0577720 160 180 207
-0.0817367 0.6320770 0.0434143 160 180 207
-0.2086456 0.7827774 0.1013231 160 180 207
-0.0944878 1.1671467 0.0212341 160 180 207
-0.2029646 0.9632204 0.0699957 160 180 207
-0.1840724 1.0076808 0.0815633 160 180 207
-0.2366300 0.7177172 0.0014246 160 180 207
-0.0751396 0.8418418 -0.0240108 160 180 207
-0.1385378 0.9261729 0.1189130 160 180 207
-0.2254685 0.4992269 0.0434064 160 180 207
-0.1700801 0.8850132 -0.0375795 160 180 207
-0.1656423 1.0602641 0.0750971 160 180 207
-0.1337844 1.0455122 0.1036309 160 180 207
-0.1535947 0.6421317 -0.0352067 160 180 207
-0.1597412 1.0450482 0.0845371 160 180 207
-0.1851595 0.4664088 0.0312364 160 180 207
-0.1158033 1.1638103 0.0606876 160 180 207
-0.0794892 0.8768496 0.1067006 160 180 207
-0.0641118 0.8272898 -0.0117442 160 180 207
-0.1825427 0.7791460 0.1163563 160 180 207
-0.1978552 0.6702327 0.1101482 160 180 207
-0.0369072 0.9211514 0.0236069 160 180 207
-0.1137125 0.8649256 0.1240519 160 180 207
-0.0977873 0.6161581 0.0786133 160 180 207
-0.1170408 0.5877100 -0.0034784 160 180 207
-0.0352914 0.9492208 0.0350650 160 180 207
-0.1816106 1.0451380 0.0494019 160 180 207
-0.1836004 0.8166863 -0.0350249 160 180 207
-0.2064463 0.9200516 0.0856163 160 180 207
-0.0551845 1.1070317 0.0631451 160 180 207
-0.1698910 0.7116519 -0.0399162 160 180 207
-0.0610379 1.1226181 0.0742949 160 180 207
-0.0744068 1.1749057 0.0327967 160 180 207
-0.1994639 0.9214687 -0.0099787 160 180 207
-0.1413959 1.0382377 0.0988483 160 180 207
-0.1532565 0.5283178 -0.0048218 160 180 207
-0.0878071 1.0715659 -0.0171056 160 180 207
-0.1714291 0.9304036 -0.0315291 160 180 207
-0.0794169 0.9887961 -0.0261092 160 180 207
-0.1552848 0.4898241 0.0482741 160 180 207
-0.0575823 0.7335725 0.0325034 160 180 207
-0.1442384 0.5887780 -0.0241867 160 180 207
-0.0691003 0.7769910 -0.0079600 160 180 207
-0.0954428 1.0495514 0.1039228 160 180 207
-0.1598618 1.0167931 -0.0116893 160 180 207
-0.1297078 0.6317460 -0.0217850 160 180 207
-0.1207210 0.8326768 -0.0444455 160 180 207
-0.1751336 0.5854455 0.1035459 160 180 207
-0.1158191 1.0648160 -0.0203703 160 180 207
-0.2288669 0.6306368 -0.0009601 160 180 207
-0.2390102 0.5738365 0.0490492 160 180 207
-0.2212742 0.7794799 0.0913275 160 180 207
-0.0724006 1.0202795 -0.0198016 160 180 207
-0.1699361 1.0393765 0.0014438 160 180 207
-0.1776541 0.6023880 0.1029226 160 180 207
-0.1801281 0.4666049 0.0506184 160 180 207
-0.0521230 1.0695813 0.0039261 160 180 207
-0.0476701 0.9915453 0.0026830 160 180 207
-0.1389458 0.7212033 -0.0399623 160 180 207
-0.1964558 0.8005576 0.1108344 160 180 207
-0.1629465 1.0626631 0.0073610 160 180 207
-0.0600616 1.1512445 0.0446048 160 180 207
-0.0601488 0.9392241 0.0954903 160 180 207
-0.1441493 0.5724774 -0.0130016 160 180 207
-0.1277939 0.7550744 0.1227527 160 180 207
-0.0920254 1.1851934 0.0306908 160 180 207
-0.2203118 0.8626764 0.0049237 160 180 207
-0.0638690 0.7130190 0.0553040 160 180 207
-0.0373970 0.8829284 0.0258064 160 180 207
-0.2405998 0.7871321 0.0343898 160 180 207
-0.1560235 0.4947325 0.0176697 160 180 207
-0.0852162 0.6278442 0.0445547 160 180 207
-0.0896271 1.1776083 0.0486644 160 180 207
-0.2255311 0.7011829 -0.0115818 160 180 207
-0.0307125 0.9539179 0.0372920 160 180 207
-0.0390299 0.9914274 0.0625079 160 180 207
-0.0488912 0.8775015 0.0017556 160 180 207
-0.2303018 0.8389892 0.0160726 160 180 207
-0.0558262 1.1199121 0.0737727 160 180 207
-0.1162554 1.0643380 0.1003706 160 180 207
-0.2016106 0.6600052 0.1065344 160 180 207
-0.1105060 0.7437426 0.1142845 160 180 207
-0.2381614 0.7772618 0.0598779 160 180 207
-0.1686743 0.4960545 0.0051914 160 180 207
-0.1767989 0.5605421 0.1001583 160 180 207
-0.2118954 0.4966326 0.0192967 160 180 207
-0.0864629 0.6258113 0.0375701 160 180 207
-0.1140306 0.9354863 -0.0394180 160 180 207
-0.1151870 0.9459574 -0.0404407 160 180 207
-0.0603958 0.7280909 0.0451732 160 180 207
-0.1436563 0.9045090 0.1227789 160 180 207
-0.1224022 1.1065946 -0.0068351 160 180 207
-0.1996752 0.7723671 -0.0285053 160 180 207
-0.1251374 0.9469639 -0.0413110 160 180 207
-0.2330553 0.5728930 0.0741504 160 180 207
-0.2318001 0.5210962 0.0340203 160 180 207
-0.2114504 0.5273094 -0.0042819 160 180 207
-0.1999278 0.6975336 -0.0273089 160 180 207
-0.2269469 0.8368322 0.0660154 160 180 207
-0.2124704 0.8795427 -0.0052022 160 180 207
-0.2382040 0.5873599 0.0150587 160 180 207
-0.2449764 0.7034798 0.0490497 160 180 207
-0.1178425 1.1028024 0.0896864 160 180 207
-0.1977301 0.6801629 0.1090571 160 180 207
-0.1074654 1.0258996 -0.0282186 160 180 207
-0.0389987 0.9608273 0.0644300 160 180 207
-0.1826662 0.4733529 0.0230131 160 180 207
-0.0819019 0.9123812 -0.0327033 160 180 207
-0.1538023 0.5223176 0.0809408 160 180 207
-0.0844226 0.6447818 0.0633859 160 180 207
-0.1441422 0.7204757 0.1229903 160 180 207
-0.2197163 0.7720670 0.0885587 160 180 207
-0.1681363 0.8896853 -0.0355400 160 180 207
-0.1069429 0.9881185 0.1131318 160 180 207
-0.0765294 1.0675424 0.0962963 160 180 207
-0.1644347 0.6585532 -0.0341749 160 180 207
-0.2092242 0.7727411 -0.0225409 160 180 207
-0.1226460 0.5772884 0.0876769 160 180 207
-0.0864112 1.1687789 0.0595838 160 180 207
-0.0822023 1.1565757 0.0118303 160 180 207
-0.1125111 0.8850558 -0.0412354 160 180 207
-0.0796969 0.8950795 -0.0281261 160 180 207
-0.1894773 0.6393456 -0.0302882 160 180 207
-0.1070760 1.0173619 -0.0292403 160 180 207
-0.1724577 0.7591568 -0.0386905 160 180 207
-0.2070112 0.7737393 -0.0219810 160 180 207
-0.1663608 0.9532439 0.1102687 160 180 207
-0.1869884 0.5272793 -0.0078669 160 180 207
-0.1281397 1.1632162 0.0381784 160 180 207
-0.2364209 0.6924725 0.0805994 160 180 207
-0.0600605 0.7426221 0.0137997 160 180 207
-0.1225461 0.7718959 0.1203890 160 180 207
-0.0934217 1.0650046 -0.0236231 160 180 207
-0.2349592 0.8421080 0.0494534 160 180 207
-0.1759383 1.0391579 0.0059124 160 180 207
-0.1034326 1.1078794 0.0899755 160 180 207
-0.2411338 0.7820744 0.0412054 160 180 207
-0.2458837 0.6325469 0.0355205 160 180 207
-0.1821281 0.6956676 0.1180072 160 180 207
-0.0778839 0.9999343 -0.0275019 160 180 207
-0.1274913 0.6152422 -0.0228292 160 180 207
-0.1722693 0.4826548 0.0488972 160 180 207
-0.0779959 0.8776939 0.1091824 160 180 207
-0.2135390 0.6552199 -0.0204712 160 180 207
-0.1792097 0.9899297 -0.0126416 160 180 207
-0.0532113 1.0222676 -0.0052433 160 180 207
-0.0392379 0.9580581 0.0136008 160 180 207
-0.1907360 0.5322679 0.0900781 160 180 207
-0.2463369 0.6907371 0.0235144 160 180 207
-0.0732592 0.6827459 0.0500177 160 180 207
-0.1204589 1.0803609 0.0967507 160 180 207
-0.0635230 0.6947535 0.0481314 160 180 207
-0.1790069 1.0503458 0.0313529 160 180 207
-0.1823762 0.8431631 0.1159122 160 180 207
-0.1126265 0.8499535 -0.0403951 160 180 207
-0.0487636 1.0861633 0.0107804 160 180 207
-0.1723313 1.0749886 0.0547624 160 180 207
-0.0580760 1.0931565 -0.0001171 160 180 207
-0.1773989 1.0608594 0.0316080 160 180 207
-0.0538382 0.7641185 0.0462528 160 180 207
-0.2406060 0.5852041 0.0537206 160 180 207
-0.0964399 1.0679442 0.1010685 160 180 207
-0.0676224 1.1141863 0.0028335 160 180 207
-0.1267649 0.5394952 0.0609244 160 180 207
-0.1794245 0.9000084 -0.0294095 160 180 207
-0.2070315 0.9281949 0.0725244 160 180 207
-0.0975445 1.1613286 0.0244599 160 180 207
-0.1242471 0.7891822 0.1210570 160 180 207
-0.2178607 0.6473371 0.0959506 160 180 207
-0.1744994 0.4541928 0.0421895 160 180 207
-0.1821098 1.0388169 0.0653269 160 180 207
-0.1314920 0.5887498 0.0931600 160 180 207
-0.0522174 1.0718091 0.0054388 160 180 207
-0.1081928 0.8950917 0.1225577 160 180 207
-0.0412814 0.8393639 0.0627860 160 180 207
-0.1565444 0.9029853 -0.0376449 160 180 207
-0.1273500 0.5380397 0.0124573 160 180 207
-0.1317194 1.1041828 -0.0070110 160 180 207
-0.0635202 0.7013652 0.0444566 160 180 207
-0.1170411 0.8919852 -0.0418329 160 180 207
-0.1070405 0.8754670 0.1221917 160 180 207
-0.1192989 1.1497332 0.0188819 160 180 207
-0.0712489 0.6732315 0.0406363 160 180 207
-0.2089455 0.4778321 0.0547314 160 180 207
-0.0573403 0.9574200 0.0938738 160 180 207
-0.1250311 1.0183371 -0.0307212 160 180 207
-0.2141246 0.9138615 0.0690420 160 180 207
-0.1831568 0.8577562 0.1122367 160 180 207
-0.1511170 0.9703643 -0.0330310 160 180 207
-0.1001803 0.8477287 0.1198430 160 180 207
0.1316407 0.9471365 0.1170876 160 180 207
0.1203349 0.7162052 0.1177528 160 180 207
0.0623658 0.8916692 -0.0124829 160 180 207
0.2249516 0.8854082 0.0549750 160 180 207
0.1203752 0.9180337 -0.0410023 160 180 207
0.1343140 0.5391238 0.0037021 160 180 207
0.0981785 0.5902473 0.0283751 160 180 207
0.1948247 0.9645679 0.0101674 160 180 207
0.1852962 0.7291148 0.1201518 160 180 207
0.1575848 0.5585611 -0.0131853 160 180 207
0.1031493 1.0760726 0.0970773 160 180 207
0.1569997 1.0116364 -0.0212201 160 180 207
0.2247609 0.5972285 -0.0039674 160 180 207
0.0897457 1.1228265 0.0882247 160 180 207
0.0968759 1.1605915 0.0200507 160 180 207
0.2306696 0.7738889 0.0812322 160 180 207
0.1921448 1.0092481 0.0637402 160 180 207
0.1594088 1.0936209 0.0185946 160 180 207
0.0889236 0.9806686 0.1155990 160 180 207
0.2282397 0.7308692 0.0810695 160 180 207
0.1687969 0.6386688 0.1129087 160 180 207
0.2050712 0.6238009 0.1025160 160 180 207
0.1936309 0.8391541 0.1078776 160 180 207
0.2060240 0.5900319 -0.0168494 160 180 207
0.0769048 0.7391167 -0.0106725 160 180 207
0.2189884 0.9119582 0.0456632 160 180 207
0.2116899 0.6213372 -0.0165368 160 180 207
0.2224255 0.7154986 -0.0141776 160 180 207
0.1201522 0.5386084 0.0314593 160 180 207
0.2161258 0.5372381 0.0801293 160 180 207
0.1454220 0.7101979 0.1222151 160 180 207
0.0830451 1.1345918 0.0825070 160 180 207
0.1104539 0.6346153 -0.0153107 160 180 207
0.1919738 0.6658202 -0.0332004 160 180 207
0.1612978 0.6618543 -0.0345923 160 180 207
0.1411823 0.6346298 -0.0294505 160 180 207
0.0383943 1.0800205 0.0467903 160 180 207
0.0571463 1.1465024 0.0508210 160 180 207
0.0536819 1.1036142 0.0114513 160 180 207
0.0930739 0.7681487 0.1109996 160 180 207
0.1589955 0.8006920 0.1252650 160 180 207
0.1859793 0.7807893 0.1157664 160 180 207
0.0564865 0.9571002 -0.0133103 160 180 207
0.1429298 0.9697191 -0.0357318 160 180 207
0.2387307 0.5695380 0.0538116 160 180 207
0.1468784 0.9437609 0.1168207 160 180 207
0.2481674 0.6957028 0.0371255 160 180 207
0.1350991 0.5891322 0.0933135 160 180 207
0.2279071 0.6660429 -0.0076423 160 180 207
0.1073105 1.0725725 0.1016180 160 180 207
0.0409683 0.9781358 0.0694328 160 180 207
0.0879767 0.6251817 0.0574995 160 180 207
0.1955929 0.5870198 -0.0245239 160 180 207
0.2177050 0.5748666 -0.0041287 160 180 207
0.1228211 0.5657340 0.0852491 160 180 207
0.0515098 0.8518885 0.0787518 160 180 207
0.1149878 0.9573461 -0.0381439 160 180 207
0.1618305 0.6139256 -0.0280724 160 180 207
0.2294650 0.6777350 -0.0079907 160 180 207
0.2010124 0.9742868 0.0239823 160 180 207
0.1987794 0.5335351 -0.0037072 160 180 207
0.0969682 0.8078372 0.1180407 160 180 207
0.2149095 0.5628763 0.0818635 160 180 207
0.1429462 0.8216669 -0.0414806 160 180 207
0.0440294 0.8463594 0.0231615 160 180 207
0.0680029 0.7114395 0.0629331 160 180 207
0.1338534 1.1345698 0.0745652 160 180 207
0.0996504 0.5952522 0.0218566 160 180 207
0.1751398 0.4988576 0.0032909 160 180 207
0.2230567 0.7716604 0.0880279 160 180 207
0.1010052 1.0844086 -0.0154358 160 180 207
0.2176250 0.6386817 0.0964316 160 180 207
0.2333720 0.8440337 0.0248482 160 180 207
0.0796052 0.6687993 0.0181458 160 180 207
0.2124591 0.6515408 -0.0218263 160 180 207
0.0337693 0.9361587 0.0513423 160 180 207
0.0782722 1.1330914 -0.0022264 160 180 207
0.1246511 0.7200480 0.1206455 160 180 207
0.0981897 0.5867592 0.0507500 160 180 207
0.1089214 1.1521662 0.0662277 160 180 207
0.2241902 0.5093384 0.0365404 160 180 207
0.0971724 0.5940721 0.0228380 160 180 207
0.2310351 0.8263411 0.0187318 160 180 207
0.1896586 1.0218537 0.0419547 160 180 207
0.0548464 0.8029606 0.0672965 160 180 207
0.1493841 1.0121301 -0.0245578 160 180 207
0.1891549 1.0319803 0.0365862 160 180 207
0.2087752 0.9058988 0.0746391 160 180 207
0.0381396 0.9449776 0.0177731 160 180 207
0.0478422 0.8264730 0.0184788 160 180 207
0.0689934 1.0432197 0.0953668 160 180 207
0.1936535 0.8222883 0.1107453 160 180 207
0.2218384 0.5530691 0.0809060 160 180 207
0.0967137 1.1446846 0.0081326 160 180 207
0.2279063 0.7944115 0.0060999 160 180 207
0.1229341 0.9517281 0.1189940 160 180 207
0.2061899 0.4623974 0.0448785 160 180 207
0.1258808 1.1005163 -0.0065900 160 180 207
0.0806360 1.0412480 0.1010714 160 180 207
0.1287046 1.0623037 -0.0163626 160 180 207
0.0627966 1.1220843 0.0704232 160 180 207
0.1904688 0.7457148 -0.0369909 160 180 207
0.2147991 0.7000317 -0.0235114 160 180 207
0.2372412 0.6703299 0.0056528 160 180 207
0.1037603 0.7615300 -0.0338360 160 180 207
0.2274975 0.8699650 0.0349590 160 180 207
0.2434965 0.7240025 0.0565479 160 180 207
0.0546632 0.9457580 -0.0116558 160 180 207
0.2032561 0.9757265 0.0190959 160 180 207
0.1954006 0.9164159 -0.0168946 160 180 207
0.1606706 0.5584270 -0.0179225 160 180 207
0.0993390 0.5959784 0.0136551 160 180 207
0.1816384 0.9983860 0.0874292 160 180 207
0.1133064 0.5798624 0.0038367 160 180 207
0.1747842 0.5648734 -0.0228998 160 180 207
0.0600810 1.0250950 -0.0087020 160 180 207
0.0486171 1.1012262 0.0348135 160 180 207
0.2316771 0.5315465 0.0527206 160 180 207
0.0405771 0.9694168 0.0088349 160 180 207
0.1745521 0.7171763 -0.0385664 160 180 207
0.1708649 0.7508686 -0.0417506 160 180 207
0.0813767 1.1727197 0.0626392 160 180 207
0.0436449 0.8837872 0.0096678 160 180 207
0.0802124 0.6833083 0.0755535 160 180 207
0.1512575 0.8291484 0.1211747 160 180 207
0.0608420 0.7809121 0.0699750 160 180 207
0.1313054 1.1293993 0.0636507 160 180 207
0.1721251 1.0296581 0.0007197 160 180 207
0.0887161 0.9372091 0.1140969 160 180 207
0.2049626 0.8415704 -0.0222742 160 180 207
0.0655245 1.1317354 0.0266049 160 180 207
0.1153691 1.0803707 0.0987676 160 180 207
0.1904008 0.9198759 0.0975306 160 180 207
0.0902297 0.6176505 0.0275731 160 180 207
0.2172548 0.5799563 0.0897166 160 180 207
0.2453741 0.6972096 0.0251959 160 180 207
0.1105829 0.7056689 -0.0285135 160 180 207
0.1863445 0.5947078 0.1028782 160 180 207
0.2152719 0.9023044 0.0768612 160 180 207
0.2245526 0.8002070 -0.0038289 160 180 207
0.1503024 1.0309078 0.1020062 160 180 207
0.0554212 1.0689470 0.0770345 160 180 207
0.0495950 0.8308801 0.0008130 160 180 207
0.1660035 0.9313993 0.1136916 160 180 207
0.1296877 0.5492005 0.0790849 160 180 207
0.2434920 0.6632958 0.0164010 160 180 207
0.1058095 1.1695231 0.0400625 160 180 207
0.2198806 0.6213338 -0.0108114 160 180 207
0.0700315 0.7693678 0.0915758 160 180 207
0.0367378 0.8887476 0.0403846 160 180 207
0.0836803 1.1351227 0.0051342 160 180 207
0.2272093 0.7181802 0.0909961 160 180 207
0.2458008 0.6186388 0.0471401 160 180 207
0.1912663 1.0231718 0.0253815 160 180 207
0.0373043 0.9691843 0.0294879 160 180 207
0.1103002 1.0365669 -0.0302228 160 180 207
0.1183176 0.6862746 -0.0351797 160 180 207
0.1344697 0.7153138 0.1191345 160 180 207
0.1254732 0.6742402 -0.0310846 160 180 207
0.1951378 0.4719029 0.0304965 160 180 207
0.2271456 0.5493518 0.0736511 160 180 207
0.0855825 0.7925823 -0.0265339 160 180 207
0.0938427 0.7381842 -0.0255632 160 180 207
0.1770390 1.0577135 0.0526416 160 180 207
0.1175055 0.5828422 0.0047420 160 180 207
0.2185777 0.8641804 0.0787701 160 180 207
0.1614408 0.9347639 -0.0306171 160 180 207
0.0454360 0.9086331 0.0045088 160 180 207
0.1297013 1.1015583 -0.0079929 160 180 207
0.1086600 1.0165696 -0.0329972 160 180 207
0.1996708 0.6223546 0.1033789 160 180 207
0.1955471 0.7806715 -0.0314887 160 180 207
0.0475226 0.7939215 0.0245546 160 180 207
0.1910790 1.0095713 0.0672801 160 180 207
0.1075432 1.1507676 0.0152657 160 180 207
0.1336506 1.1546640 0.0317979 160 180 207
0.0815346 1.1719511 0.0328814 160 180 207
0.1789401 0.4623487 0.0384944 160 180 207
0.0813233 0.6361684 0.0343547 160 180 207
0.0446222 0.8169793 0.0326510 160 180 207
0.0579051 1.0880057 -0.0041230 160 180 207
0.0445712 0.8299181 0.0606085 160 180 207
0.1372093 0.5131898 0.0576734 160 180 207
0.2009106 0.9512197 0.0088460 160 180 207
0.2477831 0.6423891 0.0472432 160 180 207
0.2437849 0.5870845 0.0301950 160 180 207
0.0430247 0.8660182 0.0104073 160 180 207
0.1617236 0.4949254 0.0130191 160 180 207
0.0467615 1.1009580 0.0549197 160 180 207
0.1666926 0.5928246 -0.0269587 160 180 207
0.0787166 1.1066171 -0.0111029 160 180 207
0.0397813 0.8604581 0.0375763 160 180 207
0.0572602 0.7532084 0.0524602 160 180 207
0.2405969 0.7998252 0.0387857 160 180 207
0.1703182 0.7591377 -0.0396513 160 180 207
0.2176848 0.9232052 0.0319446 160 180 207
0.1627966 0.4738108 0.0334970 160 180 207
0.1474622 0.9948111 -0.0258425 160 180 207
0.2140408 0.6756831 -0.0201448 160 180 207
0.1950320 0.6976170 0.1117554 160 180 207
0.1826629 0.4647758 0.0482932 160 180 207
0.1950251 0.9612054 0.0800734 160 180 207
0.0839568 0.7897072 0.1069975 160 180 207
0.0549812 0.7506394 0.0475578 160 180 207
0.0623915 0.7310423 0.0115140 160 180 207
0.1462294 0.8935016 0.1211366 160 180 207
0.2124651 0.6802179 -0.0204768 160 180 207
0.0598339 1.1524197 0.0299788 160 180 207
0.1868000 0.4659532 0.0461236 160 180 207
0.1194715 0.6475316 -0.0221683 160 180 207
0.0459708 1.0657490 0.0056140 160 180 207
0.1582967 0.9215782 0.1178947 160 180 207
0.2446708 0.6477152 0.0457078 160 180 207
0.1234892 1.1177315 -0.0023218 160 180 207
0.1740113 0.9664479 -0.0206257 160 180 207
0.1691688 1.0741159 0.0246935 160 180 207
0.0352946 1.0009199 0.0585258 160 180 207
0.2163659 0.7796502 0.0954084 160 180 207
0.2022659 0.7090367 0.1082863 160 180 207
0.2006622 0.7996025 -0.0277371 160 180 207
0.1852817 1.0447206 0.0346500 160 180 207
0.0435061 1.0557224 0.0162294 160 180 207
0.1096930 1.1670538 0.0321044 160 180 207
0.0965808 0.6232731 0.0083831 160 180 207
0.1370904 1.0802189 -0.0148003 160 180 207
0.0752359 0.8666271 0.1065803 160 180 207
0.2370974 0.5608793 0.0624449 160 180 207
0.1620920 0.6875903 -0.0403969 160 180 207
0.0596512 0.9482778 -0.0121757 160 180 207
0.0406625 0.9028314 0.0737088 160 180 207
0.1751143 1.0621321 0.0191635 160 180 207
0.0999800 1.0949794 0.0954982 160 180 207
0.0560091 0.7851239 0.0083820 160 180 207
0.0654206 1.1441451 0.0646173 160 180 207
0.1153048 0.5529191 0.0540076 160 180 207
0.0659118 0.7175055 0.0620933 160 180 207
0.2274282 0.5219740 0.0311057 160 180 207
0.1624101 0.9369781 0.1121190 160 180 207
0.2183503 0.5795972 0.0826957 160 180 207
0.1971881 0.5277057 -0.0078587 160 180 207
0.1955561 0.9999518 0.0260399 160 180 207
0.0477193 0.7910435 0.0510604 160 180 207
0.1420413 0.5842247 -0.0153863 160 180 207
0.0730530 0.8811389 0.1067719 160 180 207
0.1700323 0.9777181 -0.0224646 160 180 207
0.1965608 0.8805563 -0.0232840 160 180 207
0.2416511 0.5832110 0.0161442 160 180 207
0.0872136 0.8518141 0.1114683 160 180 207
0.1673389 1.0284711 -0.0109102 160 180 207
0.2016686 0.5042668 0.0754421 160 180 207
0.2057073 0.5422412 0.0867299 160 180 207
0.0523981 0.8204842 0.0719195 160 180 207
0.1501128 0.5996875 0.1032324 160 180 207
0.0458574 0.9266862 0.0798993 160 180 207
0.1026153 0.9934312 -0.0359688 160 180 207
0.0670289 1.0968611 0.0827383 160 180 207
0.1313447 1.0908500 -0.0066104 160 180 207
0.0921387 0.9725388 0.1148927 160 180 207
0.1200811 1.1114534 0.0824891 160 180 207
0.0456379 0.8216666 0.0225587 160 180 207
0.1734128 1.0211513 -0.0071398 160 180 207
0.1573366 0.4954791 0.0119872 160 180 207
0.2386068 0.6696469 0.0053727 160 180 207
0.2243115 0.8699630 0.0169475 160 180 207
0.0696375 0.9033978 0.1021380 160 180 207
0.0389987 1.0230935 0.0537793 160 180 207
0.0924545 1.0918099 0.0927436 160 180 207
0.1712698 0.8734744 0.1153783 160 180 207
0.0931100 0.6132341 0.0622358 160 180 207
0.1955064 0.5961304 0.1014885 160 180 207
0.1094457 1.0263333 0.1100120 160 180 207
0.0462671 1.0359491 0.0035995 160 180 207
0.1378509 0.7655811 -0.0429262 160 180 207
0.1640985 1.0238388 0.0955778 160 180 207
0.1514593 0.4892391 0.0274292 160 180 207
0.1322775 0.5449067 0.0052703 160 180 207
0.1533923 0.7741382 -0.0438121 160 180 207
0.1724329 0.7036096 0.1181088 160 180 207
0.1349530 0.5519551 0.0816578 160 180 207
0.1245416 1.0726612 0.0964181 160 180 207
0.0394483 0.9155118 0.0589775 160 180 207
0.1727168 0.4830101 0.0599551 160 180 207
0.0926309 0.7916447 -0.0299334 160 180 207
0.1676373 0.7427614 -0.0408460 160 180 207
0.1105313 1.0450627 0.1072056 160 180 207
0.1308260 0.5469474 0.0041979 160 180 207
0.2141314 0.6016191 -0.0108270 160 180 207
0.0451519 0.8156338 0.0228424 160 180 207
0.0636650 0.9099988 -0.0214149 160 180 207
0.1878851 0.4718379 0.0194611 160 180 207
0.0874893 0.7512029 0.1050648 160 180 207
0.1853309 0.5543491 0.0959416 160 180 207
0.0355190 0.9082779 0.0430907 160 180 207
0.1546807 0.8808289 0.1219309 160 180 207
0.2334776 0.8417374 0.0277979 160 180 207
0.2212014 0.4969068 0.0252181 160 180 207
0.1570729 0.5924717 0.1054786 160 180 207
0.0686740 0.9237607 -0.0225800 160 180 207
0.0797489 0.7918088 0.1007967 160 180 207
0.1340020 0.5196074 0.0654919 160 180 207
0.0692234 0.6875340 0.0524037 160 180 207
0.1916625 0.8990062 0.1019381 160 180 207
0.1388672 0.7050727 0.1193448 160 180 207
0.1375177 1.0306937 -0.0240908 160 180 207
0.2033038 0.9649440 0.0703405 160 180 207
0.1959869 0.7044845 -0.0326614 160 180 207
0.1034988 0.6474900 -0.0120130 160 180 207
0.1182561 0.5400816 0.0216813 160 180 207
0.0343199 1.0562910 0.0324176 160 180 207
0.0999455 0.8744094 -0.0354462 160 180 207
0.0961692 0.9765502 -0.0323928 160 180 207
0.1879514 0.6766152 -0.0381963 160 180 207
0.2065895 0.4711783 0.0315106 160 180 207
0.2450113 0.7468635 0.0436456 160 180 207
0.2200831 0.8591592 0.0700592 160 180 207
0.2201346 0.8772244 0.0056389 160 180 207
0.1139565 0.8652489 0.1213059 160 180 207
0.2289635 0.5158837 0.0266399 160 180 207
0.1963482 0.9886397 0.0153404 160 180 207
0.1769730 0.4730323 0.0566929 160 180 207
0.1100146 0.6921737 -0.0288677 160 180 207
0.0938000 0.6168609 0.0651408 160 180 207
0.1570850 0.6728586 0.1169097 160 180 207
0.1996627 0.8368956 -0.0217942 160 180 207
0.0885796 0.7762124 -0.0253186 160 180 207
0.1656610 0.4850515 0.0680378 160 180 207
0.0330329 0.9546448 0.0472824 160 180 207
0.1611419 0.4755588 0.0439119 160 180 207
0.1818039 0.9079648 -0.0304471 160 180 207
0.1933394 1.0060521 0.0145840 160 180 207
0.0466566 0.9409042 -0.0003099 160 180 207
0.0968573 1.1637232 0.0424989 160 180 207
0.1947519 0.5291013 0.0826725 160 180 207
0.0808439 0.6730697 0.0743981 160 180 207
0.0908707 0.7111021 0.0993454 160 180 207
0.0533387 0.9237354 -0.0113668 160 180 207
0.2303107 0.7996716 0.0010667 160 180 207
0.2281214 0.6869559 0.0903537 160 180 207
0.2410109 0.5830022 0.0344717 160 180 207
0.0996067 1.1524057 0.0068814 160 180 207
0.0450031 0.8033955 0.0281752 160 180 207
0.0781202 1.1598499 0.0399391 160 180 207
0.2363886 0.6567754 0.0745013 160 180 207
0.1364807 0.7190467 -0.0383244 160 180 207
0.1820506 1.0564232 0.0539032 160 180 207
0.0372699 1.0629210 0.0383180 160 180 207
0.0557469 0.7590789 0.0315247 160 180 207
0.1423620 0.6325454 -0.0292048 160 180 207
0.1570679 0.9043778 0.1177517 160 180 207
0.2315395 0.8519084 0.0583126 160 180 207
0.0827330 0.7349777 0.0952076 160 180 207
0.0569418 0.7944363 0.0074104 160 180 207
0.1914608 0.4936705 0.0705427 160 180 207
0.2089443 0.9479256 0.0275451 160 180 207
0.1620907 0.5133634 0.0070507 160 180 207
0.1961302 1.0052364 0.0444057 160 180 207
0.1395754 0.5504693 0.0898087 160 180 207
0.0483706 1.0195589 0.0812024 160 180 207
0.0951511 0.7416934 -0.0255391 160 180 207
0.0980914 0.6166065 0.0042713 160 180 207
0.1693597 0.5242763 -0.0096814 160 180 207
0.1599690 0.4857469 0.0544856 160 180 207
0.2394266 0.7908568 0.0425724 160 180 207
0.1049555 0.5798662 0.0677323 160 180 207
0.2029244 0.7151793 -0.0270256 160 180 207
0.1289888 0.7192073 0.1193628 160 180 207
0.1121398 0.5767743 0.0080859 160 180 207
0.0856745 0.7800711 -0.0228394 160 180 207
0.2232727 0.4997937 0.0472455 160 180 207
0.1834528 0.9847274 -0.0075660 160 180 207
0.0791901 0.8723491 -0.0302731 160 180 207
0.1995929 0.4642865 0.0381681 160 180 207
0.1204284 1.0959278 -0.0110980 160 180 207
0.2131976 0.8749641 0.0835864 160 180 207
0.1516952 1.1203980 0.0355765 160 180 207
0.1812086 0.9466197 -0.0209827 160 180 207
0.1199878 0.7696856 -0.0420548 160 180 207
0.0513756 0.8965914 0.0901588 160 180 207
0.0779377 0.6433046 0.0608575 160 180 207
0.1262936 1.0876225 0.0929985 160 180 207
0.1762676 0.7704887 -0.0400597 160 180 207
0.1370820 0.5251375 0.0721568 160 180 207
0.1891123 0.4638972 0.0281967 160 180 207
0.0769943 1.1244845 0.0809287 160 180 207
0.1132791 1.1621579 0.0476625 160 180 207
0.0544702 0.8200273 0.0771116 160 180 207
0.1435320 0.7271788 0.1203984 160 180 207
0.1559850 1.0918641 0.0054798 160 180 207
0.1856461 0.4622582 0.0439789 160 180 207
0.1011949 0.9481282 0.1158103 160 180 207
0.1279433 0.9585974 -0.0370825 160 180 207
0.1443564 1.1331434 0.0323729 160 180 207
0.0817198 0.6470951 0.0433056 160 180 207
0.0391888 0.8627033 0.0304510 160 180 207
0.1741743 0.4848920 0.0574981 160 180 207
0.0701043 0.7370131 -0.0010681 160 180 207
0.1882056 0.7968423 -0.0308270 160 180 207
0.1922641 0.9010329 0.1039167 160 180 207
0.1448110 0.5009049 0.0303744 160 180 207
0.1283604 1.0091655 0.1112348 160 180 207
0.1894541 0.9350180 -0.0148862 160 180 207
0.1535643 1.0414778 0.0925961 160 180 207
0.2249396 0.5149470 0.0389841 160 180 207
0.1792312 0.4980035 0.0703343 160 180 207
0.2083868 0.9098284 0.0772943 160 180 207
0.1579619 1.0441768 -0.0126912 160 180 207
0.0807042 0.9582955 0.1080418 160 180 207
0.1130050 1.0651096 0.0955192 160 180 207
0.1903212 0.5802912 0.1022151 160 180 207
0.1957380 0.6765627 -0.0284653 160 180 207
0.2183285 0.5479209 0.0058309 160 180 207
0.0746198 1.0676162 0.0946987 160 180 207
0.0507200 0.8684034 -0.0015828 160 180 207
0.2251769 0.7345737 -0.0129417 160 180 207
0.0575585 0.7427467 0.0240544 160 180 207
0.0842563 0.8855178 0.1085528 160 180 207
0.0635633 1.1430374 0.0600981 160 180 207
0.2157464 0.8560901 0.0842554 160 180 207
0.2137638 0.4760100 0.0474459 160 180 207
0.2064574 0.9588554 0.0681365 160 180 207
0.2341460 0.7914464 0.0204096 160 180 207
0.1735927 0.6199241 0.1107511 160 180 207
0.2384185 0.7892972 0.0603545 160 180 207
0.1084789 0.9835074 -0.0322909 160 180 207
0.0675352 1.1315765 0.0686460 160 180 207
0.1185992 0.7310045 -0.0344584 160 180 207
0.2333854 0.5652633 0.0162773 160 180 207
0.1425347 1.0932708 0.0801564 160 180 207
0.1645439 0.4974546 0.0757998 160 180 207
0.1650217 0.6199672 0.1101164 160 180 207
0.1046852 0.5593506 0.0311456 160 180 207
0.2046686 0.5650197 0.0911662 160 180 207
0.1163923 0.6218308 0.0940273 160 180 207
0.1523439 1.0297391 -0.0192739 160 180 207
0.1127745 0.9021590 -0.0414727 160 180 207
0.2344928 0.6377569 0.0810956 160 180 207
0.0630268 1.1542715 0.0201364 160 180 207
0.0404089 0.9611111 0.0060149 160 180 207
0.2375964 0.7686304 0.0614374 160 180 207
0.2340557 0.6640506 0.0077615 160 180 207
0.0851604 0.6423478 0.0112662 160 180 207
0.2167055 0.5467472 -0.0013368 160 180 207
0.1145757 0.6843663 0.1108221 160 180 207
0.2201508 0.8493682 -0.0040709 160 180 207
0.0770449 0.8600982 -0.0238459 160 180 207
0.2068971 0.6753816 0.1048547 160 180 207
0.2212789 0.6894244 -0.0127289 160 180 207
0.0628353 0.8088830 -0.0086644 160 180 207
0.2071583 0.9716962 0.0570806 160 180 207
0.0495353 1.0551784 0.0727660 160 180 207
0.0956977 0.7957592 -0.0325832 160 180 207
0.0497329 1.1102878 0.0570453 160 180 207
0.0463472 1.0585836 0.0066152 160 180 207
0.2140412 0.6659625 0.1008580 160 180 207
0.0335166 0.9806017 0.0572457 160 180 207
0.2089138 0.8197439 0.0982545 160 180 207
0.2057590 0.5390304 -0.0075634 160 180 207
0.0467712 1.0816703 0.0188085 160 180 207
0.0569464 0.9290590 0.0971073 160 180 207
0.1029894 0.5890744 0.0689519 160 180 207
0.1647996 0.5006071 0.0129187 160 180 207
0.2260919 0.8659236 0.0569844 160 180 207
0.0754899 1.0896342 -0.0059961 160 180 207
0.1377762 1.1405907 0.0438397 160 180 207
0.1269883 0.6161040 0.0987955 160 180 207
0.1366355 1.1504730 0.0477225 160 180 207
0.1171835 1.1185111 -0.0031266 160 180 207
0.1208934 0.6397225 -0.0238580 160 180 207
0.2091538 0.8010007 -0.0217396 160 180 207
0.1673451 0.5966000 0.1019327 160 180 207
0.1203091 1.1197931 0.0816329 160 180 207
0.0813067 0.7882406 -0.0214324 160 180 207
0.1874940 0.8793752 -0.0257755 160 180 207
0.0916963 1.0552498 -0.0210856 160 180 207
0.0669038 1.0488361 0.0897478 160 180 207
0.2081948 0.9728441 0.0294051 160 180 207
0.0504772 1.0746847 0.0743370 160 180 207
0.1478191 1.1316489 0.0355522 160 180 207
0.2002389 0.7569962 -0.0306057 160 180 207
0.2016929 0.5813674 -0.0174868 160 180 207
0.0685176 1.1126001 0.0739622 160 180 207
0.1065808 0.8666860 -0.0373533 160 180 207
0.2418028 0.7318577 0.0671664 160 180 207
0.1950961 0.4563899 0.0298697 160 180 207
0.0964408 1.1782863 0.0350680 160 180 207
0.2456322 0.6419893 0.0337453 160 180 207
0.0657377 0.9260744 -0.0191701 160 180 207
0.0512957 1.1114247 0.0211211 160 180 207
0.0604177 0.7865142 0.0011294 160 180 207
0.1958112 0.7247026 -0.0313711 160 180 207
0.0540441 0.8901489 0.0894760 160 180 207
0.0806316 0.7531199 0.0959045 160 180 207
0.1968711 0.4603428 0.0252085 160 180 207
0.1189878 0.9555280 0.1180291 160 180 207
0.1753893 0.9531470 0.1038549 160 180 207
0.2266389 0.5085671 0.0162256 160 180 207
0.2106735 0.7862920 -0.0201728 160 180 207
0.1046385 1.0838938 0.0985212 160 180 207
0.0566230 1.0462822 -0.0104884 160 180 207
0.2211903 0.7560762 -0.0107368 160 180 207
0.1698813 0.4876999 0.0149936 160 180 207
0.1060253 1.1317112 0.0785685 160 180 207
0.1958823 0.5660548 -0.0125888 160 180 207
0.2207417 0.8382691 -0.0006940 160 180 207
0.2307098 0.6707460 -0.0025304 160 180 207
0.2281003 0.5626556 0.0091074 160 180 207
0.2245710 0.7603357 0.0894495 160 180 207
0.1508031 1.0497857 0.0916129 160 180 207
0.1734399 0.9914363 0.0951509 160 180 207
0.0560679 0.8050429 0.0773398 160 180 207
0.1446401 0.6801621 -0.0361251 160 180 207
0.1844683 0.4622498 0.0326452 160 180 207
0.2364518 0.7915979 0.0587862 160 180 207
0.2405341 0.7685467 0.0458756 160 180 207
0.0938139 0.7026890 0.0958884 160 180 207
0.0390580 0.9200442 0.0508065 160 180 207
0.0375193 1.0338441 0.0208967 160 180 207
0.0524234 0.8548010 -0.0033858 160 180 207
0.2316241 0.5263275 0.0595105 160 180 207
0.0775095 1.1284493 0.0803243 160 180 207
0.2082413 0.5043985 0.0691468 160 180 207
0.0789606 0.8063136 0.1064886 160 180 207
0.1992005 0.5112311 0.0780599 160 180 207
0.2024412 0.6150684 -0.0258629 160 180 207
0.0557085 1.1350226 0.0240277 160 180 207
0.2031768 0.4732407 0.0148033 160 180 207
0.2370411 0.5582961 0.0213803 160 180 207
0.2309099 0.7761110 0.0724187 160 180 207
0.2145376 0.8810676 -0.0014167 160 180 207
0.1886587 0.7570939 -0.0368298 160 180 207
0.2390291 0.6225240 0.0741675 160 180 207
0.1089005 0.7152426 -0.0275351 160 180 207
0.2330018 0.7063617 0.0792150 160 180 207
0.1932474 0.5740566 0.0950369 160 180 207
0.1389566 0.8001437 0.1247315 160 180 207
0.1439849 0.8185524 -0.0448786 160 180 207
0.2061180 0.6381954 0.1018291 160 180 207
0.2274685 0.7207236 0.0866668 160 180 207
0.1250281 0.9312621 0.1238272 160 180 207
0.1641434 0.9366956 -0.0316004 160 180 207
0.1041374 1.1303133 0.0014756 160 180 207
0.1162589 1.1337938 0.0766823 160 180 207
0.1015610 1.0857795 -0.0189259 160 180 207
0.1573476 0.5147758 0.0794282 160 180 207
0.1916844 0.6344110 0.1070090 160 180 207
0.1669396 1.0542874 0.0020864 160 180 207
0.2396488 0.7145662 0.0262169 160 180 207
0.2039662 0.4684039 0.0295772 160 180 207
0.2329462 0.5080536 0.0402965 160 180 207
0.0569945 1.1421214 0.0477817 160 180 207
0.1765771 0.6038640 -0.0253726 160 180 207
0.0555354 0.9381415 -0.0064494 160 180 207
0.1444215 1.1410470 0.0522717 160 180 207
0.0632775 1.1460853 0.0647301 160 180 207
0.1263161 0.5462197 0.0714551 160 180 207
0.1075946 0.6015307 -0.0000556 160 180 207
0.0646802 1.1414070 0.0533336 160 180 207
0.0965345 0.8608989 0.1157357 160 180 207
0.0891361 1.1738002 0.0473667 160 180 207
0.0411001 0.9122850 0.0058163 160 180 207
0.0528654 0.9139057 0.0899294 160 180 207
0.1606545 0.5053617 0.0760051 160 180 207
0.0924137 1.1728379 0.0622196 160 180 207
0.0939356 1.1677239 0.0125542 160 180 207
0.0661179 0.9786102 -0.0231727 160 180 207
0.1768815 0.6508105 0.1102112 160 180 207
0.0379018 1.0503887 0.0429131 160 180 207
0.1535457 0.7892605 -0.0450848 160 180 207
0.1563957 0.4929876 0.0670832 160 180 207
0.1456324 0.9761869 -0.0345065 160 180 207
0.0982604 0.7909115 -0.0336520 160 180 207
0.2149782 0.7873315 -0.0196540 160 180 207
0.1568726 0.6505831 -0.0340012 160 180 207
0.1706120 0.4856752 0.0678681 160 180 207
0.1520658 0.8101984 -0.0433311 160 180 207
0.1775973 0.6378063 0.1102315 160 180 207
0.1897715 0.9612590 -0.0118660 160 180 207
0.2022715 0.9572123 0.0802718 160 180 207
0.1284059 0.6403185 0.1059223 160 180 207
0.2394447 0.6993484 0.0091253 160 180 207
0.0769352 0.9200796 0.1103938 160 180 207
0.1470903 0.7647234 0.1227011 160 180 207
0.1721563 0.8157686 0.1210398 160 180 207
0.2233559 0.5065859 0.0448913 160 180 207
0.1385751 0.9010195 0.1212040 160 180 207
0.0586353 0.9962102 -0.0131793 160 180 207
0.1335528 0.9501197 0.1196282 160 180 207
0.1267648 0.9582999 0.1212870 160 180 207
0.0727409 0.6844301 0.0061158 160 180 207
0.0466510 0.9326656 0.0825172 160 180 207
0.1906070 0.5913216 -0.0216942 160 180 207
0.1223112 1.1361187 0.0678209 160 180 207
0.1852975 0.7398040 0.1171435 160 180 207
0.2166188 0.4930981 0.0141087 160 180 207
0.2349171 0.6458132 0.0746212 160 180 207
0.2460972 0.6648666 0.0221138 160 180 207
0.1186903 1.0974648 0.0946108 160 180 207
0.1796000 0.8249621 -0.0354194 160 180 207
0.0554419 1.1036193 0.0080760 160 180 207
0.1033992 0.6049597 0.0763490 160 180 207
0.1540808 0.9381395 -0.0369385 160 180 207
0.1214151 0.5384601 0.0601496 160 180 207
0.1720331 0.4812856 0.0159696 160 180 207
0.0685978 1.0151718 0.1010324 160 180 207
0.1819770 0.5371140 -0.0097834 160 180 207
0.0787451 0.8841179 -0.0313644 160 180 207
0.1524228 1.1086529 0.0266138 160 180 207
0.1233436 1.0976140 -0.0131727 160 180 207
0.0473859 0.9516249 0.0839671 160 180 207
0.1254362 0.7701197 0.1228211 160 180 207
0.2435293 0.7612827 0.0566155 160 180 207
0.0447865 1.0974690 0.0528587 160 180 207
0.2012442 0.9151349 -0.0040068 160 180 207
0.1114133 0.6347431 -0.0189020 160 180 207
0.1937818 1.0043086 0.0590658 160 180 207
0.0760871 1.0988320 0.0886601 160 180 207
0.1613575 0.6771955 -0.0379989 160 180 207
0.0816009 0.6786651 0.0715571 160 180 207
0.0821960 0.7136542 0.0883854 160 180 207
0.1549705 0.7423445 0.1222159 160 180 207
0.0554602 1.0457206 -0.0078881 160 180 207
0.1530331 0.9120307 0.1178300 160 180 207
0.1291656 0.9301107 0.1221257 160 180 207
0.2402548 0.7931222 0.0524694 160 180 207
0.1100968 1.1015022 -0.0097387 160 180 207
0.2241425 0.5145858 0.0639352 160 180 207
0.2480783 0.6825036 0.0481523 160 180 207
0.2468797 0.6782171 0.0370677 160 180 207
0.1653853 0.5585351 0.0993959 160 180 207
0.1336217 0.8280999 -0.0457424 160 180 207
0.1792485 0.7280583 -0.0371155 160 180 207
0.1288834 0.5299804 0.0104325 160 180 207
0.0697684 1.1089202 0.0031489 160 180 207
0.0595905 1.1412073 0.0403644 160 180 207
0.1641353 1.0468817 -0.0051942 160 180 207
0.0997452 1.1039760 0.0931532 160 180 207
0.2244075 0.5315142 0.0111676 160 180 207
0.1140782 1.0175575 -0.0294361 160 180 207
0.1583856 0.7921739 -0.0433782 160 180 207
0.0371714 0.9818161 0.0684653 160 180 207
0.1215483 0.9215916 -0.0417734 160 180 207
0.0868573 1.0420778 0.1014713 160 180 207
0.1197890 1.1524498 0.0588000 160 180 207
0.0946867 0.7506831 0.1059016 160 180 207
0.1429745 1.1143374 0.0673939 160 180 207
0.0959915 1.0432731 -0.0226727 160 180 207
0.1931414 0.5203969 -0.0071216 160 180 207
0.2224197 0.8735414 0.0649524 160 180 207
0.1487255 0.8962612 0.1233641 160 180 207
0.1109597 1.0783577 -0.0180936 160 180 207
0.0584409 0.7963486 0.0010816 160 180 207
0.0930750 0.9950368 -0.0296023 160 180 207
0.2301386 0.5741541 0.0048795 160 180 207
0.2167333 0.8778505 0.0049199 160 180 207
0.1407350 0.5079734 0.0652629 160 180 207
0.2161594 0.7929033 0.0916238 160 180 207
0.0620686 0.7530639 0.0767077 160 180 207
0.1270839 0.8548545 0.1236580 160 180 207
0.0505579 0.8112457 0.0155012 160 180 207
0.0782764 1.1003766 -0.0020374 160 180 207
0.0564810 0.8719111 -0.0076714 160 180 207
0.0935602 1.1005379 -0.0114735 160 180 207
0.2481845 0.6520835 0.0247601 160 180 207
0.1474641 1.1176946 0.0145109 160 180 207
0.0862323 0.6312214 0.0496139 160 180 207
0.2017329 0.4770940 0.0394712 160 180 207
0.0363695 0.9866720 0.0191429 160 180 207
0.0890678 1.1572057 0.0510226 160 180 207
0.0691031 0.9478082 0.1046455 160 180 207
0.1016302 1.1150738 -0.0028869 160 180 207
0.2045036 0.5935808 -0.0156810 160 180 207
0.1811921 0.4830489 0.0130547 160 180 207
0.1482717 0.5437149 0.0939367 160 180 207
0.0616416 0.8255020 -0.0082354 160 180 207
0.1378222 1.1462785 0.0458616 160 180 207
0.0625772 1.1173476 0.0109382 160 180 207
0.2208544 0.9129575 0.0330996 160 180 207
0.1888917 0.9753526 0.0842243 160 180 207
0.1524255 0.8492041 0.1222466 160 180 207
0.1834505 0.6348603 -0.0308098 160 180 207
0.0769383 0.6584836 0.0540295 160 180 207
0.2362048 0.6357227 0.0024330 160 180 207
0.0707618 0.8570596 0.1053176 160 180 207
0.1246065 0.5834005 -0.0056289 160 180 207
0.0500424 0.8628917 0.0774708 160 180 207
0.2109900 0.9563751 0.0364567 160 180 207
0.0527669 0.8948459 -0.0029042 160 180 207
0.2154627 0.8496099 -0.0030269 160 180 207
0.0872486 0.7745163 0.1032154 160 180 207
0.0638442 0.9981591 0.1020557 160 180 207
0.2315443 0.7464574 0.0779483 160 180 207
0.0657645 0.7061138 0.0409092 160 180 207
0.1530418 1.1053083 0.0641337 160 180 207
0.1037292 1.1581517 0.0108352 160 180 207
0.1845315 0.7921571 0.1146297 160 180 207
0.0392432 1.0792003 0.0551301 160 180 207
0.2316928 0.7265385 0.0804392 160 180 207
0.2031625 0.9728694 0.0100795 160 180 207
0.1777094 1.0694118 0.0515778 160 180 207
0.2301944 0.7553124 0.0011582 160 180 207
0.1854929 0.7290092 -0.0368250 160 180 207
0.1988278 0.5765472 0.0964722 160 180 207
0.1179430 0.9021344 0.1230725 160 180 207
0.0594375 0.8879787 0.0935263 160 180 207
0.1959630 0.6729914 0.1086964 160 180 207
0.1309320 0.5239194 0.0131054 160 180 207
0.0687962 0.7920486 0.0909598 160 180 207
0.0655826 0.9608194 -0.0215212 160 180 207
0.1806153 0.4816346 0.0168885 160 180 207
0.0386706 0.9827802 0.0332369 160 180 207
0.2132033 0.4946817 0.0190007 160 180 207
0.0870044 0.6458881 0.0089748 160 180 207
0.1746996 0.7409453 -0.0402558 160 180 207
0.1018839 1.1785929 0.0611311 160 180 207
0.0590601 0.9816688 0.0945337 160 180 207
0.1370367 0.5486570 0.0787329 160 180 207
0.1305967 0.8228306 0.1255522 160 180 207
0.2395091 0.8007961 0.0362843 160 180 207
0.2208195 0.6192551 0.0893870 160 180 207
0.1965579 0.9900323 0.0631966 160 180 207
0.1404351 1.1294918 0.0715097 160 180 207
0.1088940 0.7093226 -0.0317991 160 180 207
0.0615396 1.0101988 -0.0165842 160 180 207
0.1597846 0.4899769 0.0716732 160 180 207
0.1955527 0.4982554 0.0038735 160 180 207
0.0518820 0.8036703 0.0048020 160 180 207
0.1177180 0.8119658 -0.0415573 160 180 207
0.1734604 1.0477148 0.0683875 160 180 207
0.1259835 0.5194203 0.0576300 160 180 207
0.1530906 1.0953959 0.0123718 160 180 207
0.0710138 0.7765933 0.0945467 160 180 207
0.0487608 0.9161924 0.0781700 160 180 207
0.2035367 0.9485325 0.0028409 160 180 207
0.0960600 0.8188981 -0.0377608 160 180 207
0.0734532 0.9481307 -0.0256111 160 180 207
0.1282213 0.5179607 0.0233283 160 180 207
0.0896792 0.6130932 0.0514325 160 180 207
0.0797046 0.6509547 0.0524161 160 180 207
0.0436232 1.0623605 0.0701171 160 180 207
0.1114250 1.0699286 0.0982762 160 180 207
0.2049724 0.5653167 -0.0140594 160 180 207
0.1048675 0.5952992 0.0734782 160 180 207
0.1359336 0.5452592 -0.0019378 160 180 207
0.1425176 0.6930600 -0.0377907 160 180 207
0.0705598 0.8247334 0.0974422 160 180 207
0.1038673 0.7632148 -0.0373809 160 180 207
0.1772974 0.5427866 0.0924804 160 180 207
0.2349633 0.5359935 0.0238511 160 180 207
0.0754283 0.6993096 0.0006690 160 180 207
0.1577924 0.5863867 -0.0254832 160 180 207
0.0683934 1.1508173 0.0224396 160 180 207
0.1691667 0.8079968 -0.0425946 160 180 207
0.2155581 0.9253628 0.0625441 160 180 207
0.1866509 0.6249933 -0.0281303 160 180 207
0.1351581 0.7439743 0.1230658 160 180 207
0.2163781 0.6344955 0.0973558 160 180 207
0.2202251 0.9183974 0.0431296 160 180 207
0.1273128 0.7015274 0.1183109 160 180 207
0.0355755 0.9871846 0.0391593 160 180 207
0.1472689 0.5148764 0.0738831 160 180 207
0.1912062 0.5658583 0.0922881 160 180 207
0.1800064 0.4846148 0.0678488 160 180 207
0.1322107 1.1418307 0.0170286 160 180 207
0.0435284 0.8413848 0.0553235 160 180 207
0.0446061 1.1208233 0.0462043 160 180 207
0.0533208 0.7606596 0.0485715 160 180 207
0.1237359 0.5310326 0.0456812 160 180 207
0.2132978 0.6119517 0.0988148 160 180 207
0.1642667 0.5187023 -0.0078039 160 180 207
0.1109765 0.6385385 0.0964360 160 180 207
0.2357201 0.8244738 0.0328615 160 180 207
0.1950905 0.7030653 0.1152198 160 180 207
0.0373370 0.9436488 0.0204407 160 180 207
0.0838342 0.8901906 0.1143749 160 180 207
0.0646147 0.7506721 0.0039432 160 180 207
0.1221744 0.5751874 0.0854010 160 180 207
0.0845589 1.0829909 0.0961439 160 180 207
0.0619980 0.9984174 -0.0135281 160 180 207
0.0795715 0.7126412 -0.0084542 160 180 207
0.0344291 0.9032747 0.0431063 160 180 207
0.0886077 0.9209365 0.1131251 160 180 207
0.0859955 0.8266450 -0.0261282 160 180 207
0.1176929 0.7549322 -0.0401861 160 180 207
0.1622331 0.7209452 0.1205078 160 180 207
0.1769767 0.5697752 0.0986650 160 180 207
0.0701618 0.6716343 0.0277972 160 180 207
0.2139102 0.5313398 0.0033188 160 180 207
0.0443835 1.1052481 0.0482693 160 180 207
0.0501260 0.8736748 0.0007215 160 180 207
0.1971078 0.9986047 0.0171692 160 180 207
0.1655902 0.9600134 0.1096881 160 180 207
0.1500529 1.0454674 -0.0159580 160 180 207
0.0409832 1.1133246 0.0370657 160 180 207
0.1989700 0.9082495 0.0906997 160 180 207
0.1206556 0.8119802 0.1232700 160 180 207
0.0650655 0.7313597 0.0083964 160 180 207
0.1759437 0.4669873 0.0338081 160 180 207
0.2440379 0.5953127 0.0291395 160 180 207
0.0563695 0.9156534 0.0933609 160 180 207
0.0462924 0.9503901 0.0810630 160 180 207
0.0390522 0.9314835 0.0664817 160 180 207
0.1317561 1.1502801 0.0165917 160 180 207
0.2427404 0.6039053 0.0326334 160 180 207
0.1493094 0.6318926 0.1110162 160 180 207
0.1672962 0.4792282 0.0206047 160 180 207
0.1949538 0.9958134 0.0116379 160 180 207
0.1370893 0.5336404 0.0772573 160 180 207
0.0768712 1.1133595 0.0777157 160 180 207
0.1577399 1.0944121 0.0664330 160 180 207
0.2258362 0.5346354 0.0632205 160 180 207
0.1834816 0.9991580 0.0777845 160 180 207
0.1390899 0.9849741 -0.0321839 160 180 207
0.1330295 0.9473464 0.1169152 160 180 207
0.1974668 0.6028096 -0.0257394 160 180 207
0.1076007 0.9531276 0.1205016 160 180 207
0.1508027 0.4913923 0.0572226 160 180 207
0.0378477 0.8740945 0.0410910 160 180 207
0.1817735 0.7732204 0.1175628 160 180 207
0.1710048 0.4552633 0.0384990 160 180 207
0.2106888 0.7707201 0.1000112 160 180 207
0.1673895 0.6106760 -0.0269600 160 180 207
0.0868813 1.1075221 0.0842767 160 180 207
0.2213231 0.8347018 0.0839626 160 180 207
0.0621727 1.1040703 0.0084877 160 180 207
0.1564270 1.0899856 0.0042275 160 180 207
0.1959729 0.9647319 -0.0016921 160 180 207
0.1821538 0.6015434 0.1051513 160 180 207
0.2017119 0.9163264 -0.0097539 160 180 207
0.1581268 0.5945168 0.1052141 160 180 207
0.2221739 0.4981927 0.0488837 160 180 207
0.1481156 0.5096446 0.0736448 160 180 207
0.0529838 1.0430764 0.0801726 160 180 207
0.1547016 1.0666231 -0.0076581 160 180 207
0.1697409 0.6660499 0.1140694 160 180 207
0.0487298 0.8047261 0.0457033 160 180 207
0.2123923 0.4830392 0.0484837 160 180 207
0.1553352 0.5738891 0.1005797 160 180 207
0.1912927 0.5017211 0.0799009 160 180 207
0.1647495 1.0837604 0.0629991 160 180 207
0.0890379 0.7935197 0.1128066 160 180 207
0.0749173 1.1647338 0.0252010 160 180 207
0.1781626 0.5226224 0.0820222 160 180 207
0.0411759 1.0610037 0.0209882 160 180 207
0.1181519 1.0599985 0.1020783 160 180 207
0.2260350 0.5731631 0.0012010 160 180 207
0.0569494 1.1175470 0.0308390 160 180 207
0.1398031 0.8428872 0.1244952 160 180 207
0.0502402 0.7961180 0.0622272 160 180 207
0.1129746 1.1364273 0.0061216 160 180 207
0.0597801 0.7311818 0.0447622 160 180 207
0.1651266 1.0892273 0.0505259 160 180 207
0.1498511 0.4928847 0.0555032 160 180 207
0.0641852 0.7203395 0.0173961 160 180 207
0.2245792 0.6575104 0.0914075 160 180 207
0.1518272 1.0528837 -0.0165653 160 180 207
0.1189577 0.6993114 -0.0356320 160 180 207
0.1744624 0.4695264 0.0538775 160 180 207
0.1667343 0.9645475 -0.0251522 160 180 207
0.1430624 0.9986936 -0.0309945 160 180 207
0.2091890 0.5846151 0.0914353 160 180 207
0.1382371 1.0999732 0.0728372 160 180 207
0.0923436 0.6367779 0.0039033 160 180 207
0.0604581 1.0732802 -0.0010026 160 180 207
0.2238166 0.8719993 0.0627077 160 180 207
0.1438574 0.8124682 0.1229341 160 180 207
0.1207271 1.0549355 -0.0226470 160 180 207
0.1977262 0.6652739 0.1117699 160 180 207
0.2158624 0.6275299 0.0984297 160 180 207
0.2342098 0.8296612 0.0306687 160 180 207
0.1294903 1.1325575 0.0572377 160 180 207
0.1144144 0.8795483 -0.0416769 160 180 207
0.2356878 0.6567643 0.0056957 160 180 207
0.0811156 1.1628894 0.0476815 160 180 207
0.1522500 0.7060727 0.1177982 160 180 207
0.1046991 1.0456340 0.1034552 160 180 207
0.0333765 0.9634333 0.0501537 160 180 207
0.1777745 1.0318042 0.0070425 160 180 207
0.1641290 0.5404201 -0.0112167 160 180 207
0.1686628 1.0829080 0.0587994 160 180 207
0.1069247 0.9526958 -0.0389013 160 180 207
0.1613566 0.9480863 -0.0299128 160 180 207
0.1781531 1.0354096 0.0701790 160 180 207
0.1306035 1.0525954 0.1026724 160 180 207
0.0404158 1.0427158 0.0192021 160 180 207
0.0881288 1.0743098 -0.0167234 160 180 207
0.1276879 0.5546086 0.0091678 160 180 207
0.0657234 0.7149772 0.0663641 160 180 207
0.0562616 1.1484227 0.0447012 160 180 207
0.2368588 0.6440225 0.0758524 160 180 207
0.1063461 0.9748722 0.1185678 160 180 207
0.0982025 0.9815555 0.1125731 160 180 207
0.1088867 0.7815870 -0.0391038 160 180 207
0.1761457 1.0275931 -0.0018853 160 180 207
0.2014882 0.5163306 -0.0065876 160 180 207
0.2245971 0.6035166 -0.0009911 160 180 207
0.0665049 0.7000601 0.0572197 160 180 207
0.2293764 0.5639054 0.0029250 160 180 207
0.1160223 0.5863060 0.0723903 160 180 207
0.1204050 0.5604394 0.0047510 160 180 207
0.0510177 1.1106814 0.0610256 160 180 207
0.2139113 0.5776706 -0.0116323 160 180 207
0.0356004 0.9903184 0.0342997 160 180 207
0.1867857 1.0320642 0.0550151 160 180 207
0.0539107 0.8017114 0.0759846 160 180 207
0.1417930 0.5440477 0.0846633 160 180 207
0.2190329 0.5438262 0.0796595 160 180 207
0.0499601 1.1331830 0.0343570 160 180 207
0.1475085 0.9693313 -0.0337458 160 180 207
0.0387621 0.8863957 0.0238945 160 180 207
0.0473517 0.8365747 0.0218090 160 180 207
0.1336623 0.8669473 -0.0457029 160 180 207
0.0928554 0.8052508 -0.0355864 160 180 207
0.1501433 0.6569417 0.1153718 160 180 207
0.0757269 1.1507897 0.0549065 160 180 207
0.0580044 0.7490176 0.0110803 160 180 207
0.1565595 0.7657877 -0.0431445 160 180 207
0.0452795 0.8271097 0.0425072 160 180 207
0.2387389 0.7212216 0.0711875 160 180 207
0.1253725 0.6411468 -0.0249394 160 180 207
0.0406994 1.0351940 0.0650328 160 180 207
0.1922427 0.5801911 0.0992369 160 180 207
0.1252313 1.0215096 0.1090861 160 180 207
0.1721560 0.7369602 -0.0408697 160 180 207
0.1729412 0.9690577 -0.0191245 160 180 207
0.2315869 0.5048428 0.0514925 160 180 207
0.2358407 0.8071797 0.0588128 160 180 207
0.1599981 1.0684928 0.0828185 160 180 207
0.1470663 0.9157996 0.1169330 160 180 207
0.1614413 0.7901436 -0.0445031 160 180 207
0.2130610 0.7517686 0.0979252 160 180 207
0.1775084 0.6135915 -0.0283328 160 180 207
0.2430966 0.6671706 0.0650929 160 180 207
0.2115310 0.5336950 -0.0024327 160 180 207
0.0655431 1.1363146 0.0679768 160 180 207
0.1753998 0.7506825 0.1190345 160 180 207
0.1840547 0.9801680 -0.0062544 160 180 207
0.2086611 0.4712340 0.0356731 160 180 207
0.0357371 0.9574829 0.0526954 160 180 207
0.2227487 0.5050713 0.0595559 160 180 207
0.2264473 0.6247312 -0.0050786 160 180 207
0.1497212 0.8586030 -0.0441861 160 180 207
0.1081535 0.8630028 0.1205372 160 180 207
0.2101211 0.6391448 0.1024201 160 180 207
0.0539619 0.9493710 0.0910925 160 180 207
0.0748323 1.0534883 0.0987248 160 180 207
0.0331621 0.9370077 0.0356305 160 180 207
0.2379276 0.6886649 0.0070900 160 180 207
0.1575606 1.0845263 0.0050562 160 180 207
0.0555745 0.9290423 -0.0121314 160 180 207
0.2268979 0.5666062 0.0791316 160 180 207
0.0655038 0.9150664 0.1001651 160 180 207
0.1503322 0.5593946 0.0934599 160 180 207
0.1719612 0.7627093 0.1222823 160 180 207
0.2174017 0.9131303 0.0120829 160 180 207
0.0773926 1.0262936 0.1029571 160 180 207
0.1772474 0.5525911 -0.0153402 160 180 207
0.1071815 1.0293100 0.1039682 160 180 207
0.1394529 0.5036669 0.0147131 160 180 207
0.2433084 0.7004787 0.0481884 160 180 207
0.2416881 0.5966493 0.0594428 160 180 207
0.2325106 0.7108247 0.0020567 160 180 207
0.1834889 0.4731281 0.0402580 160 180 207
0.1890111 0.4624204 0.0591719 160 180 207
0.0347803 0.9080178 0.0457753 160 180 207
0.2065852 0.4622622 0.0368269 160 180 207
0.1356770 1.1285797 0.0740078 160 180 207
0.1796559 0.5118132 0.0015965 160 180 207
0.0923262 0.5992897 0.0300686 160 180 207
0.0836253 1.0514729 0.0998442 160 180 207
0.2227170 0.5052127 0.0270026 160 180 207
0.1273809 1.0307996 -0.0234914 160 180 207
0.2419977 0.7335988 0.0242852 160 180 207
0.2351733 0.5346166 0.0288123 160 180 207
0.0880839 0.9199501 0.1122776 160 180 207
0.1415474 1.1328303 0.0217001 160 180 207
0.0582654 1.0518521 -0.0075215 160 180 207
0.2342306 0.7055019 0.0780945 160 180 207
0.1257846 1.1467260 0.0124504 160 180 207
0.1334332 1.1336296 0.0624240 160 180 207
0.1681082 0.8845534 -0.0353894 160 180 207
0.0588163 0.9138322 0.0914592 160 180 207
0.0666291 0.7290902 0.0076155 160 180 207
0.0703898 0.7572544 0.0848747 160 180 207
0.0866004 1.0266541 0.1017065 160 180 207
0.2052948 0.4826895 0.0162746 160 180 207
0.0684310 1.0947796 0.0853980 160 180 207
0.1918080 0.9103417 -0.0219720 160 180 207
0.1425444 0.4914633 0.0547024 160 180 207
0.2165486 0.8274754 0.0888866 160 180 207
0.2329181 0.5278577 0.0346723 160 180 207
0.0608263 0.7759258 0.0049038 160 180 207
0.0785622 1.1096503 -0.0024583 160 180 207
0.2385725 0.5960423 0.0129063 160 180 207
0.0467870 0.8270752 0.0408004 160 180 207
0.1883363 0.8287459 0.1132671 160 180 207
0.1731078 0.9986644 -0.0155754 160 180 207
0.2100611 0.9641327 0.0421805 160 180 207
0.2048177 0.9643363 0.0121494 160 180 207
0.0964241 0.9714683 0.1157716 160 180 207
0.1249847 1.1409998 0.0649630 160 180 207
0.2090529 0.6413116 0.1029704 160 180 207
0.1809783 0.6983595 -0.0373504 160 180 207
0.0929948 0.8755680 -0.0354301 160 180 207
0.0529337 0.9107083 0.0878934 160 180 207
0.0358844 0.8964383 0.0601103 160 180 207
0.1886411 0.4842465 0.0610964 160 180 207
0.1118965 0.9420308 0.1186542 160 180 207
0.0357667 1.0481701 0.0475852 160 180 207
0.0861375 0.9988724 0.1087539 160 180 207
0.1332766 0.9517763 0.1166608 160 180 207
0.1252091 0.9657702 0.1193639 160 180 207
0.0414468 0.8366779 0.0392081 160 180 207
0.1392462 0.7288881 0.1227346 160 180 207
0.0486074 0.9208762 -0.0080239 160 180 207
0.0755970 0.6641870 0.0288014 160 180 207
0.1372961 0.7709318 -0.0420164 160 180 207
0.2068982 0.4686228 0.0412792 160 180 207
0.2400149 0.6390978 0.0112109 160 180 207
0.1813805 0.5757012 -0.0230910 160 180 207
0.2276184 0.6934866 -0.0085673 160 180 207
0.2306962 0.8148178 0.0095969 160 180 207
0.0859173 0.9655477 -0.0324919 160 180 207
0.1220478 1.1018251 -0.0121055 160 180 207
0.2412941 0.7555005 0.0481547 160 180 207
0.1133173 0.6220886 -0.0119286 160 180 207
0.1043692 1.1525950 0.0131267 160 180 207
0.1862154 0.4726966 0.0164402 160 180 207
0.0972311 1.1246712 0.0915640 160 180 207
0.1635784 0.5164315 -0.0042449 160 180 207
0.1742161 0.7851745 0.1202186 160 180 207
0.1496019 1.1261632 0.0445121 160 180 207
0.0629287 0.7395625 0.0729542 160 180 207
0.0428494 1.0583980 0.0112218 160 180 207
0.0680023 1.0369182 0.0979978 160 180 207
0.0833198 0.7456452 -0.0135207 160 180 207
0.1673437 0.8390131 0.1221321 160 180 207
0.1155780 0.6202583 0.0938243 160 180 207
0.1197401 1.1560674 0.0380533 160 180 207
0.0755694 1.0130210 -0.0213180 160 180 207
0.1387698 0.5119652 0.0599486 160 180 207
0.1959669 0.6818283 -0.0287801 160 180 207
0.1173146 1.1671391 0.0284255 160 180 207
0.1214048 0.6188733 0.1011953 160 180 207
0.0450333 0.8151574 0.0289826 160 180 207
0.1387449 0.6952165 0.1178029 160 180 207
0.1860809 0.9484106 -0.0199516 160 180 207
0.0808366 0.9469822 -0.0306179 160 180 207
0.1685509 0.9146941 0.1138039 160 180 207
0.0652393 0.9101926 0.0973244 160 180 207
0.2357772 0.7473816 0.0717244 160 180 207
0.0813160 0.6832208 0.0776963 160 180 207
0.1102801 1.1314436 0.0791783 160 180 207
0.2133095 0.8742600 0.0828950 160 180 207
0.0401270 0.8991534 0.0711550 160 180 207
0.2209482 0.8870332 0.0043341 160 180 207
0.1244279 0.5502730 0.0091700 160 180 207
0.1824649 0.4762072 0.0519503 160 180 207
0.2267845 0.5828294 -0.0014082 160 180 207
0.1773169 0.4717843 0.0416457 160 180 207
0.1924719 0.4607948 0.0474669 160 180 207
0.0681225 0.8439247 -0.0158642 160 180 207
0.2047314 0.5614254 0.0904524 160 180 207
0.1979290 1.0098678 0.0437111 160 180 207
0.1634383 1.0035495 -0.0204729 160 180 207
0.2210757 0.6324860 -0.0118807 160 180 207
0.0941221 0.6910117 0.0951011 160 180 207
0.0738110 1.1499517 0.0666944 160 180 207
0.2135087 0.5786186 0.0919011 160 180 207
0.1813110 1.0342040 0.0132441 160 180 207
0.2332766 0.5682388 0.0658202 160 180 207
0.0488604 0.7919322 0.0296664 160 180 207
0.0729771 0.6648394 0.0404102 160 180 207
0.0617240 1.1239941 0.0074196 160 180 207
0.0906170 0.8317882 0.1142202 160 180 207
0.2060069 0.8039737 -0.0211366 160 180 207
0.0362530 0.8887699 0.0437397 160 180 207
0.1673731 1.0818694 0.0292452 160 180 207
0.1368133 0.9109820 0.1198597 160 180 207
0.1977037 0.4640741 0.0359646 160 180 207
0.2328790 0.6923772 0.0782368 160 180 207
0.2162682 0.5003756 0.0528791 160 180 207
0.1508967 0.7995924 0.1214648 160 180 207
0.2141879 0.8774959 -0.0048730 160 180 207
0.2278848 0.8609033 0.0469448 160 180 207
0.0869303 0.8356941 0.1126865 160 180 207
0.0746608 0.9788799 0.1053611 160 180 207
0.0398488 0.8870102 0.0363072 160 180 207
0.0506043 0.9739776 0.0843238 160 180 207
0.0918464 1.1717920 0.0285174 160 180 207
0.0451814 1.0741935 0.0168101 160 180 207
0.1235289 0.7659829 -0.0392592 160 180 207
0.2347209 0.5426018 0.0317388 160 180 207
0.1022160 1.1217164 0.0819060 160 180 207
0.0671538 1.1215067 0.0025804 160 180 207
0.0720157 0.8919441 0.1040503 160 180 207
0.1725667 1.0498568 0.0695859 160 180 207
0.1378631 0.5405022 0.0100447 160 180 207
0.0532824 0.7627853 0.0397598 160 180 207
0.0566125 1.0290569 -0.0073107 160 180 207
0.1317428 0.9422764 0.1192625 160 180 207
0.1341029 0.5178493 0.0108572 160 180 207
0.1455666 0.8367180 -0.0461391 160 180 207
0.2208709 0.5140647 0.0097298 160 180 207
0.2260389 0.7294315 0.0868151 160 180 207
0.0798289 0.7676999 0.1026796 160 180 207
0.2002755 0.7402405 0.1113664 160 180 207
0.0377872 0.9292602 0.0438131 160 180 207
0.0418986 0.8911120 0.0147305 160 180 207
0.0962904 1.0241148 -0.0293746 160 180 207
0.2053254 0.5968315 -0.0170331 160 180 207
0.2124222 0.9463254 0.0204114 160 180 207
0.1974626 0.4621337 0.0399534 160 180 207
0.2374678 0.7800832 0.0194378 160 180 207
0.0628699 1.0211290 0.0938070 160 180 207
0.1053139 0.6143156 0.0865411 160 180 207
0.0961018 1.0820106 0.0969677 160 180 207
0.2025137 0.7513704 0.1076316 160 180 207
0.1590135 0.7085263 -0.0411971 160 180 207
0.2007055 0.5119328 0.0754375 160 180 207
0.0964863 1.1729583 0.0319822 160 180 207
0.1837881 1.0141288 0.0698601 160 180 207
0.1376998 1.1247767 0.0104069 160 180 207
0.0373686 0.9701812 0.0296143 160 180 207
0.2243093 0.6454988 -0.0039231 160 180 207
0.1676497 0.4786451 0.0512558 160 180 207
0.0839903 1.1591759 0.0138418 160 180 207
0.0819891 0.9070375 0.1109457 160 180 207
0.1371032 1.0711131 -0.0132648 160 180 207
0.1329841 0.8343773 0.1252622 160 180 207
0.1906987 0.9686507 0.0911796 160 180 207
0.1142703 0.5971577 -0.0036506 160 180 207
0.0463431 1.1221890 0.0317009 160 180 207
0.0921386 0.6185022 0.0212016 160 180 207
0.2029072 0.9767276 0.0413078 160 180 207
0.1120669 0.9154530 -0.0418411 160 180 207
0.0659186 0.7271414 0.0613520 160 180 207
0.0531534 1.0981143 0.0708074 160 180 207
0.1423959 0.9659168 -0.0365472 160 180 207
0.1713764 0.6555334 0.1143755 160 180 207
0.1602737 0.8051445 0.1245725 160 180 207
0.1151365 1.0406915 -0.0272882 160 180 207
0.0932335 1.1731043 0.0545411 160 180 207
0.1350413 0.6164426 -0.0219529 160 180 207
0.2208349 0.8334172 -0.0032083 160 180 207
0.1508204 0.4994337 0.0617676 160 180 207
0.1698738 1.0717095 0.0174961 160 180 207
0.0806888 0.6780630 0.0033589 160 180 207
0.1846096 0.6402214 0.1094646 160 180 207
0.0846724 1.0339150 -0.0254371 160 180 207
0.1244573 1.0701022 0.0955012 160 180 207
0.2180725 0.8509985 0.0817466 160 180 207
0.1428305 0.7858382 -0.0440737 160 180 207
0.1787582 0.8049054 0.1163037 160 180 207
0.2376282 0.5490177 0.0259235 160 180 207
0.0379975 1.0218798 0.0490555 160 180 207
0.1380131 0.7107788 -0.0405918 160 180 207
0.1543729 1.1076312 0.0193220 160 180 207
0.1811290 0.4594369 0.0458145 160 180 207
0.1416591 0.5361078 0.0779358 160 180 207
0.2445039 0.5943536 0.0372426 160 180 207
0.2001258 0.4653581 0.0442839 160 180 207
0.2333838 0.6859330 0.0013839 160 180 207
0.2285919 0.5460851 0.0084491 160 180 207
0.1799069 0.4751890 0.0648800 160 180 207
0.1450506 0.5382875 -0.0037408 160 180 207
0.0533914 0.9872267 -0.0107543 160 180 207
0.1011942 0.5768727 0.0505282 160 180 207
0.2097943 0.5130486 0.0057501 160 180 207
0.0661710 0.8152524 -0.0156810 160 180 207
0.1508904 1.1160088 0.0378463 160 180 207
0.0819423 1.1641130 0.0637638 160 180 207
0.2325557 0.7818055 0.0079977 160 180 207
0.1383748 0.5829959 -0.0175575 160 180 207
0.1274515 0.7833582 -0.0437491 160 180 207
0.2153337 0.7890400 -0.0187221 160 180 207
0.1313775 0.7100940 -0.0388441 160 180 207
0.0816776 0.7013613 -0.0047920 160 180 207
0.1221796 0.5695413 0.0786727 160 180 207
0.1743497 0.9815758 -0.0193701 160 180 207
0.0711753 0.6825572 0.0317815 160 180 207
0.0827924 1.0927542 0.0894285 160 180 207
0.2061103 0.4863625 0.0508057 160 180 207
0.0391790 1.0098464 0.0541923 160 180 207
0.1453923 0.5557517 -0.0062999 160 180 207
0.0525799 0.9265782 0.0885801 160 180 207
0.2173253 0.5495005 -0.0001537 160 180 207
0.0413339 1.0194402 0.0713832 160 180 207
0.0559716 0.9775941 -0.0112816 160 180 207
0.0600585 1.1580129 0.0227468 160 180 207
0.1050090 0.7519211 0.1131461 160 180 207
0.1742246 0.7031877 -0.0386075 160 180 207
0.1274577 0.5295693 0.0203843 160 180 207
0.1957222 1.0188006 0.0360039 160 180 207
0.0965993 0.9020699 0.1152321 160 180 207
0.2265977 0.6020757 -0.0064618 160 180 207
0.0681046 0.6959889 0.0241207 160 180 207
0.2305499 0.6470554 0.0873425 160 180 207
0.2319516 0.7002527 0.0816459 160 180 207
0.0847110 0.6936397 -0.0037845 160 180 207
0.0820448 1.0435245 -0.0207749 160 180 207
-0.1338262 0.8889886 0.1385323 232 157 180
-0.1226708 0.9843767 0.0937666 232 157 180
-0.1942412 0.6235399 0.1216399 232 157 180
-0.1679466 0.7571028 0.1361565 232 157 180
-0.1942863 0.5955142 0.1116885 232 157 180
-0.1135092 0.9712511 0.0938396 232 157 180
-0.1008030 1.1038423 0.1091328 232 157 180
-0.1080085 1.0863575 0.1025167 232 157 180
-0.1443987 0.6259329 0.1165620 232 157 180
-0.1348766 0.6675913 0.1046109 232 157 180
-0.1628195 0.6460531 0.0966674 232 157 180
-0.1238766 0.8033938 0.1357278 232 157 180
-0.1593776 0.6154996 0.1266400 232 157 180
-0.0884407 1.0999495 0.1161459 232 157 180
-0.0869412 1.0555468 0.1100337 232 157 180
-0.1268136 0.6948289 0.1184066 232 157 180
-0.1158253 1.0985805 0.1164184 232 157 180
-0.1492494 0.6363812 0.1287266 232 157 180
-0.1163400 0.7696006 0.1268619 232 157 180
-0.0881294 0.9860497 0.1078157 232 157 180
-0.0873510 1.0948938 0.1159719 232 157 180
-0.1424978 1.0248951 0.1242968 232 157 180
-0.1401489 1.0240850 0.1274042 232 157 180
-0.1004209 1.0803647 0.1259856 232 157 180
-0.1134302 0.8927600 0.0929007 232 157 180
-0.1908993 0.5778782 0.1157572 232 157 180
-0.1042558 0.8112061 0.1196096 232 157 180
-0.1529348 0.6266561 0.1018690 232 157 180
-0.1767329 0.8539509 0.1219162 232 157 180
-0.1457442 0.7213757 0.0929931 232 157 180
-0.1660959 0.6992302 0.0940958 232 157 180
-0.1775042 0.8405460 0.1273547 232 157 180
-0.1664897 0.5983601 0.1025223 232 157 180
-0.0972671 1.1143171 0.1113129 232 157 180
-0.1618491 0.9463387 0.1201541 232 157 180
-0.1640774 0.7703165 0.0918372 232 157 180
-0.1129751 0.8147196 0.0987920 232 157 180
-0.1218257 1.0413233 0.0993412 232 157 180
-0.0930765 1.0965543 0.1157228 232 157 180
-0.1867293 0.5773441 0.1106448 232 157 180
-0.1931283 0.6713491 0.1236389 232 157 180
-0.1213772 1.0911797 0.1175792 232 157 180
-0.1342192 0.8910409 0.0908512 232 157 180
-0.1282808 0.7102217 0.1271168 232 157 180
-0.1135774 1.0677724 0.1002461 232 157 180
-0.1850915 0.7501129 0.1267068 232 157 180
-0.1549842 0.8658066 0.1374109 232 157 180
-0.1407652 0.6957024 0.0963614 232 157 180
-0.1786582 0.5604921 0.1179849 232 157 180
-0.1742224 0.8705274 0.1169773 232 157 180
-0.1510698 0.8578134 0.1376551 232 157 180
-0.0974836 1.0836525 0.1035781 232 157 180
-0.1470258 0.9686714 0.0989929 232 157 180
-0.1854780 0.7466267 0.1244714 232 157 180
-0.1389676 0.7007673 0.1331725 232 157 180
-0.1021266 0.9552016 0.0961277 232 157 180
-0.1578137 0.6132920 0.1269078 232 157 180
-0.1839505 0.7671407 0.1257619 232 157 180
-0.1072842 0.9143814 0.0953031 232 157 180
-0.0985074 0.9509193 0.0989901 232 157 180
-0.1960004 0.6281232 0.1094397 232 157 180
-0.1574987 0.6370674 0.0991065 232 157 180
-0.0903309 0.9728552 0.1057450 232 157 180
-0.1577801 0.6361187 0.1314919 232 157 180
-0.0876194 0.9545197 0.1142043 232 157 180
-0.1397463 1.0333081 0.1107836 232 157 180
-0.1444273 1.0320734 0.1162404 232 157 180
-0.1374645 0.8033766 0.1385859 232 157 180
-0.1739356 0.7695515 0.0959970 232 157 180
-0.1234716 0.9543005 0.1378935 232 157 180
-0.1608605 0.8099905 0.1374146 232 157 180
-0.1204181 0.7195136 0.1143383 232 157 180
-0.1570812 0.9400082 0.1004807 232 157 180
-0.1489890 0.9638981 0.1003318 232 157 180
-0.1271776 0.9373010 0.0906866 232 157 180
-0.1547677 0.9622340 0.1050983 232 157 180
-0.1284563 0.8232343 0.0911816 232 157 180
-0.1382461 0.6572251 0.1039688 232 157 180
-0.0878026 0.9604051 0.1065016 232 157 180
-0.1953333 0.6585335 0.1203800 232 157 180
-0.1226220 0.7627469 0.1326233 232 157 180
-0.1097036 0.7981527 0.1050347 232 157 180
-0.1219055 0.7096688 0.1164076 232 157 180
-0.1395630 0.8750253 0.0912524 232 157 180
-0.1281682 0.6890855 0.1094852 232 157 180
-0.1377174 1.0456860 0.1140882 232 157 180
-0.1884906 0.6578664 0.1265150 232 157 180
-0.1473549 0.9171237 0.1355163 232 157 180
-0.1881094 0.6667312 0.1261982 232 157 180
-0.1287422 0.8831642 0.0909552 232 157 180
-0.0980480 1.0436630 0.1016146 232 157 180
-0.1804481 0.5636775 0.1185223 232 157 180
-0.1570992 0.9514393 0.1051551 232 157 180
-0.1297340 0.6738295 0.1164149 232 157 180
-0.0919398 1.1085017 0.1167468 232 157 180
-0.1739283 0.8270609 0.1301140 232 157 180
-0.1239421 0.7342945 0.1273739 232 157 180
-0.0979526 1.1074178 0.1138323 232 157 180
-0.1785789 0.6179969 0.1001570 232 157 180
-0.1052615 0.9511502 0.1353041 232 157 180
-0.1555592 0.9653448 0.1234896 232 157 180
-0.1452484 0.9133723 0.0931803 232 157 180
-0.1625894 0.6901229 0.1355654 232 157 180
-0.1435885 1.0230076 0.1099299 232 157 180
-0.1105174 0.7761559 0.1099270 232 157 180
-0.1223274 0.7734436 0.0976503 232 157 180
-0.1327517 0.8332372 0.1395070 232 157 180
-0.1329379 0.6644809 0.1175056 232 157 180
-0.1063961 0.8992732 0.0963910 232 157 180
-0.0947694 1.1042639 0.1087197 232 157 180
-0.1323402 0.7216598 0.0981371 232 157 180
-0.1372603 1.0306283 0.1240949 232 157 180
-0.1585730 0.9303505 0.1012967 232 157 180
-0.1035881 1.0906374 0.1052367 232 157 180
-0.1387845 0.9409210 0.0938141 232 157 180
-0.1675353 0.8707651 0.1308042 232 157 180
-0.1693764 0.6424339 0.1335267 232 157 180
-0.1331146 0.7420874 0.1342758 232 157 180
-0.1478791 1.0108397 0.1106515 232 157 180
-0.1710913 0.6177590 0.1304503 232 157 180
-0.0950566 0.9355698 0.1263870 232 157 180
-0.1485261 0.9014570 0.1377807 232 157 180
-0.1138692 1.1070718 0.1174788 232 157 180
-0.1977991 0.6405749 0.1164635 232 157 180
-0.1429622 0.9321741 0.0931988 232 157 180
-0.1855596 0.7852855 0.1221084 232 157 180
-0.1712841 0.8656981 0.1040907 232 157 180
-0.1927095 0.7280552 0.1207433 232 157 180
-0.1112322 1.1145945 0.1143791 232 157 180
-0.0902425 1.0806254 0.1227006 232 157 180
-0.1815435 0.6921523 0.1314140 232 157 180
-0.1696852 0.6192222 0.1007550 232 157 180
-0.1861442 0.7755035 0.1223488 232 157 180
-0.1739273 0.8758267 0.1083531 232 157 180
-0.0864798 0.9921989 0.1180019 232 157 180
-0.1818805 0.6840160 0.0999729 232 157 180
-0.1912486 0.7246543 0.1162740 232 157 180
-0.1327375 0.6716853 0.1185053 232 157 180
-0.0952705 1.1152449 0.1144788 232 157 180
-0.1800334 0.5775784 0.1235680 232 157 180
-0.1016207 0.9327542 0.1323635 232 157 180
-0.0846613 1.0253737 0.1111646 232 157 180
-0.1244393 0.7006997 0.1173662 232 157 180
-0.1730881 0.7194833 0.0947487 232 157 180
-0.1272574 0.9465190 0.1388393 232 157 180
-0.1733670 0.8031615 0.1325918 232 157 180
-0.1442028 0.9158493 0.1368004 232 157 180
-0.0949010 0.9564345 0.1012553 232 157 180
-0.1058023 1.0649059 0.1307292 232 157 180
-0.1635651 0.5789931 0.1106956 232 157 180
-0.0942029 0.9732908 0.1001382 232 157 180
-0.1238107 0.8428030 0.1383952 232 157 180
-0.1245513 1.0138990 0.0961089 232 157 180
-0.1820566 0.6458783 0.1002713 232 157 180
-0.1683052 0.9085711 0.1243728 232 157 180
-0.1330476 0.7813140 0.0920739 232 157 180
-0.1604201 0.6903781 0.0938266 232 157 180
-0.1773820 0.6497444 0.1325798 232 157 180
-0.1331812 0.7241537 0.0966162 232 157 180
-0.1125767 0.7744766 0.1247204 232 157 180
-0.1572008 0.9393668 0.1281332 232 157 180
-0.1128461 1.0952528 0.1054563 232 157 180
-0.1635858 0.7391272 0.0924110 232 157 180
-0.1392151 0.9234429 0.1378297 232 157 180
-0.1492945 0.6397516 0.1290317 232 157 180
-0.1605377 0.5933563 0.1045768 232 157 180
-0.1442123 0.8861440 0.1384103 232 157 180
-0.1576029 0.5891880 0.1147646 232 157 180
-0.1578681 0.9531506 0.1243637 232 157 180
-0.1498067 0.9491685 0.1318352 232 157 180
-0.1859331 0.7710495 0.1223819 232 157 180
-0.1806677 0.8371267 0.1131730 232 157 180
-0.1274350 0.7297714 0.1302966 232 157 180
-0.1549136 0.9675469 0.1050926 232 157 180
-0.1729064 0.8910534 0.1134080 232 157 180
-0.1054443 0.9705517 0.1340291 232 157 180
-0.1021492 0.8981542 0.0992280 232 157 180
-0.1349333 0.9607696 0.0931842 232 157 180
-0.1509882 0.6437705 0.1302219 232 157 180
-0.1497931 0.9635528 0.1291189 232 157 180
-0.1505388 0.8802585 0.0930868 232 157 180
-0.1919470 0.7090938 0.1231412 232 157 180
-0.1499338 0.6756867 0.0969668 232 157 180
-0.1630755 0.7766351 0.0921463 232 157 180
-0.1180772 1.1021961 0.1164871 232 157 180
-0.1925772 0.6046635 0.1200743 232 157 180
-0.1207143 0.7661445 0.0992770 232 157 180
-0.1813779 0.8345237 0.1114042 232 157 180
-0.1285568 0.9427766 0.1387098 232 157 180
-0.1343817 0.6976967 0.0988999 232 157 180
-0.1470130 0.6192612 0.1100658 232 157 180
-0.1182744 0.9104664 0.1372949 232 157 180
-0.1339619 0.6590829 0.1179756 232 157 180
-0.1266240 1.0868595 0.1102247 232 157 180
-0.0924251 0.9612634 0.1036074 232 157 180
-0.1050593 1.1007459 0.1211436 232 157 180
-0.1445341 1.0151812 0.1241647 232 157 180
-0.1937202 0.5911272 0.1113110 232 157 180
-0.1566756 0.7812505 0.1390334 232 157 180
-0.1867530 0.5820958 0.1228936 232 157 180
-0.1199493 0.7424705 0.1037995 232 157 180
-0.1383902 0.8950863 0.1382511 232 157 180
-0.1776616 0.8550646 0.1124557 232 157 180
-0.1004542 0.8873122 0.1288262 232 157 180
-0.0951860 1.0107915 0.0997491 232 157 180
-0.1527610 0.9484386 0.1290029 232 157 180
-0.1065734 0.8469708 0.0994725 232 157 180
-0.1826191 0.8177174 0.1089479 232 157 180
-0.1698419 0.8900554 0.1217502 232 157 180
-0.1827020 0.8289989 0.1139339 232 157 180
-0.1550868 0.5977328 0.1188091 232 157 180
-0.1797972 0.6697156 0.0988557 232 157 180
-0.1531610 0.6318192 0.1012116 232 157 180
-0.1907492 0.7560763 0.1148062 232 157 180
-0.1025503 1.0379672 0.0995814 232 157 180
-0.0864707 1.0080531 0.1094318 232 157 180
-0.1217284 0.8421860 0.0922240 232 157 180
-0.0909598 1.0938007 0.1129843 232 157 180
-0.1234850 0.9697182 0.0922850 232 157 180
-0.0946396 1.0871441 0.1060813 232 157 180
-0.1573674 0.8084615 0.1390925 232 157 180
-0.1566688 0.7810868 0.1384343 232 157 180
-0.1592342 0.8677469 0.0947566 232 157 180
-0.0987732 0.8597420 0.1221584 232 157 180
-0.0935178 0.8853999 0.1172181 232 157 180
-0.1703758 0.8851531 0.1044799 232 157 180
-0.1429534 0.8197287 0.1393218 232 157 180
-0.1073539 1.0738394 0.1292584 232 157 180
-0.1038719 0.8987621 0.1313783 232 157 180
-0.1327889 0.6978719 0.1003111 232 157 180
-0.1654096 0.8813605 0.1310516 232 157 180
-0.1239710 1.0369296 0.0975727 232 157 180
-0.1844580 0.7985917 0.1190345 232 157 180
-0.0998768 0.9371246 0.1313222 232 157 180
-0.1688079 0.6864066 0.0951922 232 157 180
-0.1771333 0.6940212 0.1342312 232 157 180
-0.1107285 0.7700567 0.1125964 232 157 180
-0.1829949 0.7053195 0.1308416 232 157 180
-0.1636505 0.9181543 0.1247060 232 157 180
-0.1145625 0.8768109 0.0943538 232 157 180
-0.1350239 0.6598954 0.1093882 232 157 180
-0.1110819 1.1127549 0.1119552 232 157 180
-0.1494933 0.9461932 0.1327428 232 157 180
-0.1558488 0.9175673 0.1329076 232 157 180
-0.1344171 0.9779680 0.0943511 232 157 180
-0.1785626 0.5620092 0.1110893 232 157 180
-0.1376814 1.0539370 0.1183039 232 157 180
-0.1129500 0.9359544 0.0926164 232 157 180
-0.1884712 0.6948550 0.1266824 232 157 180
-0.1428920 1.0311308 0.1153618 232 157 180
-0.1320875 0.6671582 0.1171180 232 157 180
-0.1187635 0.8771021 0.1366902 232 157 180
-0.1122146 1.0435292 0.1314788 232 157 180
-0.1360817 0.6757768 0.1268447 232 157 180
-0.1064579 1.1020448 0.1081258 232 157 180
-0.1444246 0.6919388 0.0960502 232 157 180
-0.1842116 0.6292166 0.1016273 232 157 180
-0.1241255 0.6986770 0.1125636 232 157 180
-0.1831379 0.8010357 0.1064935 232 157 180
-0.1416724 0.9540185 0.1351753 232 157 180
-0.1563508 0.6741806 0.0942422 232 157 180
-0.1840978 0.6457435 0.1300525 232 157 180
-0.1211726 0.7442885 0.1041198 232 157 180
-0.1574986 0.7460744 0.1381605 232 157 180
-0.0910699 1.0805554 0.1057667 232 157 180
-0.1021464 0.8321024 0.1235709 232 157 180
-0.1204004 0.8391032 0.1370523 232 157 180
-0.1194749 0.9957054 0.0945768 232 157 180
-0.1283233 0.8684134 0.1387966 232 157 180
-0.1683306 0.8772956 0.1290439 232 157 180
-0.1502813 0.6195784 0.1243680 232 157 180
-0.0912658 0.9679863 0.1055804 232 157 180
-0.1530739 0.7190824 0.1371075 232 157 180
-0.1166250 1.0587891 0.1012369 232 157 180
-0.1284509 1.0549918 0.1264994 232 157 180
-0.0924095 1.0828239 0.1057622 232 157 180
-0.1866837 0.7255995 0.1272642 232 157 180
-0.1284019 0.7173846 0.1295221 232 157 180
-0.1449781 0.6213908 0.1154298 232 157 180
-0.1401634 0.7781841 0.1381418 232 157 180
-0.1134439 1.0158744 0.1344386 232 157 180
-0.1923599 0.7243897 0.1150759 232 157 180
-0.1669297 0.8808093 0.1287578 232 157 180
-0.1144067 0.8441575 0.1347556 232 157 180
-0.1330215 1.0339478 0.1028272 232 157 180
-0.1167999 0.8344657 0.0963567 232 157 180
-0.1201262 1.0943387 0.1126329 232 157 180
-0.1417711 0.6528579 0.1036449 232 157 180
-0.0955397 0.9060971 0.1041567 232 157 180
-0.1679474 0.5706598 0.1109425 232 157 180
-0.0885204 0.9550343 0.1177149 232 157 180
-0.1404497 0.7164515 0.1342580 232 157 180
-0.1322650 0.6942825 0.1035567 232 157 180
-0.1518477 0.8734673 0.1369735 232 157 180
-0.1812784 0.8109104 0.1054713 232 157 180
-0.1347278 1.0337240 0.1014194 232 157 180
-0.0931706 0.9947234 0.1277322 232 157 180
-0.1395798 0.7895333 0.0904023 232 157 180
-0.1889888 0.6759090 0.1264287 232 157 180
-0.1566013 0.6020316 0.1193980 232 157 180
-0.1303805 0.9342273 0.1380093 232 157 180
-0.1001578 0.8698935 0.1025705 232 157 180
-0.1408032 1.0379846 0.1158123 232 157 180
-0.1522170 0.6521500 0.0987592 232 157 180
-0.1327901 0.9928449 0.0966892 232 157 180
-0.1902529 0.7451127 0.1088488 232 157 180
-0.1521972 0.6170906 0.1232008 232 157 180
-0.1947459 0.6482712 0.1169543 232 157 180
-0.1347425 1.0367191 0.1251955 232 157 180
-0.1541790 0.9230901 0.1328050 232 157 180
-0.1160863 0.7474476 0.1217545 232 157 180
-0.1602025 0.9344810 0.1253836 232 157 180
-0.1832910 0.7671259 0.1280384 232 157 180
-0.1932718 0.5914958 0.1172483 232 157 180
-0.1162465 0.8128481 0.0954985 232 157 180
-0.1386685 0.9007037 0.0904191 232 157 180
-0.0910460 0.9205807 0.1206751 232 157 180
-0.1025068 0.9279302 0.1326583 232 157 180
-0.1310981 1.0682355 0.1139368 232 157 180
-0.1646582 0.6844887 0.1358296 232 157 180
-0.1623112 0.5916445 0.1051677 232 157 180
-0.1565121 0.9683094 0.1095572 232 157 180
-0.1486277 0.9512028 0.0982626 232 157 180
-0.1790322 0.6357620 0.1303848 232 157 180
-0.1761757 0.8648623 0.1119443 232 157 180
-0.1128968 1.0944775 0.1229404 232 157 180
-0.1683029 0.6053609 0.1024098 232 157 180
-0.1701234 0.7405325 0.1356102 232 157 180
-0.1325871 0.9909332 0.0954310 232 157 180
-0.1009390 1.0824165 0.1046859 232 157 180
-0.1928165 0.6080716 0.1204282 232 157 180
-0.1587095 0.9258384 0.1292598 232 157 180
-0.1076361 0.7977828 0.1083781 232 157 180
-0.1098002 0.7818701 0.1117380 232 157 180
-0.1878984 0.7427212 0.1041765 232 157 180
-0.1948679 0.6573055 0.1125696 232 157 180
-0.1273962 0.7392476 0.1317962 232 157 180
-0.1272416 0.8743220 0.0905666 232 157 180
-0.1800523 0.7764634 0.1301215 232 157 180
-0.1942077 0.6859915 0.1166481 232 157 180
-0.1295545 1.0614644 0.1241577 232 157 180
-0.0992179 1.0900325 0.1230322 232 157 180
-0.0914029 0.9711560 0.1013223 232 157 180
-0.1074975 1.0980995 0.1064557 232 157 180
-0.1727783 0.6261928 0.0975638 232 157 180
-0.1706832 0.6172746 0.1000706 232 157 180
-0.1610137 0.6002648 0.1246343 232 157 180
-0.1120970 1.0357314 0.1322333 232 157 180
-0.1486262 0.8523003 0.1394783 232 157 180
-0.0851292 1.0483929 0.1142358 232 157 180
-0.1448662 1.0226495 0.1170900 232 157 180
-0.1918628 0.6695017 0.1238983 232 157 180
-0.0903536 1.0234286 0.1265515 232 157 180
-0.1905251 0.5776830 0.1169075 232 157 180
-0.1600479 0.9581492 0.1158890 232 157 180
-0.1335584 0.6809304 0.1248813 232 157 180
-0.1344533 0.6600782 0.1068223 232 157 180
-0.1253824 1.0589218 0.1048053 232 157 180
-0.1419359 0.6614516 0.1014365 232 157 180
-0.1640660 0.5794668 0.1128257 232 157 180
-0.1828381 0.5666668 0.1117129 232 157 180
-0.1913911 0.5842067 0.1191310 232 157 180
-0.0858875 1.0256797 0.1198533 232 157 180
-0.1305390 1.0539856 0.1252145 232 157 180
-0.1789812 0.8039631 0.1012500 232 157 180
-0.1495058 0.6501130 0.1000223 232 157 180
-0.1417994 0.6295881 0.1150089 232 157 180
-0.1812628 0.7254247 0.1307069 232 157 180
-0.1594360 0.9378094 0.1047196 232 157 180
-0.0919029 1.0865932 0.1075672 232 157 180
-0.1417311 0.7016611 0.0971587 232 157 180
-0.1874687 0.6300797 0.1035850 232 157 180
-0.1557833 0.5976433 0.1169410 232 157 180
-0.1947861 0.6725473 0.1107613 232 157 180
-0.1359025 1.0088216 0.0980943 232 157 180
-0.1721179 0.8919872 0.1190040 232 157 180
-0.1681390 0.6440763 0.1322116 232 157 180
-0.1204975 1.0796276 0.1248741 232 157 180
-0.0969152 1.0978929 0.1231780 232 157 180
-0.1075624 0.7988129 0.1176012 232 157 180
-0.1556272 0.6876318 0.1356881 232 157 180
-0.1518850 0.8464645 0.0909367 232 157 180
-0.1899360 0.7345786 0.1078092 232 157 180
-0.1366166 0.9041683 0.1396756 232 157 180
-0.1476428 0.8921208 0.0927713 232 157 180
-0.1150616 0.7959133 0.0989421 232 157 180
-0.1948210 0.6635482 0.1208465 232 157 180
-0.0963396 1.0292271 0.1292623 232 157 180
-0.1133633 1.0798098 0.1271108 232 157 180
-0.1170026 1.1016040 0.1170789 232 157 180
-0.1561993 0.8760780 0.0947243 232 157 180
-0.1008115 0.8339132 0.1218955 232 157 180
-0.1660110 0.7135895 0.1363018 232 157 180
-0.1820288 0.6749576 0.0996508 232 157 180
-0.1535333 0.9325110 0.0977409 232 157 180
-0.1387627 1.0349877 0.1069677 232 157 180
-0.1766962 0.7118448 0.0963219 232 157 180
-0.1747335 0.5675812 0.1137468 232 157 180
-0.1356149 1.0544313 0.1180583 232 157 180
-0.0873475 1.0620232 0.1225825 232 157 180
-0.0986443 1.1173028 0.1121426 232 157 180
-0.1753242 0.7574478 0.1335477 232 157 180
-0.0945333 1.1101362 0.1106397 232 157 180
-0.1682570 0.8106509 0.1348734 232 157 180
-0.1887891 0.6270167 0.1030502 232 157 180
-0.1829431 0.7194473 0.1300583 232 157 180
-0.1738502 0.6542391 0.0974042 232 157 180
-0.1935940 0.5930794 0.1132516 232 157 180
-0.1284105 0.6894454 0.1111369 232 157 180
-0.1900342 0.7216873 0.1225739 232 157 180
-0.1952564 0.6196165 0.1134177 232 157 180
-0.1822811 0.5758932 0.1076050 232 157 180
-0.1189888 0.9364131 0.1381839 232 157 180
-0.1634165 0.9407778 0.1138966 232 157 180
-0.1079323 0.7853283 0.1123691 232 157 180
-0.1345338 0.7690024 0.0924240 232 157 180
-0.1027232 0.8201873 0.1159623 232 157 180
-0.1067341 0.7892727 0.1130226 232 157 180
-0.1332570 0.6713682 0.1073890 232 157 180
-0.1225784 0.8532839 0.0916998 232 157 180
0.0920503 0.9205458 0.1205960 232 157 180
0.1805161 0.6043828 0.1041679 232 157 180
0.1741085 0.8839988 0.1111735 232 157 180
0.1871253 0.5946190 0.1056727 232 157 180
0.0952751 1.0645746 0.1036823 232 157 180
0.1630226 0.7453614 0.0917552 232 157 180
0.1026694 1.0769035 0.1020132 232 157 180
0.1924990 0.7460503 0.1109096 232 157 180
0.1514441 0.9668649 0.1009244 232 157 180
0.1885356 0.7673885 0.1099707 232 157 180
0.1666465 0.6030039 0.1268573 232 157 180
0.1807179 0.5745389 0.1219854 232 157 180
0.1584377 0.9211614 0.0991175 232 157 180
0.1057870 0.8920502 0.0971814 232 157 180
0.1374100 0.8530841 0.0898015 232 157 180
0.1725971 0.7634212 0.0947438 232 157 180
0.1475104 0.9748195 0.1292420 232 157 180
0.1664093 0.6431649 0.1329250 232 157 180
0.1445018 1.0292515 0.1118284 232 157 180
0.0873347 1.0450625 0.1212528 232 157 180
0.1537186 0.9885894 0.1195371 232 157 180
0.0933949 1.1027759 0.1131535 232 157 180
0.1775375 0.6487288 0.0985288 232 157 180
0.1500743 0.8379913 0.0903553 232 157 180
0.1945850 0.6342704 0.1113171 232 157 180
0.0945312 0.9958113 0.1287818 232 157 180
0.1742280 0.7772262 0.1332186 232 157 180
0.1436146 0.8168136 0.0898502 232 157 180
0.1334486 0.9989274 0.1335521 232 157 180
0.1437728 1.0084177 0.1265638 232 157 180
0.1184111 0.9954429 0.0935242 232 157 180
0.1253680 0.8710110 0.0912760 232 157 180
0.1077005 0.7931588 0.1118855 232 157 180
0.1665503 0.9123969 0.1223391 232 157 180
0.1407485 0.7107193 0.0967710 232 157 180
0.1324586 0.6870615 0.1028930 232 157 180
0.1385514 0.9972250 0.0983329 232 157 180
0.0944640 0.8905348 0.1217698 232 157 180
0.1784106 0.7182805 0.0974326 232 157 180
0.1801692 0.6177281 0.1015642 232 157 180
0.1554010 0.9036599 0.0954966 232 157 180
0.1951938 0.6146302 0.1135462 232 157 180
0.1665988 0.9264858 0.1122561 232 157 180
0.1719230 0.8675759 0.1257136 232 157 180
0.1013087 1.0734283 0.1274493 232 157 180
0.1350418 0.9871655 0.1334332 232 157 180
0.1903753 0.6980937 0.1245798 232 157 180
0.1667846 0.7562208 0.0940101 232 157 180
0.1468152 0.9938155 0.1265131 232 157 180
0.1577556 0.7539182 0.0911531 232 157 180
0.1676405 0.9112019 0.1075027 232 157 180
0.1377636 1.0492646 0.1098693 232 157 180
0.1339592 0.7704577 0.1361505 232 157 180
0.1463639 0.6173742 0.1128534 232 157 180
0.0860908 1.0890287 0.1157829 232 157 180
0.1615725 0.9464080 0.1118334 232 157 180
0.1713044 0.8217798 0.0973175 232 157 180
0.1277525 0.8471560 0.0909950 232 157 180
0.1233271 0.7987916 0.1352382 232 157 180
0.1694829 0.9079564 0.1114240 232 157 180
0.1834070 0.6037322 0.1258291 232 157 180
0.1284001 0.8551559 0.0907300 232 157 180
0.1892169 0.6914200 0.1045011 232 157 180
0.1145877 0.9888926 0.0947063 232 157 180
0.1248814 0.9154230 0.0914397 232 157 180
0.1923057 0.6731195 0.1061013 232 157 180
0.0973843 1.0313326 0.1292972 232 157 180
0.1270096 0.6903157 0.1224515 232 157 180
0.1295249 0.6851104 0.1208913 232 157 180
0.0912450 1.0600828 0.1054906 232 157 180
0.0957178 1.1099652 0.1179950 232 157 180
0.1753498 0.6052544 0.1007191 232 157 180
0.1864570 0.6624562 0.1269765 232 157 180
0.1733704 0.5946233 0.1260093 232 157 180
0.0900242 0.9288119 0.1131096 232 157 180
0.1744203 0.6744787 0.1334964 232 157 180
0.0963387 0.8664496 0.1107397 232 157 180
0.1095506 1.1127292 0.1130165 232 157 180
0.1468451 0.6269680 0.1057158 232 157 180
0.0872646 0.9940109 0.1258830 232 157 180
0.1378074 0.8606844 0.1396851 232 157 180
0.1184823 0.7246284 0.1151716 232 157 180
0.1352896 1.0205553 0.1001180 232 157 180
0.1101227 1.1148939 0.1212442 232 157 180
0.1005930 0.9763494 0.1330370 232 157 180
0.1328889 0.7458417 0.0959342 232 157 180
0.1521306 0.9128482 0.1346219 232 157 180
0.0960337 1.0364878 0.1302181 232 157 180
0.1686684 0.6576025 0.0965737 232 157 180
0.1876970 0.7754896 0.1102028 232 157 180
0.1567963 0.9018252 0.1332754 232 157 180
0.1257216 0.7474306 0.0982244 232 157 180
0.1863898 0.7065470 0.1010210 232 157 180
0.0866990 1.0162911 0.1234108 232 157 180
0.1025650 1.0993001 0.1239548 232 157 180
0.1381110 0.6447667 0.1143827 232 157 180
0.1532301 0.7492182 0.1387050 232 157 180
0.1840772 0.5689307 0.1059243 232 157 180
0.1516721 0.6581504 0.0982855 232 157 180
0.1696907 0.7442483 0.0937098 232 157 180
0.0947576 0.9805585 0.1299229 232 157 180
0.1032141 0.8851308 0.1310855 232 157 180
0.1392781 1.0397501 0.1178788 232 157 180
0.1953882 0.6487263 0.1116815 232 157 180
0.1875572 0.5851908 0.1086292 232 157 180
0.1582797 0.9242297 0.1000333 232 157 180
0.1198029 1.0806915 0.1071463 232 157 180
0.1898605 0.5827135 0.1181236 232 157 180
0.1883035 0.5835128 0.1203443 232 157 180
0.1888080 0.6541760 0.1264335 232 157 180
0.1619233 0.9442708 0.1199210 232 157 180
0.0960362 0.8853913 0.1214302 232 157 180
0.1412375 0.6401720 0.1097361 232 157 180
0.1471891 0.9859120 0.1278008 232 157 180
0.1666991 0.7896605 0.0934748 232 157 180
0.1369637 0.7053471 0.0990790 232 157 180
0.0863447 1.0650004 0.1117326 232 157 180
0.1550941 0.5918801 0.1124647 232 157 180
0.1671487 0.9166386 0.1134114 232 157 180
0.1055143 1.0411904 0.1324150 232 157 180
0.1484616 0.7532768 0.0909522 232 157 180
0.1409838 0.7513984 0.1379123 232 157 180
0.1551144 0.7848508 0.1393467 232 157 180
0.1164776 1.0309840 0.1326434 232 157 180
0.1748272 0.6863660 0.0967037 232 157 180
0.1509413 0.9779606 0.1046309 232 157 180
0.1203732 0.7201703 0.1112436 232 157 180
0.1511317 0.6934914 0.0937564 232 157 180
0.1512315 0.7307870 0.0918747 232 157 180
0.1230576 1.0504861 0.1303073 232 157 180
0.1307385 0.9053376 0.0899590 232 157 180
0.1234685 0.7169563 0.1078664 232 157 180
0.1742973 0.5835019 0.1034735 232 157 180
0.1364348 0.9288323 0.1388889 232 157 180
0.1092324 0.8126376 0.1288534 232 157 180
0.1768187 0.5860070 0.1225619 232 157 180
0.1700541 0.6400784 0.0974439 232 157 180
0.0966771 0.9076760 0.1029857 232 157 180
0.1759365 0.6160269 0.1292037 232 157 180
0.0867457 0.9761576 0.1191162 232 157 180
0.1162823 1.0942091 0.1116171 232 157 180
0.1352216 0.7205077 0.1325955 232 157 180
0.1731396 0.8816811 0.1205866 232 157 180
0.1849156 0.7995917 0.1140118 232 157 180
0.1099051 0.9358676 0.0940479 232 157 180
0.1913661 0.7121218 0.1102470 232 157 180
0.1855763 0.7638769 0.1261961 232 157 180
0.1199186 0.7500831 0.1026544 232 157 180
0.1008626 1.0426866 0.0997700 232 157 180
0.1167607 1.0997992 0.1176139 232 157 180
0.1024003 1.0125581 0.0979345 232 157 180
0.1657962 0.5949281 0.1041516 232 157 180
0.1377263 1.0432819 0.1096564 232 157 180
0.1346363 0.9515670 0.0933160 232 157 180
0.1764852 0.5757183 0.1231776 232 157 180
0.1517598 0.8437257 0.1383681 232 157 180
0.1556288 0.7349914 0.1377265 232 157 180
0.0888551 1.0443178 0.1229467 232 157 180
0.1276464 1.0810262 0.1163939 232 157 180
0.1511092 0.9721308 0.1265701 232 157 180
0.1921872 0.6192077 0.1230721 232 157 180
0.0890277 1.0903425 0.1187119 232 157 180
0.1369040 0.9174834 0.1384073 232 157 180
0.1291534 0.6833627 0.1081156 232 157 180
0.1379045 0.6452529 0.1157820 232 157 180
0.1611897 0.8654736 0.0952836 232 157 180
0.0911217 1.0859830 0.1106857 232 157 180
0.1925309 0.6483870 0.1070099 232 157 180
0.1935605 0.6847829 0.1128554 232 157 180
0.1080970 0.7853776 0.1111169 232 157 180
0.1245806 0.9890189 0.1353957 232 157 180
0.0938006 0.9867330 0.1011506 232 157 180
0.0963746 0.8971843 0.1262186 232 157 180
0.1550707 0.6745551 0.1342131 232 157 180
0.1938760 0.6140070 0.1183639 232 157 180
0.1790255 0.8498275 0.1104562 232 157 180
0.0921117 0.9509887 0.1043420 232 157 180
0.1570947 0.5990798 0.1125305 232 157 180
0.1288105 0.6984574 0.1248855 232 157 180
0.0883462 0.9394949 0.1149714 232 157 180
0.1458236 0.8664433 0.1391080 232 157 180
0.1372344 0.6910186 0.1288549 232 157 180
0.1664027 0.5734403 0.1114120 232 157 180
0.1729749 0.5637244 0.1120218 232 157 180
0.1523148 0.8378775 0.0920012 232 157 180
0.1727059 0.6547701 0.1330711 232 157 180
0.1772642 0.7963428 0.0993513 232 157 180
0.1291975 0.9327741 0.1382054 232 157 180
0.1094433 0.7869245 0.1186970 232 157 180
0.1160701 0.7328545 0.1144842 232 157 180
0.1286158 1.0000122 0.1347228 232 157 180
0.1875618 0.5709482 0.1137805 232 157 180
0.1248522 1.0424528 0.0989908 232 157 180
0.1586562 0.9495835 0.1246362 232 157 180
0.1906859 0.6146583 0.1065268 232 157 180
0.1728477 0.8679376 0.1040648 232 157 180
0.1199000 1.0667305 0.1279616 232 157 180
0.1171191 0.7370663 0.1178202 232 157 180
0.1669127 0.6526290 0.1338770 232 157 180
0.1823370 0.6890243 0.0980922 232 157 180
0.1687734 0.8883637 0.1257890 232 157 180
0.1795130 0.6710604 0.0974800 232 157 180
0.1704744 0.6999032 0.1364487 232 157 180
0.1381350 0.7448609 0.0929830 232 157 180
0.1248345 0.7961791 0.1366332 232 157 180
0.1475710 0.8692443 0.0917121 232 157 180
0.1717037 0.8922585 0.1203391 232 157 180
0.1913197 0.6448912 0.1226337 232 157 180
0.1318797 1.0314823 0.1014299 232 157 180
0.1857915 0.6530280 0.1017573 232 157 180
0.1364217 1.0480750 0.1132313 232 157 180
0.1872233 0.7789203 0.1204207 232 157 180
0.1012071 0.9774846 0.1326191 232 157 180
0.1637965 0.8883075 0.0992993 232 157 180
0.0971797 1.0708334 0.1270353 232 157 180
0.0897350 1.0785023 0.1231403 232 157 180
0.1714890 0.6258848 0.1305598 232 157 180
0.1804342 0.6700655 0.0989954 232 157 180
0.1769017 0.5801727 0.1250378 232 157 180
0.1528966 0.8286487 0.0907443 232 157 180
0.1450068 0.7638755 0.1382133 232 157 180
0.1563973 0.6327217 0.1006920 232 157 180
0.1891094 0.6127123 0.1238100 232 157 180
0.1811914 0.8035911 0.1053785 232 157 180
0.1698089 0.6946576 0.0951175 232 157 180
0.1221027 1.0878941 0.1112803 232 157 180
0.1143758 0.8070878 0.1314969 232 157 180
0.1788303 0.6889158 0.0959441 232 157 180
0.1316982 0.9590946 0.1371993 232 157 180
0.1551213 0.8556663 0.1375952 232 157 180
0.1184012 0.9405621 0.1373203 232 157 180
0.1624564 0.5831305 0.1218750 232 157 180
0.1654592 0.8208092 0.0939772 232 157 180
0.1100463 1.0906025 0.1258213 232 157 180
0.1276785 0.6989605 0.1249173 232 157 180
0.0915594 0.9255872 0.1063743 232 157 180
0.0973777 0.8576750 0.1156075 232 157 180
0.1353840 0.7141874 0.0980252 232 157 180
0.1744362 0.6103802 0.1022622 232 157 180
0.1053589 0.8133004 0.1244589 232 157 180
0.1482279 0.9809517 0.1002518 232 157 180
0.1522909 0.8727574 0.0918780 232 157 180
0.0878640 1.0944765 0.1166020 232 157 180
0.1834305 0.5706788 0.1204665 232 157 180
0.1487523 0.9065271 0.0935123 232 157 180
0.1779268 0.7426864 0.1336450 232 157 180
0.0926991 1.0459454 0.1020108 232 157 180
0.1746264 0.8573349 0.1063448 232 157 180
0.1403246 0.9955463 0.0991513 232 157 180
0.1771774 0.5823027 0.1230660 232 157 180
0.1452546 0.9768684 0.0999944 232 157 180
0.1352436 0.9314147 0.1380405 232 157 180
0.1047840 0.8267573 0.1033675 232 157 180
0.1539613 0.9377919 0.0984178 232 157 180
0.1777151 0.6223616 0.1299924 232 157 180
0.1181372 0.8167583 0.1352883 232 157 180
0.1933464 0.6315359 0.1100801 232 157 180
0.1326317 1.0332226 0.1005528 232 157 180
0.1860473 0.6894516 0.1293307 232 157 180
0.1805332 0.6808249 0.0991001 232 157 180
0.1312785 0.7412283 0.0946058 232 157 180
0.1137802 0.9685174 0.1362929 232 157 180
0.1592738 0.8620901 0.0947165 232 157 180
0.1253693 0.7033581 0.1075938 232 157 180
0.1246028 0.8661371 0.0908829 232 157 180
0.1744911 0.8238333 0.1000433 232 157 180
0.1085508 0.9388212 0.1357910 232 157 180
0.1211234 0.7481151 0.1271529 232 157 180
0.1490685 0.8952104 0.0925841 232 157 180
0.1395878 0.8045745 0.0893595 232 157 180
0.1250427 0.7417760 0.1304504 232 157 180
0.1256072 1.0690805 0.1075206 232 157 180
0.1398452 1.0072576 0.1006158 232 157 180
0.1580511 0.8874015 0.1354941 232 157 180
0.1232198 0.8856425 0.0906493 232 157 180
0.1548534 0.7279187 0.0925909 232 157 180
0.1644068 0.8146337 0.0945112 232 157 180
0.0966291 1.1081582 0.1190791 232 157 180
0.1335192 0.6669619 0.1087700 232 157 180
0.1673113 0.8580428 0.0979940 232 157 180
0.1516960 0.9984111 0.1111813 232 157 180
0.1458917 1.0107923 0.1231527 232 157 180
0.0958912 1.0099803 0.1285593 232 157 180
0.1852266 0.6138700 0.1028251 232 157 180
0.1075871 0.8001983 0.1215743 232 157 180
0.1239814 1.0569710 0.1288604 232 157 180
0.1209444 0.9506711 0.1386464 232 157 180
0.0920800 0.8952559 0.1163914 232 157 180
0.1412245 0.6708012 0.1296806 232 157 180
0.1844972 0.6784695 0.1306481 232 157 180
0.1065882 0.8248767 0.1020091 232 157 180
0.1888440 0.7578017 0.1212413 232 157 180
0.1505775 0.8667231 0.1378745 232 157 180
0.0959670 0.8793712 0.1189090 232 157 180
0.1193119 1.0213859 0.0963589 232 157 180
0.1878140 0.6082520 0.1060283 232 157 180
0.1034421 1.0177280 0.0964233 232 157 180
0.1400562 0.6768700 0.1009023 232 157 180
0.1265405 0.7060177 0.1242658 232 157 180
0.1469139 0.7089486 0.1362523 232 157 180
0.1240347 0.9083038 0.1391517 232 157 180
0.1940043 0.6560466 0.1094897 232 157 180
0.1262562 0.8214077 0.1382888 232 157 180
0.1156894 1.0943905 0.1212825 232 157 180
0.1172543 1.0105051 0.1347727 232 157 180
0.1091774 1.0987899 0.1245609 232 157 180
0.1183708 0.7382949 0.1096897 232 157 180
0.1840021 0.6695842 0.0987804 232 157 180
0.1049070 1.1198204 0.1188287 232 157 180
0.1954830 0.6926956 0.1152081 232 157 180
0.1679229 0.8825021 0.1015413 232 157 180
0.1469643 0.6159024 0.1142194 232 157 180
0.1512734 0.8040149 0.1397082 232 157 180
0.1878513 0.5837187 0.1090819 232 157 180
0.1594082 0.6451886 0.0978224 232 157 180
0.1135222 1.0263181 0.1341854 232 157 180
0.1643573 0.8822750 0.1323238 232 157 180
0.1282477 1.0615557 0.1241531 232 157 180
0.1270721 1.0147265 0.1334697 232 157 180
0.1393924 0.7995966 0.1397233 232 157 180
0.1693729 0.7423717 0.0939960 232 157 180
0.1408573 0.9493718 0.0949728 232 157 180
0.0994981 1.0156744 0.1313604 232 157 180
0.1426782 0.9720918 0.1317943 232 157 180
0.1647277 0.5774813 0.1175224 232 157 180
0.1258293 1.0497180 0.1296850 232 157 180
0.0991670 0.8417484 0.1215089 232 157 180
0.1581536 0.7859328 0.0913704 232 157 180
0.1648002 0.8679710 0.0983256 232 157 180
0.1446125 0.6241803 0.1145262 232 157 180
0.1343878 0.7115828 0.1322259 232 157 180
0.1698213 0.7926198 0.1341589 232 157 180
0.1546678 0.9863753 0.1147746 232 157 180
0.1657859 0.6004786 0.1254770 232 157 180
0.1248190 0.7028558 0.1210528 232 157 180
0.1263500 0.7850744 0.1358240 232 157 180
0.0942142 1.0560555 0.1037912 232 157 180
0.0890253 0.9534287 0.1088313 232 157 180
0.1119109 1.0979066 0.1075664 232 157 180
0.1348597 0.6539385 0.1118700 232 157 180
0.1024726 0.9018568 0.0981204 232 157 180
0.1215550 0.9985649 0.0949425 232 157 180
0.1298151 1.0455878 0.1023293 232 157 180
0.1426086 0.6874341 0.0973868 232 157 180
0.1487907 0.9364538 0.1332449 232 157 180
0.1726766 0.7315779 0.0953590 232 157 180
0.1089386 1.0562296 0.1313466 232 157 180
0.1265582 0.9321033 0.0917731 232 157 180
0.1123313 0.9087570 0.0929427 232 157 180
0.1233987 0.8285581 0.1367666 232 157 180
0.1575995 0.6404989 0.1314946 232 157 180
0.1939945 0.6693874 0.1108760 232 157 180
0.1160322 0.7888894 0.1306324 232 157 180
0.1361741 0.7724062 0.1380626 232 157 180
0.1032670 0.8227606 0.1232533 232 157 180
0.1084362 0.9824609 0.0951271 232 157 180
0.1949696 0.6377652 0.1144019 232 157 180
0.1797195 0.6657703 0.1333208 232 157 180
0.1813434 0.6728290 0.0998603 232 157 180
0.1591514 0.6485838 0.0965096 232 157 180
0.1726626 0.7914786 0.0963373 232 157 180
0.1435700 0.7763681 0.1394172 232 157 180
0.1290647 0.7497543 0.0968978 232 157 180
0.1772620 0.5918423 0.1036058 232 157 180
0.1560246 0.7433935 0.0912772 232 157 180
0.1235552 1.0389934 0.0980255 232 157 180
0.0967340 1.1080703 0.1120306 232 157 180
0.1541293 0.9305902 0.0987089 232 157 180
0.1127312 1.1065505 0.1153395 232 157 180
0.1622686 0.8488814 0.1351793 232 157 180
0.1350417 0.6956248 0.1289714 232 157 180
0.1025934 0.8256152 0.1086021 232 157 180
0.1922825 0.6455055 0.1241979 232 157 180
0.1528794 0.9410933 0.1310328 232 157 180
0.1377597 1.0302318 0.1045715 232 157 180
0.0916266 1.0200175 0.1264055 232 157 180
0.1541588 0.7198076 0.0917243 232 157 180
0.0880830 1.0807832 0.1153848 232 157 180
0.1495959 0.6451898 0.1299025 232 157 180
0.1348694 1.0602160 0.1131568 232 157 180
0.1125069 0.9478425 0.0942326 232 157 180
0.1777474 0.7699257 0.1313014 232 157 180
0.1280821 1.0698822 0.1069027 232 157 180
0.0931436 1.0334798 0.1025415 232 157 180
0.1192160 0.7432535 0.1063889 232 157 180
0.1377309 1.0000113 0.0988021 232 157 180
0.0924863 0.9074187 0.1144349 232 157 180
0.1267872 0.9972420 0.1359794 232 157 180
0.0994444 1.0892156 0.1232247 232 157 180
0.1642697 0.8154970 0.1351030 232 157 180
0.1720482 0.8541118 0.1284611 232 157 180
0.1510640 0.7166816 0.1376689 232 157 180
0.1445675 0.9274247 0.0938049 232 157 180
0.1396614 0.7082378 0.0967641 232 157 180
0.1843367 0.7307429 0.0999545 232 157 180
0.0903998 0.9521645 0.1214778 232 157 180
0.0881889 0.9485455 0.1186104 232 157 180
0.1067050 0.8132757 0.1225491 232 157 180
0.1605249 0.5875230 0.1194972 232 157 180
0.1596528 0.9441566 0.1058362 232 157 180
0.0925664 1.0307066 0.1026529 232 157 180
0.1470330 0.9857396 0.1263491 232 157 180
0.1295329 1.0233184 0.1320578 232 157 180
0.1448702 0.6550429 0.1289342 232 157 180
0.0919756 0.9808792 0.1012902 232 157 180
0.1816653 0.5705703 0.1222372 232 157 180
0.1146121 0.8780005 0.1359231 232 157 180
0.1441802 0.7668895 0.0908936 232 157 180
0.1583325 0.9191628 0.0977755 232 157 180
0.1145132 0.8638430 0.1358716 232 157 180
0.1887834 0.7565593 0.1190532 232 157 180
0.1876079 0.6195325 0.1268033 232 157 180
0.1137946 1.0817672 0.1036740 232 157 180
0.1049676 0.9092657 0.0951443 232 157 180
0.1697773 0.7615907 0.1363369 232 157 180
0.1356649 0.7225717 0.0969116 232 157 180
0.1767674 0.7529981 0.0973561 232 157 180
0.0898830 0.9574664 0.1064214 232 157 180
0.1477296 0.6182355 0.1086374 232 157 180
0.1627944 0.9077371 0.1297432 232 157 180
-0.4207953 -0.2382984 0.0659526 160 180 207
-0.3063813 -0.2960073 -0.0520119 160 180 207
-0.4048290 -0.4657133 0.0337349 160 180 207
-0.3553664 -0.4635307 0.0215037 160 180 207
-0.5335590 -0.4360028 0.1923343 160 180 207
-0.5608020 -0.3539197 0.0710902 160 180 207
-0.1261535 -0.4412110 0.1694849 160 180 207
-0.5589022 -0.3197398 0.0973303 160 180 207
-0.3321597 -0.2315298 0.0323905 160 180 207
-0.1282927 -0.2383061 0.1596250 160 180 207
-0.1997567 -0.4162138 -0.0120104 160 180 207
-0.3372980 -0.2370466 0.2785101 160 180 207
-0.1087288 -0.2559242 0.1254540 160 180 207
-0.3441688 -0.4825811 0.2387969 160 180 207
-0.2904718 -0.3206370 0.3866833 160 180 207
-0.2743517 -0.2392243 0.0332442 160 180 207
-0.4403603 -0.4613398 0.2431363 160 180 207
-0.2925273 -0.4030674 0.3720926 160 180 207
-0.2049802 -0.3393341 -0.0523371 160 180 207
-0.1411937 -0.3718295 -0.0043212 160 180 207
-0.0845631 -0.3330355 0.2925681 160 180 207
-0.0620720 -0.2837988 0.1047564 160 180 207
-0.5435113 -0.4151919 0.1972557 160 180 207
-0.4385935 -0.4635058 0.2613236 160 180 207
-0.4331206 -0.4221174 -0.0306038 160 180 207
-0.2975852 -0.4437141 -0.0152302 160 180 207
-0.0944891 -0.2679516 0.2386516 160 180 207
-0.4674613 -0.4597671 0.0978475 160 180 207
-0.4183122 -0.2242983 0.1360106 160 180 207
-0.3734879 -0.4864227 0.0805876 160 180 207
-0.0684130 -0.2762344 0.1505773 160 180 207
-0.2973627 -0.2617081 -0.0187366 160 180 207
-0.1332337 -0.4442531 0.1620759 160 180 207
-0.0817134 -0.2753493 0.1084587 160 180 207
-0.1773456 -0.2290892 0.2163205 160 180 207
-0.2950186 -0.3084216 0.3751863 160 180 207
-0.1721362 -0.3027133 0.3512706 160 180 207
-0.5372216 -0.4334091 0.1887827 160 180 207
-0.5235413 -0.4358352 0.0898310 160 180 207
-0.2900994 -0.3688253 -0.0730972 160 180 207
-0.5055896 -0.2778564 0.0658833 160 180 207
-0.5306156 -0.3063180 0.2465535 160 180 207
-0.1412690 -0.3964218 0.0020237 160 180 207
-0.4251875 -0.4283037 0.3230219 160 180 207
-0.2534121 -0.3237864 0.3825151 160 180 207
-0.4213424 -0.3919140 0.3583205 160 180 207
-0.1178046 -0.4298352 0.1032400 160 180 207
-0.4558798 -0.3189251 -0.0364510 160 180 207
-0.3683893 -0.2680394 -0.0111923 160 180 207
-0.4154254 -0.4758141 0.2369387 160 180 207
-0.1577894 -0.2842357 0.3313304 160 180 207
-0.2250368 -0.2509750 0.0152611 160 180 207
-0.5786088 -0.3549089 0.1472429 160 180 207
-0.5049078 -0.2608051 0.1876692 160 180 207
-0.3620776 -0.2525815 0.3067790 160 180 207
-0.0714592 -0.4049784 0.1518728 160 180 207
-0.5276483 -0.2773275 0.1563911 160 180 207
-0.2948625 -0.3270383 -0.0635722 160 180 207
-0.3915170 -0.2559123 0.0084741 160 180 207
-0.0668231 -0.2802991 0.1601370 160 180 207
-0.3046788 -0.2217986 0.2577247 160 180 207
-0.5366864 -0.2891548 0.1406731 160 180 207
-0.4993369 -0.3256223 -0.0001279 160 180 207
-0.3524730 -0.4736180 0.2686478 160 180 207
-0.2644626 -0.4546793 0.0240755 160 180 207
-0.1064393 -0.2998064 0.2926505 160 180 207
-0.1663436 -0.2404080 0.2660483 160 180 207
-0.3136259 -0.2342901 0.0426325 160 180 207
-0.5409370 -0.4169200 0.2219731 160 180 207
-0.5461662 -0.3904170 0.2591112 160 180 207
-0.4619554 -0.4469128 0.0331613 160 180 207
-0.4381261 -0.4809941 0.1696928 160 180 207
-0.3754455 -0.3760697 0.3769783 160 180 207
-0.2752099 -0.3395335 0.3892941 160 180 207
-0.5400460 -0.4204271 0.0812632 160 180 207
-0.1677548 -0.4243221 0.0155413 160 180 207
-0.4997379 -0.4110770 0.2893246 160 180 207
-0.4105802 -0.4156386 -0.0341559 160 180 207
-0.1461840 -0.2374664 0.2223245 160 180 207
-0.5314466 -0.3264528 0.2687415 160 180 207
-0.1136635 -0.4242113 0.0856467 160 180 207
-0.2894923 -0.4452815 0.3248910 160 180 207
-0.5012639 -0.2826090 0.0480179 160 180 207
-0.3583438 -0.2161869 0.1733656 160 180 207
-0.1297747 -0.4029903 0.3050005 160 180 207
-0.1958657 -0.2722401 0.3476697 160 180 207
-0.1234696 -0.3630650 0.0114428 160 180 207
-0.0628764 -0.3774562 0.2274919 160 180 207
-0.4102152 -0.2499893 0.0411850 160 180 207
-0.5109263 -0.2973902 0.0395455 160 180 207
-0.3325431 -0.3826088 -0.0766651 160 180 207
-0.5231185 -0.3548813 0.0021348 160 180 207
-0.2033827 -0.2995920 0.3647646 160 180 207
-0.3896908 -0.3548520 0.3746201 160 180 207
-0.2877776 -0.2957635 -0.0547157 160 180 207
-0.4060579 -0.4632223 0.2706982 160 180 207
-0.0622345 -0.3113548 0.0800658 160 180 207
-0.4645797 -0.4650122 0.2220604 160 180 207
-0.4031505 -0.2297581 0.2225615 160 180 207
-0.1930678 -0.2187191 0.1095633 160 180 207
-0.1520950 -0.2341977 0.2437487 160 180 207
-0.0643425 -0.3947107 0.1880840 160 180 207
-0.1342375 -0.2391002 0.2034019 160 180 207
-0.4063859 -0.2501214 0.0200949 160 180 207
-0.2188929 -0.3199331 -0.0532395 160 180 207
-0.1978737 -0.3668715 0.3727617 160 180 207
-0.5625795 -0.3653976 0.0658176 160 180 207
-0.2335797 -0.2260787 0.2701574 160 180 207
-0.4449204 -0.4646385 0.2386183 160 180 207
-0.4141763 -0.4198414 0.3358616 160 180 207
-0.1118531 -0.2564524 0.2329968 160 180 207
-0.5527918 -0.3416342 0.2477683 160 180 207
-0.5404347 -0.3101669 0.2304461 160 180 207
-0.0752171 -0.4077734 0.1946859 160 180 207
-0.4003733 -0.2617272 0.0008581 160 180 207
-0.2485473 -0.2300375 0.2928525 160 180 207
-0.4330581 -0.3231542 -0.0545597 160 180 207
-0.3406627 -0.3499621 -0.0719106 160 180 207
-0.0628950 -0.3020921 0.1716123 160 180 207
-0.5541701 -0.4007681 0.2378830 160 180 207
-0.0769666 -0.2806663 0.1087692 160 180 207
-0.5109642 -0.4182974 0.0413295 160 180 207
-0.4665366 -0.2550026 0.0578013 160 180 207
-0.0631858 -0.3552523 0.0741003 160 180 207
-0.1867564 -0.2178212 0.1453554 160 180 207
-0.3125228 -0.2826276 -0.0290477 160 180 207
-0.3818250 -0.3222019 -0.0604234 160 180 207
-0.1448999 -0.3974090 0.0157159 160 180 207
-0.3029536 -0.4657154 0.2931960 160 180 207
-0.5072255 -0.3653007 0.0012445 160 180 207
-0.4382395 -0.2888398 0.3270609 160 180 207
-0.1717649 -0.3150149 0.3657591 160 180 207
-0.4255371 -0.2260961 0.1341327 160 180 207
-0.4550303 -0.4712663 0.1618966 160 180 207
-0.2268365 -0.4641333 0.0589277 160 180 207
-0.5604978 -0.3717731 0.2332281 160 180 207
-0.4858326 -0.3634127 0.3314734 160 180 207
-0.3045702 -0.2322654 0.0349836 160 180 207
-0.5191985 -0.2758829 0.1134284 160 180 207
-0.3111761 -0.2143107 0.2114411 160 180 207
-0.4860533 -0.4329663 0.2803671 160 180 207
-0.5459850 -0.3139148 0.0645746 160 180 207
-0.3117693 -0.2789338 0.3585241 160 180 207
-0.0544379 -0.3686574 0.2066475 160 180 207
-0.0881127 -0.3874725 0.2748522 160 180 207
-0.1326421 -0.3748059 -0.0040966 160 180 207
-0.2269711 -0.4134645 0.3573282 160 180 207
-0.1549706 -0.2492336 0.0655759 160 180 207
-0.2318520 -0.4357407 0.0016028 160 180 207
-0.5129838 -0.4353615 0.2373759 160 180 207
-0.3695942 -0.4449049 -0.0022413 160 180 207
-0.1630445 -0.3954436 -0.0009864 160 180 207
-0.2703823 -0.2957709 0.3739247 160 180 207
-0.2648731 -0.2294125 0.2768673 160 180 207
-0.1809888 -0.3152646 0.3589573 160 180 207
-0.5200994 -0.4436615 0.1805512 160 180 207
-0.2532622 -0.2330983 0.0333770 160 180 207
-0.5704867 -0.3443882 0.1479614 160 180 207
-0.5005260 -0.4579561 0.1621149 160 180 207
-0.4044496 -0.2985144 -0.0296323 160 180 207
-0.0370548 -0.3275355 0.1783928 160 180 207
-0.4551704 -0.2628297 0.0210261 160 180 207
-0.0421552 -0.3306609 0.1357727 160 180 207
-0.2463484 -0.3719324 -0.0481422 160 180 207
-0.2628946 -0.4194280 -0.0309110 160 180 207
-0.4892858 -0.2665559 0.0790296 160 180 207
-0.5211526 -0.2725531 0.1145474 160 180 207
-0.4410172 -0.4777699 0.1128560 160 180 207
-0.5139400 -0.3647678 0.3025028 160 180 207
-0.1646298 -0.3840871 0.3530420 160 180 207
-0.3276504 -0.3562746 -0.0717148 160 180 207
-0.2551021 -0.4673783 0.2750789 160 180 207
-0.3749397 -0.3255367 0.3794332 160 180 207
-0.2997485 -0.4860048 0.1988804 160 180 207
-0.4571579 -0.3257139 0.3391641 160 180 207
-0.0948096 -0.4086988 0.2478268 160 180 207
-0.4299250 -0.2637748 0.2859897 160 180 207
-0.4699708 -0.3342028 0.3401531 160 180 207
-0.3862703 -0.4518033 -0.0037121 160 180 207
-0.3450498 -0.3381361 -0.0731816 160 180 207
-0.5733907 -0.3522619 0.0681586 160 180 207
-0.3293881 -0.4273879 -0.0365553 160 180 207
-0.1142181 -0.3311284 0.0094299 160 180 207
-0.0535969 -0.3195688 0.2403566 160 180 207
-0.2110752 -0.3131991 -0.0518935 160 180 207
-0.1303443 -0.3732096 0.0105686 160 180 207
-0.5349977 -0.4123774 0.2647463 160 180 207
-0.3712286 -0.3591647 0.3864321 160 180 207
-0.1931936 -0.2550355 0.0078557 160 180 207
-0.5269105 -0.3771243 0.0132475 160 180 207
-0.1012049 -0.4215559 0.1545640 160 180 207
-0.3886943 -0.4696828 0.0465574 160 180 207
-0.5350436 -0.4229079 0.2060623 160 180 207
-0.5285951 -0.2750704 0.1557287 160 180 207
-0.2775421 -0.3747854 -0.0645405 160 180 207
-0.1301699 -0.2853482 0.3088682 160 180 207
-0.5037322 -0.3015843 0.2848237 160 180 207
-0.1937712 -0.2148492 0.1947339 160 180 207
-0.3407498 -0.2974749 -0.0511742 160 180 207
-0.1878990 -0.4483640 0.2731796 160 180 207
-0.5054154 -0.3681686 0.3080662 160 180 207
-0.3178313 -0.4610012 0.0113877 160 180 207
-0.2037881 -0.3723725 0.3676286 160 180 207
-0.2960081 -0.2138126 0.1784922 160 180 207
-0.4614266 -0.3494917 -0.0294435 160 180 207
-0.0798516 -0.2973869 0.2663179 160 180 207
-0.0829640 -0.3372651 0.2947996 160 180 207
-0.4307816 -0.3568040 -0.0469378 160 180 207
-0.1859482 -0.2365371 0.2510214 160 180 207
-0.4160398 -0.3485889 -0.0609993 160 180 207
-0.4447409 -0.3306053 -0.0353249 160 180 207
-0.3483476 -0.4235756 0.3561827 160 180 207
-0.4918896 -0.4034926 0.3080658 160 180 207
-0.4534971 -0.2600613 0.2709247 160 180 207
-0.5266598 -0.4385302 0.1625578 160 180 207
-0.1435699 -0.3090922 -0.0045918 160 180 207
-0.5192065 -0.3249671 0.2773966 160 180 207
-0.2663310 -0.4870609 0.1748188 160 180 207
-0.2322503 -0.2960354 -0.0403202 160 180 207
-0.1912185 -0.3123986 0.3589056 160 180 207
-0.5178890 -0.2932729 0.0450127 160 180 207
-0.1049233 -0.2517000 0.2116973 160 180 207
-0.3105863 -0.3117523 -0.0655465 160 180 207
-0.2716504 -0.4102582 0.3636424 160 180 207
-0.2753665 -0.2977802 0.3721882 160 180 207
-0.1401214 -0.4160545 0.3029418 160 180 207
-0.3228712 -0.2600742 0.3295194 160 180 207
-0.4026187 -0.4424518 0.3218517 160 180 207
-0.2205133 -0.4492421 0.0501826 160 180 207
-0.2070502 -0.4726830 0.1540986 160 180 207
-0.0984759 -0.2922098 0.2811523 160 180 207
-0.1116140 -0.2499338 0.2155478 160 180 207
-0.5549377 -0.3351276 0.2379302 160 180 207
-0.2092835 -0.3586132 -0.0522286 160 180 207
-0.1154756 -0.2473214 0.1577223 160 180 207
-0.2719444 -0.4877315 0.1604046 160 180 207
-0.5088902 -0.2622902 0.1475704 160 180 207
-0.4275033 -0.3746379 0.3626642 160 180 207
-0.1094218 -0.2744108 0.0541397 160 180 207
-0.4506651 -0.3942882 0.3397404 160 180 207
-0.1047348 -0.2494743 0.1857932 160 180 207
-0.4010918 -0.3508986 0.3653289 160 180 207
-0.4671989 -0.4652977 0.0847609 160 180 207
-0.3029801 -0.4841144 0.2144243 160 180 207
-0.4130126 -0.3014838 0.3480583 160 180 207
-0.0670721 -0.2889600 0.1048841 160 180 207
-0.3769240 -0.4141901 0.3528726 160 180 207
-0.3621094 -0.3968087 -0.0584552 160 180 207
-0.1967915 -0.3051831 0.3636259 160 180 207
-0.2278266 -0.2142124 0.1042655 160 180 207
-0.1492454 -0.3970038 0.3185548 160 180 207
-0.5281489 -0.4159074 0.2582106 160 180 207
-0.1195642 -0.2627265 0.2483421 160 180 207
-0.5178347 -0.3171354 0.0266034 160 180 207
-0.3204817 -0.3208057 0.3916222 160 180 207
-0.0724972 -0.3602110 0.2706599 160 180 207
-0.5491634 -0.3138267 0.0849141 160 180 207
-0.1214229 -0.2750549 0.3006335 160 180 207
-0.2722273 -0.3830045 0.3854185 160 180 207
-0.4927329 -0.4626503 0.2183137 160 180 207
-0.5703762 -0.3319660 0.1471467 160 180 207
-0.1523366 -0.2468330 0.0644533 160 180 207
-0.2874276 -0.2254822 0.2682261 160 180 207
-0.2289638 -0.2162891 0.1065536 160 180 207
-0.0969564 -0.4287808 0.1784599 160 180 207
-0.5581406 -0.3834396 0.0707805 160 180 207
-0.5194306 -0.3836634 0.2806132 160 180 207
-0.1688216 -0.2663198 0.0024134 160 180 207
-0.5713257 -0.3487569 0.1713783 160 180 207
-0.1760314 -0.4443575 0.2685700 160 180 207
-0.2388356 -0.4762270 0.2282292 160 180 207
-0.1682226 -0.4205421 0.3129093 160 180 207
-0.2612486 -0.4252837 0.3411065 160 180 207
-0.1322223 -0.2847816 0.3240130 160 180 207
-0.3547277 -0.3904465 0.3862929 160 180 207
-0.2158995 -0.4652294 0.2530448 160 180 207
-0.4359700 -0.4795677 0.1416835 160 180 207
-0.4275177 -0.2371134 0.2251057 160 180 207
-0.3105442 -0.3450035 0.3943620 160 180 207
-0.3594343 -0.3623984 -0.0725529 160 180 207
-0.0958537 -0.4012821 0.0843698 160 180 207
-0.2769898 -0.2906355 -0.0444624 160 180 207
-0.4535524 -0.2523526 0.2560129 160 180 207
-0.3126673 -0.3107743 -0.0602088 160 180 207
-0.5500297 -0.3886805 0.0547771 160 180 207
-0.1421824 -0.4158378 0.0367308 160 180 207
-0.2177254 -0.4677215 0.0870733 160 180 207
-0.2493182 -0.4839713 0.1554148 160 180 207
-0.4335061 -0.2543675 0.0252804 160 180 207
-0.3745355 -0.4480092 0.0010919 160 180 207
-0.4115952 -0.3630737 -0.0535416 160 180 207
-0.3888400 -0.3978978 -0.0539308 160 180 207
-0.5616439 -0.3222589 0.1107550 160 180 207
-0.5213618 -0.4387950 0.2199991 160 180 207
-0.0684457 -0.3073967 0.2339427 160 180 207
-0.1041444 -0.2500668 0.1095980 160 180 207
-0.2226643 -0.3965675 0.3630089 160 180 207
-0.0782165 -0.3688546 0.2768997 160 180 207
-0.3144599 -0.2399251 0.2806573 160 180 207
-0.4541909 -0.2470199 0.0480789 160 180 207
-0.0662693 -0.3031158 0.0924634 160 180 207
-0.2339763 -0.2323020 0.2845672 160 180 207
-0.2631537 -0.4865164 0.1758808 160 180 207
-0.5507066 -0.4124619 0.1942881 160 180 207
-0.5553960 -0.3410425 0.0376012 160 180 207
-0.2175212 -0.2566080 0.0114541 160 180 207
-0.1912889 -0.2226308 0.1878471 160 180 207
-0.3494054 -0.2526097 0.3259153 160 180 207
-0.2661773 -0.2569075 0.3273214 160 180 207
-0.1989456 -0.3049251 -0.0268018 160 180 207
-0.3228399 -0.2484000 0.0034184 160 180 207
-0.1734462 -0.4659217 0.1982311 160 180 207
-0.1501185 -0.2286742 0.1705736 160 180 207
-0.2921369 -0.3676369 -0.0628843 160 180 207
-0.1890777 -0.3914122 -0.0233207 160 180 207
-0.2265954 -0.2990103 -0.0411318 160 180 207
-0.3567218 -0.2906703 0.3598952 160 180 207
-0.4757890 -0.3061177 0.3105480 160 180 207
-0.5319654 -0.2733784 0.1451492 160 180 207
-0.0750449 -0.2922476 0.0914697 160 180 207
-0.3766614 -0.4648164 0.0334886 160 180 207
-0.3338178 -0.2227358 0.0593919 160 180 207
-0.3703482 -0.3172869 0.3778492 160 180 207
-0.0595341 -0.2868686 0.1413252 160 180 207
-0.2731214 -0.2530470 0.3325685 160 180 207
-0.4903215 -0.2597664 0.2121856 160 180 207
-0.5615335 -0.4043144 0.1433208 160 180 207
-0.1559417 -0.3481310 -0.0130409 160 180 207
-0.3409749 -0.3484075 0.3849073 160 180 207
-0.3185394 -0.4424823 0.3253800 160 180 207
-0.2178636 -0.2150948 0.1683602 160 180 207
-0.1328290 -0.3964913 0.0208243 160 180 207
-0.4736554 -0.2521617 0.1997563 160 180 207
-0.3825386 -0.4364866 -0.0257115 160 180 207
-0.1153506 -0.3921032 0.3057093 160 180 207
-0.2118053 -0.2961509 -0.0341347 160 180 207
-0.4823160 -0.3003532 0.0142665 160 180 207
-0.5207934 -0.3554805 0.2896320 160 180 207
-0.2066608 -0.2408343 0.0350399 160 180 207
-0.4695444 -0.4119813 -0.0185006 160 180 207
-0.2652376 -0.3021313 0.3817064 160 180 207
-0.2010327 -0.3586666 -0.0496302 160 180 207
-0.1568361 -0.3324059 -0.0166953 160 180 207
-0.0871861 -0.2789566 0.2442453 160 180 207
-0.5714686 -0.3625290 0.1456648 160 180 207
-0.2912452 -0.3969933 0.3831122 160 180 207
-0.2757714 -0.2205518 0.0496869 160 180 207
-0.1267459 -0.4370656 0.1283825 160 180 207
-0.2201366 -0.2245483 0.0740551 160 180 207
-0.5321847 -0.3027826 0.2559383 160 180 207
-0.3103254 -0.2877713 0.3692020 160 180 207
-0.3850438 -0.4471534 0.3240824 160 180 207
-0.4355965 -0.3974759 -0.0413560 160 180 207
-0.2019968 -0.4420242 0.0311569 160 180 207
-0.2057400 -0.4631414 0.0846588 160 180 207
-0.0690930 -0.3802056 0.2531485 160 180 207
-0.0789348 -0.3121251 0.2579498 160 180 207
-0.5545146 -0.4015392 0.2255412 160 180 207
-0.3250195 -0.4867091 0.2104308 160 180 207
-0.2366470 -0.3342163 -0.0607751 160 180 207
-0.3253992 -0.3874130 0.3797883 160 180 207
-0.0793232 -0.3781824 0.1013860 160 180 207
-0.2868104 -0.2961725 0.3747887 160 180 207
-0.3229222 -0.3687922 0.3841974 160 180 207
-0.4898362 -0.2561640 0.1755220 160 180 207
-0.1171783 -0.2883982 0.0171805 160 180 207
-0.3151506 -0.2346475 0.2934224 160 180 207
-0.5165446 -0.3483155 0.2852494 160 180 207
-0.4198300 -0.2781845 0.3150627 160 180 207
-0.0665264 -0.4036828 0.1537941 160 180 207
-0.0759629 -0.2949894 0.2640735 160 180 207
-0.4122793 -0.2288945 0.0882413 160 180 207
-0.2107978 -0.2300423 0.2503941 160 180 207
-0.2794694 -0.4463381 -0.0015377 160 180 207
-0.2906403 -0.3288701 -0.0687845 160 180 207
-0.2568963 -0.4765449 0.2414411 160 180 207
-0.5288076 -0.4051725 0.0298823 160 180 207
-0.0809139 -0.3550972 0.0660923 160 180 207
-0.4535087 -0.2416469 0.1784064 160 180 207
-0.5491725 -0.4235705 0.1883207 160 180 207
-0.1876427 -0.2219718 0.2102274 160 180 207
-0.0446891 -0.3255492 0.1699615 160 180 207
-0.2430590 -0.4422866 0.0051594 160 180 207
-0.1382962 -0.4112126 0.3070391 160 180 207
-0.4519882 -0.3914922 -0.0359097 160 180 207
-0.3451812 -0.2482892 0.2985734 160 180 207
-0.2790552 -0.2193124 0.2243802 160 180 207
-0.4507796 -0.2864785 0.3174368 160 180 207
-0.5251908 -0.4069605 0.0484724 160 180 207
-0.3330816 -0.2110510 0.1178280 160 180 207
-0.0710701 -0.3094309 0.2553373 160 180 207
-0.2737308 -0.4535530 0.0235943 160 180 207
-0.0668282 -0.3087475 0.0886172 160 180 207
-0.1272908 -0.2883717 0.0322945 160 180 207
-0.1422402 -0.3028654 0.0042089 160 180 207
-0.4623112 -0.3854147 -0.0371682 160 180 207
-0.5594199 -0.4057645 0.1908007 160 180 207
-0.2404882 -0.3375289 -0.0549500 160 180 207
-0.1542068 -0.4417026 0.2462858 160 180 207
-0.0449596 -0.3514748 0.1914415 160 180 207
-0.3326860 -0.3120764 0.3838801 160 180 207
-0.0551379 -0.3816083 0.1958608 160 180 207
-0.4523297 -0.4735180 0.1886902 160 180 207
-0.1297783 -0.2356259 0.1867725 160 180 207
-0.5485649 -0.3512174 0.0440432 160 180 207
-0.3728769 -0.3214432 0.3802252 160 180 207
-0.5332035 -0.3085065 0.0478952 160 180 207
-0.0759374 -0.3559088 0.0564101 160 180 207
-0.2622671 -0.2096166 0.1197920 160 180 207
-0.4114780 -0.2576675 0.2959638 160 180 207
-0.5526395 -0.3101077 0.1915287 160 180 207
-0.2483537 -0.2122223 0.2130416 160 180 207
-0.1588491 -0.3624689 -0.0161965 160 180 207
-0.5723217 -0.3324351 0.1365872 160 180 207
-0.4731791 -0.2777132 0.0158039 160 180 207
-0.0526699 -0.3163825 0.2002712 160 180 207
-0.3018997 -0.3954104 0.3773988 160 180 207
-0.3458545 -0.2211916 0.2152756 160 180 207
-0.3009372 -0.2076991 0.1536431 160 180 207
-0.4361264 -0.2418748 0.2344556 160 180 207
-0.2648261 -0.4780969 0.0740319 160 180 207
-0.1548271 -0.3883097 -0.0197012 160 180 207
-0.4913734 -0.4407265 0.2544698 160 180 207
-0.2746288 -0.2119120 0.1714706 160 180 207
-0.3391591 -0.4411064 0.3268960 160 180 207
-0.1421852 -0.2269951 0.1887452 160 180 207
-0.2992449 -0.2266515 0.0448764 160 180 207
-0.0834954 -0.3359415 0.0545417 160 180 207
-0.2689679 -0.2481598 -0.0006169 160 180 207
-0.2497876 -0.4173236 -0.0311663 160 180 207
-0.4743994 -0.4407300 0.0338393 160 180 207
-0.3405883 -0.2162764 0.2024120 160 180 207
-0.5741049 -0.3390893 0.1364605 160 180 207
-0.1290272 -0.2998995 0.0172584 160 180 207
-0.5302164 -0.3598536 0.2786423 160 180 207
-0.2884973 -0.4760967 0.2498283 160 180 207
-0.1454095 -0.2820022 0.3200111 160 180 207
-0.4630714 -0.4601142 0.0705934 160 180 207
-0.4264897 -0.4818611 0.1612519 160 180 207
-0.5622984 -0.3118106 0.1993886 160 180 207
-0.1905155 -0.2137971 0.1700113 160 180 207
-0.4060545 -0.3054026 -0.0498720 160 180 207
-0.1177009 -0.4280727 0.2142873 160 180 207
-0.0851954 -0.2841334 0.2519191 160 180 207
-0.4499066 -0.2521788 0.0527602 160 180 207
-0.2713075 -0.2528896 -0.0044956 160 180 207
-0.3231972 -0.2114145 0.1840111 160 180 207
-0.2509626 -0.4761185 0.2190389 160 180 207
-0.5224503 -0.3295440 0.0125866 160 180 207
-0.5639201 -0.3758295 0.1990093 160 180 207
-0.2431615 -0.3236745 0.3846886 160 180 207
-0.3912524 -0.2232240 0.1856101 160 180 207
-0.1591538 -0.4448106 0.2721969 160 180 207
-0.2090602 -0.4570434 0.0513871 160 180 207
-0.4288994 -0.2441546 0.2485229 160 180 207
-0.5372153 -0.4329327 0.1163267 160 180 207
-0.3814586 -0.4550851 0.2993691 160 180 207
-0.0845705 -0.3985811 0.2362490 160 180 207
-0.1231059 -0.4054755 0.2834867 160 180 207
-0.4195792 -0.2533154 0.0411270 160 180 207
-0.3747094 -0.2181727 0.1479522 160 180 207
-0.4924996 -0.2717618 0.2339103 160 180 207
-0.1731381 -0.4530246 0.0791999 160 180 207
-0.1654317 -0.4376531 0.0531379 160 180 207
-0.2264776 -0.2466363 0.3156189 160 180 207
-0.4275026 -0.4672115 0.0679302 160 180 207
-0.1046514 -0.2586822 0.1323512 160 180 207
-0.2377391 -0.2580836 -0.0018456 160 180 207
-0.3914995 -0.2624532 -0.0145407 160 180 207
-0.2612876 -0.2210158 0.2717989 160 180 207
-0.1192481 -0.3789725 0.3114841 160 180 207
-0.1259677 -0.3808995 0.3153889 160 180 207
-0.2137927 -0.3361815 -0.0461306 160 180 207
-0.2759803 -0.2885166 0.3713793 160 180 207
-0.2605089 -0.3367244 -0.0610028 160 180 207
-0.0935271 -0.4077058 0.2252120 160 180 207
-0.2582455 -0.4421518 0.3232158 160 180 207
-0.1063984 -0.3463058 0.3099948 160 180 207
-0.1756724 -0.3402781 0.3582575 160 180 207
-0.2612589 -0.4853425 0.1531956 160 180 207
-0.3102319 -0.2666951 0.3413744 160 180 207
-0.4446680 -0.3765743 0.3548556 160 180 207
-0.2130991 -0.2778140 -0.0252644 160 180 207
-0.3589763 -0.2586842 -0.0098818 160 180 207
-0.1765208 -0.3341268 0.3701423 160 180 207
-0.3518598 -0.2303009 0.2706097 160 180 207
-0.1736139 -0.2643040 0.3171551 160 180 207
-0.3346176 -0.4734384 0.2717190 160 180 207
-0.2904423 -0.2487173 0.0024503 160 180 207
-0.0730642 -0.2877051 0.0931617 160 180 207
-0.0509086 -0.3003276 0.1766737 160 180 207
-0.2475871 -0.4560695 0.2920786 160 180 207
-0.1507795 -0.2822310 0.0076075 160 180 207
-0.3424536 -0.2542736 -0.0083946 160 180 207
-0.3896658 -0.4821631 0.0936522 160 180 207
-0.4979196 -0.3035813 0.2723114 160 180 207
-0.1772913 -0.3755676 -0.0282867 160 180 207
-0.5707230 -0.3925541 0.1758482 160 180 207
-0.4481191 -0.3780922 0.3552962 160 180 207
-0.2917714 -0.3506197 -0.0665708 160 180 207
-0.3425232 -0.4925696 0.1083430 160 180 207
-0.2490757 -0.4572008 0.0265011 160 180 207
-0.2869924 -0.3161701 0.3859140 160 180 207
-0.1536802 -0.2885845 0.3327616 160 180 207
-0.1275413 -0.3088650 -0.0076365 160 180 207
-0.2159314 -0.3005982 -0.0346677 160 180 207
-0.3254240 -0.3838713 0.3823173 160 180 207
-0.5688438 -0.3194840 0.1121690 160 180 207
-0.4429170 -0.4822291 0.1588997 160 180 207
-0.4843794 -0.4001357 0.3157099 160 180 207
-0.1795586 -0.4450240 0.0509014 160 180 207
-0.3343821 -0.4559081 -0.0043389 160 180 207
-0.5760043 -0.3401385 0.1634957 160 180 207
-0.2200888 -0.2482277 0.0210246 160 180 207
-0.4523134 -0.2845998 0.0113513 160 180 207
-0.3407238 -0.4588704 0.0143714 160 180 207
-0.1963605 -0.4134697 0.3440123 160 180 207
-0.5005859 -0.3738160 -0.0215039 160 180 207
-0.3387711 -0.4746471 0.2705950 160 180 207
-0.3150624 -0.2099494 0.2196548 160 180 207
-0.2376942 -0.4668942 0.2477708 160 180 207
-0.5095426 -0.3560271 -0.0026753 160 180 207
-0.0593434 -0.3621982 0.2411356 160 180 207
-0.3929120 -0.4914589 0.1349819 160 180 207
-0.5366920 -0.3215049 0.0492281 160 180 207
-0.5726547 -0.3448241 0.1168722 160 180 207
-0.2189143 -0.3866944 -0.0404759 160 180 207
-0.2092012 -0.3720861 -0.0449992 160 180 207
-0.2014978 -0.3642181 0.3819449 160 180 207
-0.2856419 -0.2538814 0.3357229 160 180 207
-0.4295515 -0.4232557 0.3318305 160 180 207
-0.0701395 -0.3499347 0.2692858 160 180 207
-0.4693162 -0.2466324 0.1655798 160 180 207
-0.2825701 -0.2119819 0.1221538 160 180 207
-0.5634514 -0.3132103 0.1920231 160 180 207
-0.2161690 -0.4648362 0.0799567 160 180 207
-0.2122383 -0.4539566 0.2918842 160 180 207
-0.0821145 -0.2805231 0.0982938 160 180 207
-0.4163933 -0.4332154 -0.0122580 160 180 207
-0.3751425 -0.2164147 0.1964934 160 180 207
-0.2655065 -0.2213176 0.2408466 160 180 207
-0.0437938 -0.3423284 0.1922493 160 180 207
-0.4868863 -0.2511690 0.1827035 160 180 207
-0.0589625 -0.3044526 0.2402219 160 180 207
-0.1653306 -0.3125314 0.3538038 160 180 207
-0.5181557 -0.3983303 0.0220273 160 180 207
-0.2301764 -0.4676867 0.0670563 160 180 207
-0.2737687 -0.2789878 -0.0308621 160 180 207
-0.1890627 -0.2259181 0.0998903 160 180 207
-0.2632495 -0.3287615 0.3829764 160 180 207
-0.5698668 -0.3613912 0.2124961 160 180 207
-0.4003620 -0.2273305 0.1450486 160 180 207
-0.2799174 -0.4855424 0.1058789 160 180 207
-0.2349767 -0.2821743 -0.0401421 160 180 207
-0.4836463 -0.4622014 0.1815865 160 180 207
-0.5590007 -0.3197379 0.1752033 160 180 207
-0.4102736 -0.4836394 0.1912176 160 180 207
-0.2668019 -0.4718179 0.0649142 160 180 207
-0.0555626 -0.3296025 0.2286988 160 180 207
-0.1676041 -0.2243903 0.1715577 160 180 207
-0.4030480 -0.3755440 -0.0599740 160 180 207
-0.3643553 -0.4748118 0.0361048 160 180 207
-0.3357685 -0.4171754 -0.0479397 160 180 207
-0.1102806 -0.3709372 0.0269365 160 180 207
-0.0850518 -0.3550190 0.0625302 160 180 207
-0.4121117 -0.4710311 0.2399070 160 180 207
-0.1452319 -0.4456659 0.2228789 160 180 207
-0.5296254 -0.2863507 0.1918026 160 180 207
-0.1684894 -0.3284594 -0.0231372 160 180 207
-0.3979180 -0.3393490 -0.0584058 160 180 207
-0.1223121 -0.3167130 0.0170466 160 180 207
-0.4406738 -0.4332735 0.3173997 160 180 207
-0.4910132 -0.4382255 0.2493894 160 180 207
-0.1294736 -0.3438104 0.3361382 160 180 207
-0.0803776 -0.3872846 0.0960062 160 180 207
-0.3174167 -0.4391820 0.3337174 160 180 207
-0.2368111 -0.2563372 0.3232320 160 180 207
-0.1189630 -0.2666216 0.0563646 160 180 207
-0.5558622 -0.3093055 0.1460593 160 180 207
-0.0517008 -0.3082871 0.2406376 160 180 207
-0.3682795 -0.2207989 0.2103613 160 180 207
-0.4427733 -0.3914150 -0.0450782 160 180 207
-0.1425376 -0.4257477 0.0445126 160 180 207
-0.3904710 -0.4864354 0.2207456 160 180 207
-0.0872591 -0.3476455 0.2939604 160 180 207
-0.4728013 -0.2785993 0.2798963 160 180 207
-0.3858190 -0.4810157 0.1934002 160 180 207
-0.1884224 -0.3850387 0.3634222 160 180 207
-0.2551264 -0.3682698 0.3901249 160 180 207
-0.1701820 -0.2735206 0.0032488 160 180 207
-0.1972400 -0.4548166 0.2639571 160 180 207
-0.4544498 -0.2641138 0.0282228 160 180 207
-0.2118789 -0.2314826 0.2795795 160 180 207
-0.4572068 -0.2842176 0.3029287 160 180 207
-0.1965002 -0.4672804 0.2203213 160 180 207
-0.1381486 -0.2859037 0.3199371 160 180 207
-0.3161687 -0.4600985 0.0061871 160 180 207
-0.0885484 -0.3354180 0.2994541 160 180 207
-0.2949446 -0.2351846 0.2947984 160 180 207
-0.1000859 -0.2616333 0.1088947 160 180 207
-0.5697865 -0.3943173 0.1487413 160 180 207
-0.3656519 -0.2696070 -0.0193346 160 180 207
-0.1385121 -0.4400340 0.1466204 160 180 207
-0.1827478 -0.4631316 0.1450903 160 180 207
-0.3154927 -0.3960431 -0.0573071 160 180 207
-0.5560750 -0.3534453 0.2441249 160 180 207
-0.3794812 -0.2288938 0.0676065 160 180 207
-0.0631016 -0.3127113 0.2634320 160 180 207
-0.2801369 -0.4809910 0.0846215 160 180 207
-0.0776411 -0.3983930 0.2255257 160 180 207
-0.0466461 -0.3625210 0.1117159 160 180 207
-0.1212113 -0.3903179 0.3123053 160 180 207
-0.3606546 -0.2600026 0.3272822 160 180 207
-0.1435351 -0.4215288 0.0402712 160 180 207
-0.2625586 -0.4719486 0.2681689 160 180 207
-0.5468717 -0.4061673 0.0654427 160 180 207
-0.2776185 -0.2549630 -0.0147832 160 180 207
-0.5133792 -0.3183123 0.0229784 160 180 207
-0.0529698 -0.3168223 0.1275114 160 180 207
-0.4906960 -0.2554891 0.1346955 160 180 207
-0.5487532 -0.4242899 0.1335906 160 180 207
-0.2590422 -0.4820902 0.1432041 160 180 207
-0.0717076 -0.3951953 0.1458494 160 180 207
-0.5702323 -0.3833662 0.1529315 160 180 207
-0.5750168 -0.3612068 0.1646152 160 180 207
-0.5073076 -0.4132223 0.2809761 160 180 207
-0.3696168 -0.3513760 -0.0682939 160 180 207
-0.3863249 -0.2819208 0.3405072 160 180 207
-0.5113019 -0.3480449 -0.0056348 160 180 207
-0.1850088 -0.4643222 0.1109783 160 180 207
-0.1359994 -0.4327738 0.2660701 160 180 207
-0.4424869 -0.2839811 0.3009587 160 180 207
-0.5137938 -0.3462710 0.2927280 160 180 207
-0.2503459 -0.3073376 -0.0446890 160 180 207
-0.0967306 -0.2718961 0.2458936 160 180 207
-0.5536447 -0.3899081 0.2452657 160 180 207
-0.3418818 -0.3270045 0.3864097 160 180 207
-0.3712248 -0.4606800 0.0202668 160 180 207
-0.5205724 -0.4225016 0.0439312 160 180 207
-0.5655569 -0.3814752 0.2072913 160 180 207
-0.3103450 -0.3659530 -0.0687080 160 180 207
-0.3757602 -0.2207343 0.1098571 160 180 207
-0.0767056 -0.4027272 0.1127901 160 180 207
-0.0954051 -0.4242265 0.1300508 160 180 207
-0.2835935 -0.4822189 0.2170874 160 180 207
-0.2502278 -0.4851081 0.1625352 160 180 207
-0.4749451 -0.2663317 0.2560131 160 180 207
-0.4269359 -0.2295197 0.1610076 160 180 207
-0.3880915 -0.2342084 0.2382667 160 180 207
-0.2233324 -0.2906938 -0.0354567 160 180 207
-0.5115882 -0.4451942 0.1121873 160 180 207
-0.0950503 -0.4215517 0.1585555 160 180 207
-0.3318627 -0.3299289 -0.0712425 160 180 207
-0.4900388 -0.2565505 0.1465274 160 180 207
-0.3938209 -0.3825282 -0.0559461 160 180 207
-0.4758569 -0.3550470 -0.0356386 160 180 207
-0.4174651 -0.3256016 0.3707618 160 180 207
-0.0395066 -0.3293025 0.1557963 160 180 207
-0.2429873 -0.3849551 0.3783068 160 180 207
-0.3292381 -0.2862745 -0.0417530 160 180 207
-0.5541152 -0.3207915 0.0725270 160 180 207
-0.2948121 -0.4862454 0.0837609 160 180 207
-0.5497718 -0.4181740 0.1722990 160 180 207
-0.0576642 -0.3585531 0.1292223 160 180 207
-0.4448327 -0.2434783 0.0835624 160 180 207
-0.1518152 -0.3980983 0.3262689 160 180 207
-0.1780068 -0.2958026 -0.0252854 160 180 207
-0.4880942 -0.2829900 0.0322883 160 180 207
-0.4513706 -0.4450531 0.0246933 160 180 207
-0.4548376 -0.4651356 0.0841999 160 180 207
-0.1106655 -0.3270102 0.3160402 160 180 207
-0.1378650 -0.2828479 0.0298075 160 180 207
-0.1252287 -0.4255469 0.2637904 160 180 207
-0.2778831 -0.3752903 -0.0631062 160 180 207
-0.5148949 -0.4280742 0.0387048 160 180 207
-0.3955862 -0.2313466 0.0822135 160 180 207
-0.3797964 -0.4810678 0.0697887 160 180 207
-0.4422316 -0.3021304 -0.0306249 160 180 207
-0.4469489 -0.3058924 0.3308427 160 180 207
-0.2930322 -0.4821738 0.0913998 160 180 207
-0.3970252 -0.4654683 0.2742099 160 180 207
-0.1856168 -0.4692267 0.2044024 160 180 207
-0.1318552 -0.2877815 0.0295647 160 180 207
-0.2776420 -0.4437052 -0.0040363 160 180 207
-0.1267387 -0.3908227 0.0077939 160 180 207
-0.3598900 -0.4770712 0.0669134 160 180 207
-0.1199837 -0.4239909 0.1144746 160 180 207
-0.3346585 -0.2865714 -0.0482967 160 180 207
-0.3885884 -0.4595033 0.0229959 160 180 207
-0.4170304 -0.4706394 0.2453567 160 180 207
-0.1072662 -0.3751976 0.3081703 160 180 207
-0.2535789 -0.3038919 0.3769910 160 180 207
-0.5109438 -0.2899617 0.2597250 160 180 207
-0.2176921 -0.2584450 -0.0024490 160 180 207
-0.3355093 -0.3008530 0.3778631 160 180 207
-0.4208036 -0.3517032 -0.0588189 160 180 207
-0.2395463 -0.3168490 0.3815702 160 180 207
-0.4574781 -0.2670229 0.0331231 160 180 207
-0.3258837 -0.2880397 0.3616485 160 180 207
-0.1846581 -0.3245953 0.3650362 160 180 207
-0.0633629 -0.2759594 0.1457345 160 180 207
-0.4689336 -0.3456773 0.3310570 160 180 207
-0.4209277 -0.2762056 0.3073050 160 180 207
-0.3812930 -0.2155369 0.1863876 160 180 207
-0.3168599 -0.4209982 0.3609343 160 180 207
-0.1079593 -0.3997660 0.0654017 160 180 207
-0.1623997 -0.2805713 0.0090834 160 180 207
-0.3691814 -0.3129110 -0.0539965 160 180 207
-0.4912508 -0.4495030 0.2397496 160 180 207
-0.2280587 -0.2733155 -0.0151845 160 180 207
-0.4298615 -0.3517428 -0.0443614 160 180 207
-0.1428960 -0.3083783 0.3478809 160 180 207
-0.4610234 -0.4495412 0.0506285 160 180 207
-0.4539243 -0.4062358 -0.0302551 160 180 207
-0.3661789 -0.2750175 0.3510418 160 180 207
-0.4895465 -0.4228201 0.0255554 160 180 207
-0.4649874 -0.2658581 0.0287145 160 180 207
-0.2226266 -0.4167305 -0.0120704 160 180 207
-0.5139261 -0.3434598 0.0060036 160 180 207
-0.1920557 -0.4117433 0.3390786 160 180 207
-0.1440986 -0.4099454 0.3021835 160 180 207
-0.3762879 -0.2190177 0.1383031 160 180 207
-0.1661899 -0.4095709 0.0085171 160 180 207
-0.1683182 -0.2341792 0.2446178 160 180 207
-0.4335354 -0.2590043 0.0351260 160 180 207
-0.0978948 -0.2808857 0.0635196 160 180 207
-0.2585462 -0.3467118 -0.0653548 160 180 207
-0.3032596 -0.4260842 -0.0366984 160 180 207
-0.4570594 -0.4036564 -0.0218031 160 180 207
-0.5530850 -0.3889584 0.2387644 160 180 207
-0.1337404 -0.3003203 0.0239103 160 180 207
-0.5408418 -0.3803377 0.2618864 160 180 207
-0.5499174 -0.3901316 0.2312631 160 180 207
-0.0758287 -0.3469460 0.0510347 160 180 207
-0.2264672 -0.2198773 0.2579389 160 180 207
-0.2618482 -0.3477292 -0.0562422 160 180 207
-0.2591071 -0.3581430 0.3920761 160 180 207
-0.1281394 -0.4321204 0.2591285 160 180 207
-0.4018626 -0.4705305 0.0552063 160 180 207
-0.4354946 -0.2315672 0.1309891 160 180 207
-0.3648286 -0.2911199 0.3595850 160 180 207
-0.3263271 -0.2949704 0.3691037 160 180 207
-0.1313718 -0.2352510 0.1968427 160 180 207
-0.2673570 -0.2575286 -0.0122248 160 180 207
-0.3995335 -0.4136737 -0.0411359 160 180 207
-0.5561234 -0.3720728 0.2281640 160 180 207
-0.1769626 -0.4138698 0.3320057 160 180 207
-0.4328734 -0.4621250 0.2655163 160 180 207
-0.1364975 -0.3503009 0.3468492 160 180 207
-0.3983652 -0.4805243 0.2197728 160 180 207
-0.0696829 -0.3012715 0.0842435 160 180 207
-0.5769363 -0.3704524 0.1961780 160 180 207
-0.4286218 -0.2312251 0.1226093 160 180 207
-0.0725753 -0.3578168 0.2795271 160 180 207
-0.2604281 -0.4393596 0.0027767 160 180 207
-0.5203339 -0.4456106 0.1879614 160 180 207
-0.3790983 -0.4758468 0.2563664 160 180 207
-0.1570254 -0.2344714 0.2479154 160 180 207
-0.5654011 -0.3270931 0.2076935 160 180 207
-0.4706072 -0.2795698 0.2799893 160 180 207
-0.4478026 -0.4239267 -0.0172146 160 180 207
-0.3429929 -0.2305646 0.0376193 160 180 207
-0.2914138 -0.3592577 -0.0702005 160 180 207
-0.1975635 -0.4637623 0.2351220 160 180 207
-0.5836868 -0.3502332 0.1099887 160 180 207
-0.2225249 -0.4060628 0.3575908 160 180 207
-0.1704808 -0.4142717 0.0097999 160 180 207
-0.3216539 -0.2136332 0.2364605 160 180 207
-0.4489289 -0.3486570 -0.0481627 160 180 207
-0.4363914 -0.3389350 0.3601999 160 180 207
-0.3270178 -0.4805212 0.0774239 160 180 207
-0.3343008 -0.3054465 0.3687949 160 180 207
-0.1014083 -0.3524073 0.3060739 160 180 207
-0.0664034 -0.3259124 0.2649764 160 180 207
-0.5438813 -0.3102861 0.1475009 160 180 207
-0.1731157 -0.2447528 0.2867565 160 180 207
-0.1417906 -0.2377816 0.2084016 160 180 207
-0.5203794 -0.3015398 0.2671524 160 180 207
-0.4217022 -0.4112583 -0.0420312 160 180 207
-0.2790466 -0.4756079 0.2625244 160 180 207
-0.5270497 -0.3123933 0.0519995 160 180 207
-0.0476062 -0.3134653 0.2065610 160 180 207
-0.5044710 -0.3714556 0.2935257 160 180 207
-0.3174518 -0.2335070 0.0229242 160 180 207
-0.1544952 -0.2687841 0.3044308 160 180 207
-0.0902509 -0.4067616 0.1004123 160 180 207
-0.5474311 -0.3877183 0.0512197 160 180 207
-0.4683518 -0.3313161 -0.0317826 160 180 207
-0.5484315 -0.3603359 0.0502997 160 180 207
-0.3005624 -0.4857010 0.1892823 160 180 207
-0.5046834 -0.3341466 0.3033065 160 180 207
-0.0578940 -0.3010392 0.1591483 160 180 207
-0.0887338 -0.2751910 0.0826258 160 180 207
-0.4832797 -0.3096007 0.3166218 160 180 207
-0.4890160 -0.2965864 0.0187539 160 180 207
-0.1467468 -0.4061485 0.3181499 160 180 207
-0.3210196 -0.3837008 -0.0715679 160 180 207
-0.1903089 -0.4368659 0.2945319 160 180 207
-0.2758397 -0.3692392 -0.0565041 160 180 207
-0.2066769 -0.2215706 0.2264584 160 180 207
-0.4638776 -0.3886466 0.3344012 160 180 207
-0.5502224 -0.4181904 0.1877791 160 180 207
-0.0664916 -0.3385178 0.2881240 160 180 207
-0.3853429 -0.4906563 0.1243121 160 180 207
-0.2158398 -0.4388579 0.3128486 160 180 207
-0.5157693 -0.3506527 -0.0155327 160 180 207
-0.1252591 -0.3720334 0.0124112 160 180 207
-0.1628811 -0.3145017 0.3557899 160 180 207
-0.1403263 -0.4473839 0.1928128 160 180 207
-0.2773598 -0.4499883 0.0150978 160 180 207
-0.2825427 -0.2703209 -0.0255684 160 180 207
-0.3704040 -0.4676767 0.0294008 160 180 207
-0.5212476 -0.3081493 0.0311570 160 180 207
-0.4301720 -0.2774361 0.3121983 160 180 207
-0.1887554 -0.2219336 0.2108332 160 180 207
-0.3899431 -0.4187684 0.3409093 160 180 207
-0.3078863 -0.2675554 0.3482862 160 180 207
-0.0741869 -0.3396288 0.2581364 160 180 207
-0.5169199 -0.3600041 -0.0059470 160 180 207
-0.3671352 -0.2196630 0.1073033 160 180 207
-0.0614717 -0.3613233 0.0971532 160 180 207
-0.5490899 -0.4095317 0.0964577 160 180 207
-0.1976889 -0.4374460 0.0254190 160 180 207
-0.3368029 -0.4283411 0.3448079 160 180 207
-0.0848337 -0.2693572 0.2465036 160 180 207
-0.3585006 -0.4779995 0.2558488 160 180 207
-0.0440350 -0.3563173 0.1633005 160 180 207
-0.5268717 -0.3125572 0.2638021 160 180 207
-0.1608788 -0.4072007 0.3328782 160 180 207
-0.3446308 -0.2309607 0.2733251 160 180 207
-0.3337476 -0.4572062 0.0091974 160 180 207
-0.1506369 -0.2318124 0.1500747 160 180 207
-0.1747278 -0.4494992 0.0758022 160 180 207
-0.2668394 -0.2105850 0.2189107 160 180 207
-0.1519138 -0.3131512 -0.0125893 160 180 207
-0.3106156 -0.2367619 0.0320734 160 180 207
-0.3320419 -0.2514056 -0.0078864 160 180 207
-0.2553171 -0.4647262 0.2757012 160 180 207
-0.0882410 -0.2643352 0.1310057 160 180 207
-0.2066323 -0.3154093 -0.0416785 160 180 207
-0.1897756 -0.2352081 0.2742987 160 180 207
-0.2639101 -0.2253750 0.0465047 160 180 207
-0.1254228 -0.4191371 0.2691831 160 180 207
-0.1218981 -0.3734364 0.0028614 160 180 207
-0.2487274 -0.3715098 0.3797618 160 180 207
-0.1975803 -0.2287241 0.2617269 160 180 207
-0.2650681 -0.2149563 0.1114862 160 180 207
-0.1941209 -0.4432351 0.0429690 160 180 207
-0.4988589 -0.4460596 0.0705203 160 180 207
-0.2995385 -0.3518929 0.3977397 160 180 207
0.2131662 -0.4274424 0.3265489 160 180 207
0.3443212 -0.2144672 0.0990476 160 180 207
0.3473821 -0.2107222 0.1866872 160 180 207
0.5336146 -0.3928752 0.0344221 160 180 207
0.0929732 -0.3941329 0.0605572 160 180 207
0.4704593 -0.2464596 0.1782353 160 180 207
0.1304804 -0.3571454 0.0024270 160 180 207
0.1899065 -0.4154691 -0.0039108 160 180 207
0.1497650 -0.4512780 0.1827349 160 180 207
0.1173552 -0.2484508 0.2343038 160 180 207
0.4668622 -0.4698863 0.1335726 160 180 207
0.4662949 -0.3865774 0.3395565 160 180 207
0.1047594 -0.3227194 0.3121856 160 180 207
0.3433874 -0.3926803 -0.0550730 160 180 207
0.0888519 -0.4062591 0.2364769 160 180 207
0.2672148 -0.4166564 -0.0375547 160 180 207
0.3534657 -0.3215602 -0.0717790 160 180 207
0.2123113 -0.4400431 0.0197076 160 180 207
0.1371707 -0.2582644 0.0633901 160 180 207
0.0634737 -0.3753376 0.2298254 160 180 207
0.1861694 -0.4112400 -0.0023528 160 180 207
0.4612933 -0.4293360 -0.0039081 160 180 207
0.2364041 -0.2963068 0.3679006 160 180 207
0.1625431 -0.4569863 0.1213907 160 180 207
0.4530519 -0.4720993 0.1525397 160 180 207
0.5279340 -0.3433982 0.0166128 160 180 207
0.5726560 -0.3547774 0.1076259 160 180 207
0.3638230 -0.2232521 0.1064931 160 180 207
0.2520947 -0.2923362 0.3743504 160 180 207
0.2343071 -0.2785056 -0.0286076 160 180 207
0.4678230 -0.2783296 0.3016355 160 180 207
0.4597624 -0.2449310 0.1643252 160 180 207
0.3282275 -0.4817897 0.1030926 160 180 207
0.4699341 -0.2459387 0.1540098 160 180 207
0.1448735 -0.3781474 0.3431760 160 180 207
0.2860436 -0.4766105 0.2569994 160 180 207
0.5111120 -0.3543392 0.0070619 160 180 207
0.5809016 -0.3690194 0.1922408 160 180 207
0.1213429 -0.4384025 0.1228044 160 180 207
0.1192830 -0.3839056 0.3251353 160 180 207
0.2138013 -0.3790442 -0.0525082 160 180 207
0.1038719 -0.3200229 0.3212439 160 180 207
0.4945916 -0.3028062 0.0294513 160 180 207
0.2454510 -0.2371491 0.0320225 160 180 207
0.0474835 -0.3536567 0.1459830 160 180 207
0.2449732 -0.4657509 0.2546485 160 180 207
0.0637951 -0.2881347 0.2327873 160 180 207
0.4674878 -0.2581535 0.2394321 160 180 207
0.4851212 -0.2761401 0.0322084 160 180 207
0.2096869 -0.3327856 -0.0498762 160 180 207
0.1265647 -0.3863642 0.0158790 160 180 207
0.4951280 -0.2579509 0.1385690 160 180 207
0.3143374 -0.2409088 0.0193016 160 180 207
0.3726975 -0.2384079 0.2838360 160 180 207
0.4588505 -0.4714915 0.1074742 160 180 207
0.5679628 -0.3747801 0.0921226 160 180 207
0.1961929 -0.4050421 -0.0208311 160 180 207
0.2210882 -0.4735340 0.2277500 160 180 207
0.2567922 -0.4582295 0.2966230 160 180 207
0.3388707 -0.3701478 0.3899036 160 180 207
0.4643495 -0.2913127 0.2962071 160 180 207
0.4838544 -0.4002832 0.3148013 160 180 207
0.2455188 -0.2691609 -0.0185184 160 180 207
0.4219807 -0.2284162 0.2147357 160 180 207
0.4094311 -0.3718063 -0.0528836 160 180 207
0.4809536 -0.2737863 0.0415017 160 180 207
0.0609246 -0.3231903 0.1015551 160 180 207
0.5163147 -0.2825677 0.0832353 160 180 207
0.4045719 -0.2726558 -0.0113756 160 180 207
0.5231346 -0.4452494 0.1277282 160 180 207
0.1985945 -0.2721476 -0.0076228 160 180 207
0.0536141 -0.3042014 0.1479481 160 180 207
0.3731675 -0.2526494 0.3108104 160 180 207
0.2995083 -0.2112835 0.1798694 160 180 207
0.1536408 -0.2850756 0.0034968 160 180 207
0.0715461 -0.3173722 0.2677080 160 180 207
0.2471329 -0.3683628 -0.0656465 160 180 207
0.4567879 -0.3669443 -0.0335454 160 180 207
0.4953675 -0.3016067 0.0304379 160 180 207
0.4728220 -0.2536976 0.1891640 160 180 207
0.4135435 -0.4079762 -0.0401017 160 180 207
0.2177469 -0.4734733 0.2081705 160 180 207
0.1524483 -0.4446276 0.0725963 160 180 207
0.3452365 -0.2742571 0.3502541 160 180 207
0.3705579 -0.4319385 0.3379797 160 180 207
0.1947851 -0.2553923 0.3037671 160 180 207
0.4581015 -0.4374059 0.2867243 160 180 207
0.3998712 -0.3235191 -0.0572993 160 180 207
0.3167138 -0.2089946 0.1842249 160 180 207
0.5127944 -0.3306734 0.2879741 160 180 207
0.2139827 -0.4105799 0.3402534 160 180 207
0.5011702 -0.2669837 0.1209414 160 180 207
0.0550515 -0.3055306 0.1404304 160 180 207
0.0920945 -0.3923172 0.2594563 160 180 207
0.0435799 -0.3522470 0.1506166 160 180 207
0.1818470 -0.4059088 0.0021757 160 180 207
0.4937147 -0.4355235 0.0468306 160 180 207
0.3395236 -0.4518095 -0.0166929 160 180 207
0.2955185 -0.3809788 0.3903275 160 180 207
0.4670459 -0.3825292 -0.0292900 160 180 207
0.2015058 -0.2140659 0.1557347 160 180 207
0.5686939 -0.3819907 0.0866445 160 180 207
0.3393752 -0.2526604 0.0079054 160 180 207
0.1580506 -0.3630647 -0.0146192 160 180 207
0.1848895 -0.4688321 0.1324650 160 180 207
0.5301843 -0.3882805 0.0255128 160 180 207
0.2358275 -0.4807956 0.2171020 160 180 207
0.5045156 -0.2642192 0.1241523 160 180 207
0.2221716 -0.4638142 0.0568055 160 180 207
0.5413860 -0.2986152 0.1913541 160 180 207
0.0824017 -0.3042594 0.0828526 160 180 207
0.5593095 -0.3972609 0.0825953 160 180 207
0.3223989 -0.2106767 0.2120282 160 180 207
0.5141697 -0.4320488 0.0514584 160 180 207
0.4463037 -0.4812297 0.1717220 160 180 207
0.4890262 -0.4547856 0.0976337 160 180 207
0.0758767 -0.4062468 0.2011388 160 180 207
0.4931205 -0.3928626 0.3103706 160 180 207
0.4730130 -0.3812373 0.3240511 160 180 207
0.1146091 -0.4329042 0.1466288 160 180 207
0.0646994 -0.3192209 0.0833295 160 180 207
0.4900325 -0.4660300 0.1051589 160 180 207
0.3129993 -0.4857272 0.0797351 160 180 207
0.0518726 -0.3010058 0.1360157 160 180 207
0.5197791 -0.4392473 0.2116041 160 180 207
0.2740128 -0.4871712 0.1081531 160 180 207
0.4827496 -0.3453876 0.3242011 160 180 207
0.1986043 -0.2294042 0.0762283 160 180 207
0.3622547 -0.4546386 -0.0080565 160 180 207
0.3498017 -0.3667443 -0.0767234 160 180 207
0.3314072 -0.2717051 -0.0240820 160 180 207
0.1677161 -0.2989282 0.3462187 160 180 207
0.4564728 -0.2551952 0.2418721 160 180 207
0.5320594 -0.2936438 0.0823140 160 180 207
0.0457913 -0.3165861 0.1741162 160 180 207
0.2389390 -0.4457873 0.3156616 160 180 207
0.3333652 -0.2283047 0.0561533 160 180 207
0.5639920 -0.3456808 0.0963306 160 180 207
0.3321112 -0.2357783 0.2886389 160 180 207
0.0615352 -0.3859427 0.1616319 160 180 207
0.1794013 -0.2384254 0.2777946 160 180 207
0.3319217 -0.2156620 0.1090642 160 180 207
0.0686663 -0.2975178 0.1080411 160 180 207
0.1319337 -0.4423914 0.0909504 160 180 207
0.0670308 -0.3000699 0.2388701 160 180 207
0.1478364 -0.2958175 0.0007204 160 180 207
0.2755352 -0.4797755 0.2428472 160 180 207
0.1604611 -0.2943614 0.0056210 160 180 207
0.5498587 -0.3598740 0.2318144 160 180 207
0.0746086 -0.3053516 0.2693634 160 180 207
0.5249958 -0.3733828 0.2844073 160 180 207
0.2862775 -0.2561194 -0.0004405 160 180 207
0.1358337 -0.2610296 0.2881503 160 180 207
0.4426945 -0.3209395 -0.0460348 160 180 207
0.1879214 -0.2229893 0.1070047 160 180 207
0.4954077 -0.2877795 0.2857919 160 180 207
0.3241784 -0.4388124 0.3490013 160 180 207
0.2516054 -0.3439794 -0.0621360 160 180 207
0.3152243 -0.4234828 0.3648671 160 180 207
0.0910342 -0.4237851 0.1635657 160 180 207
0.2898445 -0.3597880 -0.0695899 160 180 207
0.1665950 -0.4565215 0.1147275 160 180 207
0.5040007 -0.4357048 0.2407154 160 180 207
0.2472734 -0.2568311 0.0060750 160 180 207
0.5375422 -0.2950478 0.2134070 160 180 207
0.2449324 -0.2203057 0.2397957 160 180 207
0.0918185 -0.4080165 0.1161683 160 180 207
0.1688617 -0.3839456 -0.0166973 160 180 207
0.4064297 -0.2547833 0.2854665 160 180 207
0.5381911 -0.3015923 0.1986185 160 180 207
0.3232620 -0.2926500 -0.0572923 160 180 207
0.5535951 -0.3343604 0.2311605 160 180 207
0.5319791 -0.3865801 0.0253696 160 180 207
0.0816109 -0.4120861 0.2073389 160 180 207
0.0495534 -0.3661379 0.1743918 160 180 207
0.1921196 -0.3986062 -0.0233232 160 180 207
0.5460133 -0.3093007 0.1121186 160 180 207
0.4002294 -0.2679621 0.3223019 160 180 207
0.3135860 -0.3636415 0.3880645 160 180 207
0.2313532 -0.3910699 -0.0418448 160 180 207
0.1792247 -0.4496307 0.2542393 160 180 207
0.1577764 -0.3581116 0.3503429 160 180 207
0.3428753 -0.2370227 0.0239168 160 180 207
0.3377948 -0.2120984 0.1028351 160 180 207
0.3074167 -0.4247406 0.3533631 160 180 207
0.2797782 -0.3061253 -0.0567724 160 180 207
0.1335975 -0.3513143 0.3456050 160 180 207
0.4516585 -0.2805512 -0.0007468 160 180 207
0.5202589 -0.3955565 0.2891423 160 180 207
0.3387955 -0.2357932 0.0274003 160 180 207
0.5464862 -0.2948089 0.1525328 160 180 207
0.5051554 -0.2751327 0.2374237 160 180 207
0.1447531 -0.2436450 0.2417697 160 180 207
0.4172412 -0.4697939 0.0430289 160 180 207
0.4963121 -0.3505155 -0.0176160 160 180 207
0.4561386 -0.2672397 0.2750924 160 180 207
0.2847756 -0.2788469 0.3563837 160 180 207
0.4163524 -0.2817732 -0.0104013 160 180 207
0.5443447 -0.3406692 0.0485759 160 180 207
0.5244194 -0.2925515 0.0640201 160 180 207
0.3588017 -0.4795986 0.2579788 160 180 207
0.1716693 -0.2735706 0.3305943 160 180 207
0.0907837 -0.3424941 0.3147826 160 180 207
0.4903198 -0.3514563 0.3135405 160 180 207
0.4156004 -0.3337345 -0.0632978 160 180 207
0.0388393 -0.3563461 0.2251147 160 180 207
0.2994870 -0.2101192 0.1841304 160 180 207
0.1884574 -0.2343023 0.2794100 160 180 207
0.3324555 -0.4752857 0.0487940 160 180 207
0.3504253 -0.4791092 0.2489389 160 180 207
0.5389673 -0.2940319 0.1489680 160 180 207
0.4686526 -0.4645173 0.1996948 160 180 207
0.2011797 -0.3579214 -0.0407040 160 180 207
0.2869230 -0.3778156 -0.0640401 160 180 207
0.1938691 -0.2260220 0.2345675 160 180 207
0.1633575 -0.3056284 0.3538349 160 180 207
0.3259894 -0.2317741 0.0294471 160 180 207
0.2939057 -0.4014106 0.3697462 160 180 207
0.1113937 -0.3015198 0.0319025 160 180 207
0.1130843 -0.2655695 0.0772491 160 180 207
0.1614923 -0.4306446 0.2823717 160 180 207
0.4403328 -0.3480680 -0.0528074 160 180 207
0.5137417 -0.3779336 -0.0081431 160 180 207
0.4008895 -0.3677296 0.3680622 160 180 207
0.5097732 -0.3653009 0.3077797 160 180 207
0.4110416 -0.4007127 -0.0444136 160 180 207
0.4345550 -0.2305163 0.1959668 160 180 207
0.3519932 -0.4572744 0.0083765 160 180 207
0.3620018 -0.4937770 0.1683992 160 180 207
0.5296611 -0.2800761 0.1587057 160 180 207
0.2655590 -0.3724604 -0.0580513 160 180 207
0.5303859 -0.4033879 0.0405354 160 180 207
0.4595621 -0.2568220 0.2488738 160 180 207
0.5176781 -0.4446041 0.1930892 160 180 207
0.4143693 -0.3922551 -0.0499041 160 180 207
0.5233048 -0.4381517 0.0732651 160 180 207
0.3851720 -0.2988988 0.3571014 160 180 207
0.0985898 -0.2659733 0.1161877 160 180 207
0.4887908 -0.4267687 0.0217486 160 180 207
0.2762068 -0.3615947 0.3920802 160 180 207
0.1020732 -0.2632672 0.0837451 160 180 207
0.1969907 -0.3354224 0.3743495 160 180 207
0.5488625 -0.4013673 0.0748051 160 180 207
0.4753166 -0.4389785 0.2966428 160 180 207
0.4979553 -0.2782346 0.0744073 160 180 207
0.0767329 -0.2777541 0.1266313 160 180 207
0.0486770 -0.3805634 0.2070263 160 180 207
0.1180205 -0.4056946 0.2808911 160 180 207
0.1276598 -0.3010330 0.3207436 160 180 207
0.0588624 -0.2910498 0.1898744 160 180 207
0.2771283 -0.2305179 0.0442498 160 180 207
0.5114729 -0.3815681 0.3035333 160 180 207
0.3096115 -0.2749357 -0.0359623 160 180 207
0.4466478 -0.4108540 0.3300703 160 180 207
0.1446400 -0.3081959 0.3535780 160 180 207
0.1483971 -0.2342175 0.2465173 160 180 207
0.1907844 -0.2644804 0.0062897 160 180 207
0.3701271 -0.2175925 0.1529942 160 180 207
0.3303339 -0.2297918 0.0379783 160 180 207
0.4701604 -0.2856540 0.0158478 160 180 207
0.2426217 -0.4782082 0.0965932 160 180 207
0.0661454 -0.3854159 0.1098115 160 180 207
0.2479867 -0.4293524 0.3409144 160 180 207
0.0904267 -0.2590247 0.1981621 160 180 207
0.2180375 -0.2149860 0.1246866 160 180 207
0.0731653 -0.3237690 0.2782264 160 180 207
0.2607947 -0.4863490 0.1671605 160 180 207
0.5518768 -0.3015616 0.1713146 160 180 207
0.1232180 -0.2944806 0.3189628 160 180 207
0.1855016 -0.2560375 0.2966355 160 180 207
0.3856212 -0.4829991 0.1997469 160 180 207
0.4730122 -0.2521149 0.2021086 160 180 207
0.0850208 -0.2757906 0.1031770 160 180 207
0.5583011 -0.3033934 0.1514235 160 180 207
0.2057920 -0.2492559 0.0188879 160 180 207
0.2609909 -0.4546550 0.0204637 160 180 207
0.0858002 -0.3826996 0.2856928 160 180 207
0.4501520 -0.3656537 0.3499341 160 180 207
0.1989913 -0.2231564 0.2298507 160 180 207
0.3433523 -0.2154302 0.1025376 160 180 207
0.2570809 -0.3875035 0.3820272 160 180 207
0.1171756 -0.3345876 0.3327174 160 180 207
0.3022198 -0.2359875 0.2946776 160 180 207
0.3170395 -0.2169861 0.2310944 160 180 207
0.3399189 -0.4932090 0.1512992 160 180 207
0.5495448 -0.3873388 0.0574945 160 180 207
0.5706677 -0.3449188 0.1146004 160 180 207
0.5295880 -0.4313872 0.0968152 160 180 207
0.2780076 -0.2481217 0.3243300 160 180 207
0.0898348 -0.2835601 0.0765998 160 180 207
0.5615461 -0.4108026 0.1852870 160 180 207
0.4298909 -0.3192273 0.3562248 160 180 207
0.3813113 -0.4852785 0.1836230 160 180 207
0.4265072 -0.3556809 -0.0507106 160 180 207
0.3759372 -0.2116797 0.1750492 160 180 207
0.4796102 -0.2609230 0.2246171 160 180 207
0.1345088 -0.2485428 0.2597753 160 180 207
0.1619805 -0.2360624 0.0809615 160 180 207
0.4659559 -0.2525743 0.0944681 160 180 207
0.3616636 -0.3825769 -0.0676655 160 180 207
0.5459188 -0.2999159 0.1370478 160 180 207
0.4559238 -0.4760585 0.1903084 160 180 207
0.5201297 -0.4229521 0.0541867 160 180 207
0.3477006 -0.3845983 0.3770555 160 180 207
0.3866028 -0.2707477 -0.0138805 160 180 207
0.5715896 -0.3686961 0.1193380 160 180 207
0.3235241 -0.2145859 0.1113521 160 180 207
0.4909323 -0.4253933 0.2850314 160 180 207
0.4910255 -0.4612618 0.1071978 160 180 207
0.2223522 -0.2350868 0.0465005 160 180 207
0.2491754 -0.3338694 -0.0508926 160 180 207
0.3949680 -0.3113498 0.3648099 160 180 207
0.4223254 -0.2366960 0.1106713 160 180 207
0.4672533 -0.3918005 -0.0230623 160 180 207
0.0465895 -0.3313820 0.2099822 160 180 207
0.2145118 -0.3520750 0.3913775 160 180 207
0.3179512 -0.3065936 -0.0601661 160 180 207
0.5038084 -0.3055270 0.2740036 160 180 207
0.3040809 -0.4048887 -0.0513342 160 180 207
0.1563926 -0.3357300 -0.0266120 160 180 207
0.3307604 -0.2845963 0.3611920 160 180 207
0.4775255 -0.2697141 0.2642503 160 180 207
0.5539799 -0.4034587 0.2182878 160 180 207
0.1665348 -0.2248824 0.1665906 160 180 207
0.5010036 -0.3591799 0.3082131 160 180 207
0.4147882 -0.4848409 0.1522251 160 180 207
0.3236976 -0.4434005 -0.0159611 160 180 207
0.4521182 -0.4708380 0.0909613 160 180 207
0.3432234 -0.3472943 -0.0740180 160 180 207
0.3924899 -0.4429871 0.0014099 160 180 207
0.3604919 -0.2559297 0.3270896 160 180 207
0.1801338 -0.3621300 0.3652319 160 180 207
0.5561540 -0.3297303 0.1050903 160 180 207
0.4269808 -0.2342384 0.2143802 160 180 207
0.5562909 -0.4052797 0.2274407 160 180 207
0.1629102 -0.2485724 0.0582966 160 180 207
0.5037621 -0.2787093 0.0603486 160 180 207
0.3925293 -0.3470212 0.3737986 160 180 207
0.3462107 -0.2124901 0.1688727 160 180 207
0.4546690 -0.2416146 0.1642554 160 180 207
0.2565030 -0.3172278 -0.0650281 160 180 207
0.5225492 -0.4265027 0.0506845 160 180 207
0.2059682 -0.3044835 -0.0426836 160 180 207
0.4774481 -0.3174718 -0.0023847 160 180 207
0.1566227 -0.2290276 0.1576588 160 180 207
0.4423942 -0.4245062 0.3214041 160 180 207
0.2121204 -0.3111503 -0.0455263 160 180 207
0.1116226 -0.2823615 0.2994167 160 180 207
0.4767474 -0.3799048 -0.0266708 160 180 207
0.3569198 -0.4926160 0.1248098 160 180 207
0.5410410 -0.3447141 0.2797908 160 180 207
0.1712443 -0.2356858 0.2677044 160 180 207
0.1761366 -0.2440485 0.0504271 160 180 207
0.1596511 -0.4164077 0.3102051 160 180 207
0.3958241 -0.4047862 0.3631380 160 180 207
0.3728532 -0.3039212 0.3671165 160 180 207
0.3335699 -0.3497825 -0.0795142 160 180 207
0.3713744 -0.3190300 0.3749517 160 180 207
0.5546304 -0.3529047 0.0400094 160 180 207
0.3187021 -0.2226709 0.2433770 160 180 207
0.4072458 -0.2433538 0.0357700 160 180 207
0.1645219 -0.3323514 0.3523207 160 180 207
0.4705292 -0.2514978 0.1979596 160 180 207
0.2875652 -0.4375913 0.3439107 160 180 207
0.3252031 -0.3785743 0.3837630 160 180 207
0.1741454 -0.2174740 0.1381275 160 180 207
0.3039765 -0.2761338 -0.0367990 160 180 207
0.4022559 -0.3083635 -0.0456866 160 180 207
0.3476058 -0.2175051 0.2271997 160 180 207
0.2059063 -0.2577078 0.3256715 160 180 207
0.0552914 -0.3112045 0.2074419 160 180 207
0.3359361 -0.4187196 0.3625588 160 180 207
0.2488966 -0.4851002 0.1093639 160 180 207
0.2860501 -0.3136843 0.3823256 160 180 207
0.2769437 -0.4708938 0.0491596 160 180 207
0.1816597 -0.4579434 0.2587671 160 180 207
0.4344689 -0.4766457 0.1021174 160 180 207
0.0659025 -0.3947782 0.1600893 160 180 207
0.3652317 -0.3290287 0.3858298 160 180 207
0.5369499 -0.3226070 0.2630304 160 180 207
0.4912967 -0.4423211 0.0608317 160 180 207
0.1826158 -0.4557594 0.2469224 160 180 207
0.3267934 -0.2196269 0.0673258 160 180 207
0.0730519 -0.2781813 0.2018081 160 180 207
0.0462276 -0.3316097 0.2139729 160 180 207
0.5317577 -0.3108314 0.0686318 160 180 207
0.2750929 -0.4851112 0.1670758 160 180 207
0.5044256 -0.4245360 0.0304765 160 180 207
0.0576928 -0.2911961 0.1137519 160 180 207
0.0638087 -0.3552867 0.0869229 160 180 207
0.0726152 -0.3223800 0.0708758 160 180 207
0.5641043 -0.3827292 0.1036568 160 180 207
0.4919611 -0.2616740 0.0873822 160 180 207
0.5116774 -0.4502456 0.1299317 160 180 207
0.4471253 -0.4603432 0.2480005 160 180 207
0.4257935 -0.4112565 -0.0344314 160 180 207
0.0750058 -0.2886867 0.2316091 160 180 207
0.4429597 -0.3022738 -0.0296686 160 180 207
0.3525317 -0.3953260 -0.0578180 160 180 207
0.5326825 -0.3871268 0.2876000 160 180 207
0.5740651 -0.3857871 0.2056604 160 180 207
0.0555010 -0.2971162 0.1312361 160 180 207
0.4566096 -0.3852969 0.3421344 160 180 207
0.2484566 -0.4774175 0.1124136 160 180 207
0.1331409 -0.2466016 0.0837504 160 180 207
0.4274648 -0.3240753 -0.0473543 160 180 207
0.4257508 -0.2650290 0.0026795 160 180 207
0.2971307 -0.2287248 0.2714007 160 180 207
0.3950552 -0.2356978 0.2537331 160 180 207
0.2501070 -0.2091823 0.1065224 160 180 207
0.2796846 -0.2693710 0.3498851 160 180 207
0.4450553 -0.3393320 -0.0508547 160 180 207
0.3198153 -0.2909323 -0.0474570 160 180 207
0.3820149 -0.4828889 0.2447110 160 180 207
0.3364188 -0.2318988 0.2707819 160 180 207
0.1096574 -0.2629392 0.2562485 160 180 207
0.5645137 -0.3261002 0.1057287 160 180 207
0.4889787 -0.3267142 0.3112341 160 180 207
0.1454836 -0.4399173 0.2527034 160 180 207
0.4059151 -0.3912087 0.3706802 160 180 207
0.1524218 -0.3007108 -0.0070118 160 180 207
0.3748388 -0.4439715 -0.0148377 160 180 207
0.1021240 -0.2521622 0.1517166 160 180 207
0.5749946 -0.3534015 0.1146341 160 180 207
0.2395858 -0.3282548 -0.0630780 160 180 207
0.2243957 -0.4584385 0.2825024 160 180 207
0.3051712 -0.3890216 -0.0636024 160 180 207
0.5391501 -0.3092744 0.2093093 160 180 207
0.1225272 -0.2451706 0.1430684 160 180 207
0.4327296 -0.3199988 -0.0351593 160 180 207
0.1908901 -0.4169520 0.3400400 160 180 207
0.3898766 -0.3002507 0.3683682 160 180 207
0.1171389 -0.4239108 0.1191371 160 180 207
0.2433126 -0.3762997 -0.0474198 160 180 207
0.4330520 -0.2312369 0.1676081 160 180 207
0.4093229 -0.3706597 0.3698660 160 180 207
0.5170717 -0.4187157 0.2534073 160 180 207
0.4973642 -0.4449664 0.2458557 160 180 207
0.1493399 -0.4498102 0.1049639 160 180 207
0.3155165 -0.3928838 -0.0645263 160 180 207
0.1798580 -0.2146115 0.1817172 160 180 207
0.2320904 -0.2866679 0.3631645 160 180 207
0.2417967 -0.2193493 0.0805306 160 180 207
0.4973381 -0.2582869 0.1457317 160 180 207
0.3314770 -0.4758146 0.2690835 160 180 207
0.1043187 -0.3113478 0.0366565 160 180 207
0.5677735 -0.3276569 0.1735005 160 180 207
0.5020178 -0.3321234 0.0063370 160 180 207
0.1570006 -0.4349381 0.0572630 160 180 207
0.0487271 -0.3561533 0.2237954 160 180 207
0.0849559 -0.2808183 0.2546355 160 180 207
0.2481329 -0.2451000 0.3152417 160 180 207
0.5346573 -0.4039786 0.0387735 160 180 207
0.0538264 -0.3594806 0.1050235 160 180 207
0.4641279 -0.4676453 0.2160596 160 180 207
0.0799151 -0.4092097 0.1575465 160 180 207
0.1402455 -0.2471336 0.2319377 160 180 207
0.1665184 -0.4166302 0.3295539 160 180 207
0.2311184 -0.3182065 0.3721762 160 180 207
0.4680288 -0.3760315 0.3474488 160 180 207
0.2508297 -0.3178607 0.3793059 160 180 207
0.5013511 -0.3925994 -0.0010033 160 180 207
0.0400202 -0.3403713 0.1777279 160 180 207
0.1945021 -0.3021961 -0.0296258 160 180 207
0.4317860 -0.2257952 0.1913758 160 180 207
0.2117905 -0.2196816 0.1267812 160 180 207
0.3154448 -0.4885757 0.1326962 160 180 207
0.4017203 -0.3568835 -0.0667273 160 180 207
0.3147482 -0.3917563 0.3755726 160 180 207
0.3545458 -0.4861607 0.2393868 160 180 207
0.5013806 -0.3967005 0.0007291 160 180 207
0.4044036 -0.2733151 0.3198552 160 180 207
0.3445727 -0.2222071 0.0745194 160 180 207
0.1728793 -0.3171520 0.3669668 160 180 207
0.5273530 -0.3044970 0.0505108 160 180 207
0.5521706 -0.3942788 0.0493181 160 180 207
0.2853963 -0.2213268 0.2662398 160 180 207
0.4682997 -0.2925272 -0.0013443 160 180 207
0.2170219 -0.2725570 0.3493056 160 180 207
0.1324879 -0.3590028 0.0035199 160 180 207
0.1858920 -0.3519410 0.3663699 160 180 207
0.5116980 -0.3139659 0.2753579 160 180 207
0.4202588 -0.3676225 0.3605107 160 180 207
0.0904284 -0.4192479 0.1983918 160 180 207
0.1488570 -0.4274961 0.2853105 160 180 207
0.1284776 -0.2370006 0.1379712 160 180 207
0.3615656 -0.2988888 -0.0543294 160 180 207
0.2010814 -0.2849118 0.3516992 160 180 207
0.4026919 -0.2777806 -0.0226077 160 180 207
0.2365163 -0.2760983 0.3497077 160 180 207
0.0841950 -0.2696974 0.2353999 160 180 207
0.2705265 -0.4640860 0.0371325 160 180 207
0.4856964 -0.4470777 0.0521166 160 180 207
0.1423810 -0.3215913 0.3433755 160 180 207
0.2814126 -0.4715192 0.0445269 160 180 207
0.3817510 -0.4477334 0.3048069 160 180 207
0.1361876 -0.4414164 0.1068851 160 180 207
0.0743183 -0.3193455 0.0700416 160 180 207
0.5409546 -0.3555667 0.0344099 160 180 207
0.3251996 -0.2925518 0.3716123 160 180 207
0.1093538 -0.2624470 0.0955715 160 180 207
0.5124542 -0.4395157 0.2271256 160 180 207
0.3825789 -0.4909090 0.1858111 160 180 207
0.1446723 -0.2659133 0.2921450 160 180 207
0.2464584 -0.4535045 0.0153269 160 180 207
0.5210725 -0.2787457 0.1140849 160 180 207
0.0996222 -0.2775628 0.0701360 160 180 207
0.4222699 -0.2346626 0.2132411 160 180 207
0.5232490 -0.2828116 0.1653119 160 180 207
0.1656329 -0.2898604 -0.0035146 160 180 207
0.4557307 -0.2389192 0.1698564 160 180 207
0.4175063 -0.4447009 0.3105755 160 180 207
0.3728921 -0.4071093 -0.0549928 160 180 207
0.1218232 -0.2652484 0.0684502 160 180 207
0.1527453 -0.4442451 0.2518773 160 180 207
0.1265234 -0.2462689 0.1792137 160 180 207
0.5018818 -0.4149961 0.2802756 160 180 207
0.1355431 -0.4334622 0.2690605 160 180 207
0.1945314 -0.3125441 0.3739001 160 180 207
0.1364701 -0.2445234 0.0970861 160 180 207
0.1548047 -0.3448456 0.3548840 160 180 207
0.0609641 -0.3080768 0.1385533 160 180 207
0.4046921 -0.2608011 0.3124497 160 180 207
0.4651178 -0.4569261 0.2436653 160 180 207
0.4888354 -0.4220761 0.2802279 160 180 207
0.3246891 -0.2533368 -0.0132909 160 180 207
0.3895772 -0.3587459 -0.0671651 160 180 207
0.4465816 -0.2394146 0.1254367 160 180 207
0.5524097 -0.3924937 0.0520531 160 180 207
0.4159960 -0.3575681 -0.0523093 160 180 207
0.2880088 -0.2316858 0.0419578 160 180 207
0.3613354 -0.3563194 0.3865254 160 180 207
0.1303482 -0.2448660 0.2344103 160 180 207
0.2710150 -0.2872488 -0.0312121 160 180 207
0.4208367 -0.2390952 0.2292424 160 180 207
0.1946257 -0.2738245 -0.0001401 160 180 207
0.3657848 -0.4867432 0.1189450 160 180 207
0.5706424 -0.3578281 0.0940959 160 180 207
0.1283209 -0.4381101 0.1791492 160 180 207
0.3525624 -0.3029365 0.3719602 160 180 207
0.5506361 -0.3298474 0.2259454 160 180 207
0.1975032 -0.4462529 0.2905669 160 180 207
0.3637803 -0.3320514 0.3777277 160 180 207
0.2228354 -0.2386544 0.2903048 160 180 207
0.4588737 -0.3568118 -0.0378125 160 180 207
0.5226231 -0.3377730 0.2786389 160 180 207
0.5085686 -0.4021927 0.0047459 160 180 207
0.2368676 -0.2822827 0.3587409 160 180 207
0.4710908 -0.4250295 0.2956104 160 180 207
0.1650705 -0.2450282 0.2728698 160 180 207
0.4064589 -0.4848923 0.1952157 160 180 207
0.3462037 -0.4606936 0.0185290 160 180 207
0.4115624 -0.2962148 -0.0346376 160 180 207
0.1395002 -0.3178124 0.3438347 160 180 207
0.1545095 -0.4426529 0.2482705 160 180 207
0.4022114 -0.4808273 0.2180326 160 180 207
0.1972245 -0.4015558 0.3566791 160 180 207
0.1613313 -0.2337705 0.2236476 160 180 207
0.2769148 -0.4828935 0.1225481 160 180 207
0.0834515 -0.4057809 0.1841850 160 180 207
0.5684164 -0.3305936 0.2065874 160 180 207
0.4743691 -0.2559924 0.2204351 160 180 207
0.0477376 -0.3299951 0.1278279 160 180 207
0.3114325 -0.2249866 0.0712026 160 180 207
0.4514215 -0.3435222 -0.0494593 160 180 207
0.0755846 -0.4100311 0.1537202 160 180 207
0.2368135 -0.2314617 0.0461816 160 180 207
0.3793734 -0.3408998 -0.0718929 160 180 207
0.1010679 -0.4232270 0.1615551 160 180 207
0.2820443 -0.4758372 0.2567360 160 180 207
0.2354970 -0.2205365 0.0863863 160 180 207
0.5088666 -0.2734697 0.1063633 160 180 207
0.2004142 -0.3726082 0.3741103 160 180 207
0.3172881 -0.2847500 -0.0380369 160 180 207
0.3914398 -0.2680001 -0.0043371 160 180 207
0.3419255 -0.2478764 -0.0058685 160 180 207
0.0437782 -0.3561400 0.1777214 160 180 207
0.2466741 -0.2286733 0.2750676 160 180 207
0.2076507 -0.3108948 -0.0378480 160 180 207
0.4477032 -0.3449577 0.3523213 160 180 207
0.4209747 -0.2387553 0.0695072 160 180 207
0.3148931 -0.2130762 0.2002073 160 180 207
0.0724457 -0.3169845 0.2771138 160 180 207
0.5554437 -0.4172099 0.1556639 160 180 207
0.3509205 -0.4125579 0.3638498 160 180 207
0.2030462 -0.2613943 0.0025255 160 180 207
0.4083279 -0.4329300 -0.0115722 160 180 207
0.0780418 -0.3058957 0.2467128 160 180 207
0.1480471 -0.4328392 0.2793160 160 180 207
0.5192108 -0.3806927 0.2898802 160 180 207
0.4506262 -0.3254293 0.3467530 160 180 207
0.4798791 -0.4537468 0.2257121 160 180 207
0.4740754 -0.3177778 0.3118634 160 180 207
0.2246063 -0.2296886 0.0689540 160 180 207
0.1290977 -0.3317424 0.3329402 160 180 207
0.2084738 -0.2778336 0.3510090 160 180 207
0.0729146 -0.3789670 0.2694159 160 180 207
0.4828520 -0.4552187 0.2364704 160 180 207
0.4146794 -0.4511592 0.0118150 160 180 207
0.3946154 -0.4907072 0.1643515 160 180 207
0.4067566 -0.4818026 0.1712953 160 180 207
0.1063561 -0.4214178 0.1089931 160 180 207
0.5293019 -0.3624564 0.0083570 160 180 207
0.1577292 -0.4499628 0.1111534 160 180 207
0.5609969 -0.4028999 0.1241310 160 180 207
0.2915360 -0.2549902 0.3311554 160 180 207
0.1723502 -0.4591792 0.2273228 160 180 207
0.1614207 -0.3249294 0.3610761 160 180 207
0.3596205 -0.3589198 0.3821573 160 180 207
0.5046401 -0.2805999 0.2468379 160 180 207
0.0817269 -0.3351545 0.2944998 160 180 207
0.0888261 -0.3760414 0.0574812 160 180 207
0.0599832 -0.2998680 0.1449537 160 180 207
0.1216936 -0.3457545 0.0035477 160 180 207
0.3052331 -0.2744369 -0.0362178 160 180 207
0.4147875 -0.2828021 0.3350869 160 180 207
0.2606428 -0.4593081 0.2949383 160 180 207
0.1784323 -0.2770126 0.3178139 160 180 207
0.3401541 -0.4406420 0.3223024 160 180 207
0.2294026 -0.3818471 0.3771264 160 180 207
0.0512923 -0.3859418 0.2207033 160 180 207
0.5060371 -0.4332543 0.2550383 160 180 207
0.5217919 -0.4240595 0.0692457 160 180 207
0.4775921 -0.2484231 0.1427446 160 180 207
0.0518562 -0.3199983 0.1306983 160 180 207
0.2281954 -0.2222712 0.0940547 160 180 207
0.1745287 -0.4540107 0.1097072 160 180 207
0.3442890 -0.3748222 0.3800184 160 180 207
0.4299864 -0.3100296 -0.0444883 160 180 207
0.1082476 -0.2749866 0.2596797 160 180 207
0.4282708 -0.3012574 0.3352047 160 180 207
0.4823484 -0.2661437 0.2585838 160 180 207
0.1674922 -0.2281162 0.0983336 160 180 207
0.4924527 -0.4576900 0.1963557 160 180 207
0.2330891 -0.2194116 0.1022423 160 180 207
0.5648422 -0.4184896 0.1366122 160 180 207
0.2627220 -0.2359205 0.3070011 160 180 207
0.2329566 -0.3024827 -0.0448988 160 180 207
0.2069271 -0.3275742 0.3779081 160 180 207
0.4732886 -0.4319037 0.2857880 160 180 207
0.4089841 -0.4166911 0.3452056 160 180 207
0.2906220 -0.4875518 0.1164471 160 180 207
0.5645297 -0.3772615 0.2238175 160 180 207
0.2755274 -0.4832304 0.2355999 160 180 207
0.3593206 -0.3138554 0.3787208 160 180 207
0.5175933 -0.3665354 0.0056041 160 180 207
0.5749891 -0.3795637 0.1337767 160 180 207
0.2414767 -0.2484319 0.0046661 160 180 207
0.3867730 -0.2792177 -0.0285919 160 180 207
0.3354599 -0.4046386 -0.0552832 160 180 207
0.2948612 -0.4844920 0.2272718 160 180 207
0.1732790 -0.2288361 0.2199650 160 180 207
0.0668954 -0.3854130 0.1275884 160 180 207
0.5211756 -0.3285712 0.0192599 160 180 207
0.3370921 -0.2339393 0.0370162 160 180 207
0.5207050 -0.4345163 0.2192596 160 180 207
0.1980405 -0.2383182 0.2844100 160 180 207
0.0493546 -0.3089842 0.1181271 160 180 207
0.4821000 -0.2552769 0.0899644 160 180 207
0.4631284 -0.2541617 0.0760139 160 180 207
0.3826542 -0.2361822 0.0476068 160 180 207
0.2433693 -0.2924343 0.3652494 160 180 207
0.1502119 -0.2441019 0.0694436 160 180 207
0.3765454 -0.4818051 0.2500316 160 180 207
0.3237552 -0.3713736 -0.0647071 160 180 207
0.5160583 -0.2713037 0.1027130 160 180 207
0.4248140 -0.3282550 -0.0511156 160 180 207
0.3349051 -0.3080453 -0.0598950 160 180 207
0.5423353 -0.4002891 0.2461888 160 180 207
0.1375132 -0.4320634 0.0792810 160 180 207
0.5558540 -0.4021735 0.0812446 160 180 207
0.4627038 -0.3385091 0.3313881 160 180 207
0.1772969 -0.3164611 -0.0366757 160 180 207
0.5148005 -0.4100114 0.0290243 160 180 207
0.4726228 -0.4447914 0.2694758 160 180 207
0.1051113 -0.4289269 0.1300130 160 180 207
0.1176285 -0.3103797 0.0123503 160 180 207
0.4505612 -0.3803723 -0.0369923 160 180 207
0.5646802 -0.3491203 0.1757225 160 180 207
0.2897420 -0.4448338 0.3253227 160 180 207
0.0563150 -0.3869110 0.1276424 160 180 207
0.4480875 -0.2421182 0.0806074 160 180 207
0.3520309 -0.2143163 0.0997381 160 180 207
0.2879986 -0.2375340 0.0197404 160 180 207
0.3232199 -0.3571381 -0.0748589 160 180 207
0.3568351 -0.2960382 -0.0441006 160 180 207
0.2626813 -0.4866343 0.1322529 160 180 207
0.3399522 -0.2533668 0.3233247 160 180 207
0.2134447 -0.2155574 0.1643982 160 180 207
0.1987120 -0.2837460 -0.0095181 160 180 207
0.2531639 -0.3625651 0.3880381 160 180 207
0.5675732 -0.4160616 0.1268646 160 180 207
0.0496544 -0.3121328 0.1733134 160 180 207
0.1486371 -0.3625433 0.3520226 160 180 207
0.2112601 -0.2316921 0.2609333 160 180 207
0.4604818 -0.4671444 0.0771349 160 180 207
0.1775662 -0.4211126 0.3118068 160 180 207
0.4984935 -0.4405399 0.0464414 160 180 207
0.1207350 -0.3019835 0.3246396 160 180 207
0.4116119 -0.4089211 0.3543066 160 180 207
0.4163575 -0.4489892 0.3021109 160 180 207
0.3889332 -0.2537668 0.2962027 160 180 207
0.3642931 -0.2168456 0.1217243 160 180 207
0.4642531 -0.3667615 -0.0369615 160 180 207
0.0542925 -0.3743160 0.1946277 160 180 207
0.4642409 -0.3706010 -0.0288604 160 180 207
0.2892273 -0.4681227 0.2809032 160 180 207
0.5712391 -0.3925581 0.1530155 160 180 207
0.2600085 -0.3716108 0.3942572 160 180 207
0.2758470 -0.3537595 0.3893498 160 180 207
0.4392580 -0.2535180 0.2633527 160 180 207
0.1305364 -0.3671524 0.0067582 160 180 207
0.4988041 -0.2583662 0.1692631 160 180 207
0.0829607 -0.2678149 0.2133177 160 180 207
0.4309665 -0.3436445 0.3554543 160 180 207
0.4690314 -0.4643945 0.2186850 160 180 207
0.5069591 -0.4403085 0.2288234 160 180 207
0.4042452 -0.3074827 -0.0526852 160 180 207
0.3282756 -0.4658828 0.0273938 160 180 207
0.3587709 -0.4362277 -0.0235701 160 180 207
0.3038028 -0.3569387 -0.0715964 160 180 207
0.3551776 -0.2936754 0.3619148 160 180 207
0.2487706 -0.4800567 0.1448508 160 180 207
0.3554961 -0.2235392 0.0876404 160 180 207
0.0917608 -0.2964914 0.2825718 160 180 207
0.3186942 -0.2788425 0.3622202 160 180 207
0.2181451 -0.4689825 0.2349555 160 180 207
0.1598479 -0.2744434 0.0155352 160 180 207
0.1600509 -0.3069505 -0.0114179 160 180 207
0.4046482 -0.2889839 0.3454292 160 180 207
0.3296342 -0.2137538 0.1399239 160 180 207
0.2512696 -0.4339299 -0.0122375 160 180 207
0.2257582 -0.4535232 0.0475304 160 180 207
0.3235070 -0.2744060 0.3499979 160 180 207
0.1516002 -0.4421597 0.2524140 160 180 207
0.2796047 -0.4636038 0.2865640 160 180 207
0.1349885 -0.4383514 0.1171221 160 180 207
0.4998904 -0.2729582 0.2048830 160 180 207
0.0495510 -0.3693137 0.1781954 160 180 207
0.1203731 -0.3679264 0.3276224 160 180 207
0.3862399 -0.2236740 0.1107024 160 180 207
0.4224729 -0.4483448 0.2991201 160 180 207
0.5305040 -0.4099458 0.2456021 160 180 207
0.4649176 -0.3304140 0.3356009 160 180 207
0.0843157 -0.3085825 0.0613790 160 180 207
0.5219264 -0.4378504 0.0766585 160 180 207
0.3049146 -0.4711111 0.0523030 160 180 207
0.4777162 -0.4695970 0.1359177 160 180 207
0.2371310 -0.2986343 -0.0502585 160 180 207
0.4778543 -0.2546070 0.1940825 160 180 207
0.4811069 -0.4469969 0.0443137 160 180 207
0.3113597 -0.4522715 0.0023640 160 180 207
0.3589349 -0.2171885 0.1206867 160 180 207
0.0505737 -0.3503764 0.1097746 160 180 207
0.5655276 -0.4091623 0.1661304 160 180 207
0.5219783 -0.4163181 0.2561974 160 180 207
0.5206886 -0.2906299 0.0521697 160 180 207
0.2704301 -0.2311745 0.0401705 160 180 207
0.0598026 -0.3720832 0.2214233 160 180 207
0.4635603 -0.4735653 0.1444960 160 180 207
0.2307380 -0.4094192 0.3596317 160 180 207
0.3429094 -0.2257912 0.0690056 160 180 207
0.1539417 -0.2688831 0.0302275 160 180 207
0.3750096 -0.2190263 0.1815770 160 180 207
0.2653245 -0.4745757 0.0658817 160 180 207
0.1288322 -0.2557449 0.2532653 160 180 207
0.1491615 -0.4023560 0.0042811 160 180 207
0.0412014 -0.3473528 0.1768861 160 180 207
0.5282993 -0.3182503 0.0362922 160 180 207
0.2021359 -0.2317158 0.0804675 160 180 207
0.0902862 -0.3901325 0.2755696 160 180 207
0.3002994 -0.4111959 -0.0416093 160 180 207
0.4039184 -0.2288862 0.2277301 160 180 207
0.2784441 -0.2111485 0.2240668 160 180 207
0.5794996 -0.3324415 0.1236586 160 180 207
0.3633023 -0.3648260 -0.0690719 160 180 207
0.0892796 -0.3898541 0.2668050 160 180 207
0.1666064 -0.2239008 0.1643142 160 180 207
0.3322386 -0.2916745 -0.0455020 160 180 207
0.5451403 -0.2967302 0.1536284 160 180 207
0.4616090 -0.2974049 -0.0135164 160 180 207
0.4756572 -0.4721825 0.2029712 160 180 207
0.5047358 -0.2775403 0.2243047 160 180 207
0.1787338 -0.2586441 0.3233958 160 180 207
0.1468711 -0.3914708 0.3327483 160 180 207
0.4675663 -0.2550615 0.2241474 160 180 207
0.3824668 -0.2205972 0.1727875 160 180 207
0.4625928 -0.3846753 0.3391299 160 180 207
0.5301517 -0.3060559 0.0513455 160 180 207
0.3832356 -0.4419047 -0.0165631 160 180 207
0.3755451 -0.4489855 -0.0009034 160 180 207
0.3796780 -0.3592602 0.3776803 160 180 207
0.2825154 -0.2881025 0.3714906 160 180 207
0.2229130 -0.3433329 0.3819778 160 180 207
0.2541681 -0.4046402 -0.0413768 160 180 207
0.5677906 -0.3803425 0.1018233 160 180 207
0.3598337 -0.3529806 -0.0684933 160 180 207
0.5105227 -0.3271669 0.3000732 160 180 207
0.3464241 -0.4888462 0.1721291 160 180 207
0.3789722 -0.4824903 0.1987966 160 180 207
0.3648705 -0.2341332 0.2660569 160 180 207
0.1818369 -0.4287922 0.3215833 160 180 207
0.4760590 -0.4063463 0.3092542 160 180 207
0.0583514 -0.2833135 0.1721057 160 180 207
0.1810529 -0.3932525 -0.0186086 160 180 207
0.4683938 -0.2845282 0.0231759 160 180 207
0.1952871 -0.2177483 0.1317970 160 180 207
0.3095627 -0.2103062 0.1523950 160 180 207
0.3233718 -0.2158987 0.2368113 160 180 207
0.0741019 -0.3861830 0.1066635 160 180 207
0.2572127 -0.2145763 0.2068331 160 180 207
0.0638021 -0.3273589 0.2437643 160 180 207
0.2526613 -0.2538950 0.3262387 160 180 207
0.2106145 -0.2746363 -0.0066286 160 180 207
0.1332103 -0.4143206 0.0358995 160 180 207
0.3299234 -0.4797964 0.0550564 160 180 207
0.1542005 -0.2784645 0.3239456 160 180 207
0.2402317 -0.4356809 -0.0007435 160 180 207
0.5115174 -0.4409918 0.0637190 160 180 207
0.0917175 -0.2701719 0.1062441 160 180 207
0.5622889 -0.3262442 0.2052800 160 180 207
0.5128679 -0.3682052 -0.0033366 160 180 207
0.2558074 -0.3005771 -0.0510293 160 180 207
0.1775980 -0.2909164 0.3565915 160 180 207
0.5702580 -0.3250995 0.1012562 160 180 207
0.4876240 -0.4580760 0.1791947 160 180 207
0.2471288 -0.2146689 0.2163523 160 180 207
0.4216254 -0.2421200 0.0714774 160 180 207
0.3581842 -0.3930198 0.3765876 160 180 207
0.0961814 -0.2523703 0.1604298 160 180 207
0.2271710 -0.4722401 0.2366502 160 180 207
0.1661769 -0.4470260 0.2591279 160 180 207
0.0437387 -0.3094567 0.1751366 160 180 207
0.3016289 -0.4268100 0.3418772 160 180 207
0.2811675 -0.4576013 0.0203517 160 180 207
0.2051528 -0.3575194 -0.0456273 160 180 207
0.2979027 -0.4532702 0.3004394 160 180 207
0.1278887 -0.2435818 0.0901341 160 180 207
0.2603164 -0.2093140 0.2017203 160 180 207
0.2303542 -0.3069675 0.3742819 160 180 207
0.5738307 -0.3652562 0.1864845 160 180 207
0.3880698 -0.4026965 -0.0518552 160 180 207
0.2985522 -0.2524059 0.3198536 160 180 207
0.2391005 -0.2328360 0.2831599 160 180 207
0.2777928 -0.2250832 0.2692803 160 180 207
0.1608531 -0.3964378 0.0057754 160 180 207
0.3916203 -0.2282511 0.1082674 160 180 207
0.4774134 -0.2537579 0.1861730 160 180 207
0.2943527 -0.4187989 -0.0371272 160 180 207
0.2624785 -0.3678707 0.3911108 160 180 207
-0.1950477 -0.0344885 -0.4045474 204 216 232
0.1379084 0.0951214 -0.3222148 204 216 232
-0.0405467 -0.0557954 -0.5655224 204 216 232
0.0685484 0.1084605 -0.4976588 204 216 232
0.0622102 -0.0548384 -0.5569872 204 216 232
-0.0155373 0.0285945 -0.1970318 204 216 232
0.0293047 0.0765339 -0.2166660 204 216 232
0.0953724 0.0216750 -0.5298478 204 216 232
-0.0166053 0.0075501 -0.5687633 204 216 232
-0.0427776 -0.1986648 -0.4190279 204 216 232
0.0093549 0.0281998 -0.1978809 204 216 232
-0.1129115 0.1178870 -0.3276415 204 216 232
0.0398742 -0.1910055 -0.4387741 204 216 232
0.1069146 -0.0537702 -0.5351037 204 216 232
-0.1216777 -0.1303261 -0.2842378 204 216 232
0.0438511 0.1634504 -0.3641780 204 216 232
-0.1215619 -0.1471267 -0.3014505 204 216 232
-0.1213254 -0.1532440 -0.4351489 204 216 232
0.0005981 -0.1850206 -0.2855841 204 216 232
-0.0184601 -0.0383593 -0.5647858 204 216 232
-0.1439225 -0.0972248 -0.4892106 204 216 232
0.1697465 0.0044377 -0.4602776 204 216 232
0.0900176 0.1243328 -0.4577532 204 216 232
-0.0584860 0.1601815 -0.4339942 204 216 232
-0.0061687 0.1217309 -0.2504212 204 216 232
0.1736400 0.0142633 -0.4247189 204 216 232
0.0314774 0.1149943 -0.2431536 204 216 232
0.1122758 0.0400177 -0.5216084 204 216 232
-0.0825228 0.1032070 -0.2578291 204 216 232
0.0792792 -0.1680257 -0.4732368 204 216 232
-0.0949251 0.1444153 -0.3509411 204 216 232
-0.1506826 -0.0999014 -0.2787485 204 216 232
-0.0891259 -0.1235713 -0.2519353 204 216 232
0.0734927 -0.0666960 -0.2095674 204 216 232
-0.0517132 -0.1948910 -0.4218810 204 216 232
0.1682147 -0.0748986 -0.4488362 204 216 232
-0.1105628 0.0432784 -0.5232007 204 216 232
-0.0367041 0.1205482 -0.2664663 204 216 232
-0.1165695 0.1301838 -0.3513609 204 216 232
0.0736252 -0.1919598 -0.3841124 204 216 232
0.1134814 -0.1118766 -0.2495179 204 216 232
-0.1696906 0.0656564 -0.4266213 204 216 232
-0.0682599 0.1297931 -0.4839933 204 216 232
-0.0340950 0.1187255 -0.5093844 204 216 232
0.1700948 -0.0023880 -0.4577266 204 216 232
0.0793376 -0.0576118 -0.2099984 204 216 232
-0.0567676 -0.1487307 -0.5042014 204 216 232
-0.0006970 0.0805098 -0.2125762 204 216 232
0.0930059 -0.1517781 -0.2719313 204 216 232
0.1013273 0.0625286 -0.2412034 204 216 232
-0.1371533 0.0936975 -0.4569944 204 216 232
-0.0048751 -0.2068995 -0.3964031 204 216 232
0.1444504 0.0032722 -0.2642407 204 216 232
-0.0087972 -0.0270911 -0.1885172 204 216 232
-0.1537646 -0.1225085 -0.4150648 204 216 232
0.1562794 -0.1233262 -0.3303246 204 216 232
0.1780824 -0.0791794 -0.3448433 204 216 232
-0.1714759 -0.0148897 -0.4606377 204 216 232
0.0513256 -0.2090214 -0.3672973 204 216 232
-0.1789932 -0.0738923 -0.4141184 204 216 232
0.1374197 -0.1246720 -0.4623037 204 216 232
0.1280985 0.0085709 -0.5166116 204 216 232
-0.0596212 0.0879802 -0.2315038 204 216 232
-0.1346418 -0.0836658 -0.2591034 204 216 232
-0.0750384 0.0100518 -0.5489503 204 216 232
-0.1250040 -0.1252795 -0.4788949 204 216 232
-0.1528395 0.0674842 -0.3049298 204 216 232
-0.1594156 -0.0625895 -0.4617372 204 216 232
-0.1361845 -0.1489128 -0.4171793 204 216 232
0.0532488 -0.1998831 -0.4017063 204 216 232
0.0238440 0.1471899 -0.2954123 204 216 232
0.1256437 -0.1150485 -0.2824751 204 216 232
-0.0974095 0.1149188 -0.4717861 204 216 232
0.1622878 -0.1226376 -0.4077796 204 216 232
0.0519457 -0.1137844 -0.5408617 204 216 232
-0.0103793 0.1036452 -0.5225941 204 216 232
-0.0737844 -0.1668893 -0.2801297 204 216 232
-0.1398109 0.0422972 -0.2581038 204 216 232
-0.1728440 0.0489587 -0.3966532 204 216 232
-0.1537620 0.0678991 -0.4582693 204 216 232
-0.1454244 -0.1372012 -0.3552116 204 216 232
0.1322418 -0.1242139 -0.2806950 204 216 232
-0.0776848 -0.0649047 -0.2098408 204 216 232
-0.1600823 -0.1186257 -0.3576178 204 216 232
-0.0137932 -0.1778997 -0.4884800 204 216 232
0.1552245 -0.0236798 -0.4912982 204 216 232
-0.0867039 0.1334004 -0.4502695 204 216 232
0.1023589 0.1199447 -0.3031175 204 216 232
-0.1184897 0.0999466 -0.2905067 204 216 232
-0.1224504 -0.1675789 -0.4005031 204 216 232
-0.0774505 -0.1128056 -0.2377552 204 216 232
0.0788187 -0.1901649 -0.3967266 204 216 232
-0.0127638 -0.1655802 -0.2588648 204 216 232
-0.0919712 0.1423147 -0.3400919 204 216 232
0.0009225 0.1675379 -0.3653139 204 216 232
-0.0908015 0.1492269 -0.4051542 204 216 232
-0.1683420 -0.0883171 -0.4375674 204 216 232
0.1241519 0.0134107 -0.2427977 204 216 232
-0.0902577 -0.1774667 -0.4385431 204 216 232
-0.0803236 0.0122290 -0.2153983 204 216 232
-0.0143460 -0.1316625 -0.2314746 204 216 232
-0.0829740 -0.0718907 -0.5403084 204 216 232
0.1743258 0.0215178 -0.3176605 204 216 232
0.0098433 -0.1357085 -0.5266317 204 216 232
0.0810542 -0.0333429 -0.5589632 204 216 232
0.1023000 0.1302176 -0.4380598 204 216 232
-0.1356065 -0.0245820 -0.2489512 204 216 232
-0.1714021 0.0202049 -0.4443314 204 216 232
-0.1862925 -0.0075124 -0.3515927 204 216 232
0.0140753 0.1389055 -0.4867862 204 216 232
0.0802074 -0.1945271 -0.3804013 204 216 232
-0.1835722 0.0173333 -0.4258959 204 216 232
-0.0644722 0.1016240 -0.2465416 204 216 232
-0.1442148 0.0315634 -0.2668220 204 216 232
0.1154655 -0.1704752 -0.3971767 204 216 232
0.1777067 0.0367157 -0.3349465 204 216 232
0.0129397 0.1415694 -0.2779067 204 216 232
-0.1766589 0.0561325 -0.3914178 204 216 232
-0.0133894 -0.1967726 -0.4440223 204 216 232
0.1328893 -0.0939199 -0.4833623 204 216 232
-0.0018457 -0.1549384 -0.2466967 204 216 232
-0.1140234 -0.1747274 -0.3948494 204 216 232
0.1357271 0.1019248 -0.4242725 204 216 232
0.0551100 0.1060616 -0.5117363 204 216 232
-0.0414989 -0.1479467 -0.2457982 204 216 232
0.1090106 -0.0694350 -0.2334669 204 216 232
-0.0031859 0.1703547 -0.3509515 204 216 232
-0.1728078 0.0616432 -0.3398488 204 216 232
-0.1624029 -0.0303283 -0.4782281 204 216 232
-0.1244190 -0.1321958 -0.2878655 204 216 232
0.0339106 0.1389407 -0.4802878 204 216 232
-0.0447636 -0.2051244 -0.3934148 204 216 232
0.1498936 0.0195180 -0.2594101 204 216 232
-0.1811519 -0.0099059 -0.4171463 204 216 232
-0.1335211 -0.0986457 -0.2792753 204 216 232
0.0799814 -0.1248104 -0.5171063 204 216 232
0.0021386 0.1626548 -0.3306769 204 216 232
-0.0170564 0.0111823 -0.1934697 204 216 232
-0.1259498 -0.1572158 -0.4337133 204 216 232
0.0998401 0.0994942 -0.4831576 204 216 232
0.0070268 0.1407356 -0.2863262 204 216 232
0.1459741 -0.0517015 -0.5018619 204 216 232
0.1219345 -0.1537613 -0.4313020 204 216 232
0.0299924 -0.0397192 -0.1880702 204 216 232
0.0193282 0.0786048 -0.2263812 204 216 232
-0.1651820 0.0292169 -0.4576059 204 216 232
0.0353848 0.0616485 -0.5567953 204 216 232
0.0740044 -0.1018468 -0.2221309 204 216 232
-0.0997415 -0.1614940 -0.4649881 204 216 232
-0.0520541 -0.0067842 -0.1939076 204 216 232
-0.0697102 -0.1818578 -0.4520124 204 216 232
-0.0626819 0.0010763 -0.2034680 204 216 232
0.0555327 0.0855113 -0.2301026 204 216 232
-0.0176697 -0.1493270 -0.2433562 204 216 232
-0.0108067 0.1210634 -0.2665966 204 216 232
0.0829696 -0.1838821 -0.4239618 204 216 232
0.0780725 0.0522982 -0.2250321 204 216 232
0.0641092 -0.1943293 -0.4342742 204 216 232
0.1870212 -0.0238614 -0.3819926 204 216 232
0.0024911 -0.0967527 -0.2091913 204 216 232
0.1722376 0.0478886 -0.3475603 204 216 232
-0.1830844 -0.0495862 -0.4006889 204 216 232
0.1428697 -0.1508261 -0.4210092 204 216 232
0.1312128 0.0392648 -0.4997014 204 216 232
0.1216517 -0.0542405 -0.5201828 204 216 232
0.1482918 -0.1414229 -0.3658081 204 216 232
-0.1160957 -0.1588442 -0.4140889 204 216 232
0.1345684 0.1146494 -0.3757302 204 216 232
-0.0441454 0.1585430 -0.4087704 204 216 232
0.1196708 -0.1669541 -0.3694981 204 216 232
0.0712528 0.0765582 -0.5276625 204 216 232
0.1002271 0.1239067 -0.4511207 204 216 232
-0.0721240 -0.1206755 -0.2360078 204 216 232
-0.1318032 -0.1420420 -0.4296395 204 216 232
0.1234518 -0.1111167 -0.2613957 204 216 232
0.0366843 -0.1524290 -0.2552634 204 216 232
0.1088947 -0.0307285 -0.5362219 204 216 232
0.1286401 -0.0001998 -0.2362561 204 216 232
-0.1293938 -0.1382749 -0.3049825 204 216 232
-0.0784842 -0.1441769 -0.4879855 204 216 232
0.1018698 0.0752284 -0.2573516 204 216 232
0.1879497 -0.0348778 -0.3979702 204 216 232
0.1320447 0.1208030 -0.4102556 204 216 232
0.0359637 -0.0127359 -0.5645895 204 216 232
-0.0366075 -0.1652624 -0.4968709 204 216 232
-0.0996757 -0.0366058 -0.2189155 204 216 232
-0.0606228 -0.0539678 -0.1998594 204 216 232
0.0411835 -0.1885869 -0.4530968 204 216 232
-0.0306959 -0.0797618 -0.5539857 204 216 232
-0.0362316 -0.2079391 -0.3890977 204 216 232
-0.0652324 0.0219591 -0.5562821 204 216 232
-0.0275358 0.1473727 -0.2970845 204 216 232
0.0921790 0.1435946 -0.3459234 204 216 232
-0.0683563 0.0773368 -0.5295941 204 216 232
0.0220040 -0.1986270 -0.3288138 204 216 232
-0.0963888 0.1326071 -0.3382232 204 216 232
-0.0133560 -0.2064563 -0.3549737 204 216 232
-0.1037787 -0.0013175 -0.2165492 204 216 232
-0.1621390 0.0624022 -0.4359929 204 216 232
0.1795693 0.0343225 -0.3912315 204 216 232
-0.1871002 0.0156550 -0.3503537 204 216 232
-0.1236957 -0.0811329 -0.5091583 204 216 232
-0.0153530 0.1460502 -0.3148967 204 216 232
-0.0518548 0.0970875 -0.5204470 204 216 232
0.0059111 -0.1202461 -0.5424624 204 216 232
-0.1044092 0.0341686 -0.2307585 204 216 232
-0.1740513 -0.0547381 -0.3229033 204 216 232
0.0655818 0.1524503 -0.3626069 204 216 232
-0.1616347 0.0509789 -0.4515562 204 216 232
-0.0540896 0.1493493 -0.3138596 204 216 232
0.1595139 -0.0086556 -0.4802749 204 216 232
0.0378104 -0.0900827 -0.2102923 204 216 232
-0.0528766 0.1140773 -0.5029505 204 216 232
-0.1184908 0.1165054 -0.4290274 204 216 232
0.0629990 0.1505173 -0.3437637 204 216 232
-0.1197427 0.0434749 -0.2435366 204 216 232
-0.0453451 -0.1097080 -0.5420612 204 216 232
0.0912305 0.1454031 -0.4093786 204 216 232
0.0762526 0.0562638 -0.2257203 204 216 232
-0.1571345 0.0506261 -0.4310977 204 216 232
0.1835372 -0.0145962 -0.4014072 204 216 232
0.1807529 0.0412960 -0.3419985 204 216 232
0.0724684 -0.0185288 -0.2055629 204 216 232
0.1030692 0.1305600 -0.4238593 204 216 232
-0.1281946 0.0569032 -0.2656551 204 216 232
0.1541695 0.0938960 -0.3843865 204 216 232
0.0929179 -0.1765775 -0.3432975 204 216 232
0.0765623 0.0908601 -0.2465391 204 216 232
-0.1330583 -0.0653516 -0.2496462 204 216 232
-0.0282791 0.0465643 -0.2093973 204 216 232
-0.1002606 -0.1572274 -0.4511873 204 216 232
-0.1438969 0.1003039 -0.4095035 204 216 232
0.0668405 -0.1544714 -0.2602082 204 216 232
-0.1667650 -0.0676076 -0.3055626 204 216 232
0.0089255 -0.1390203 -0.5260628 204 216 232
-0.0801524 -0.1280193 -0.5152800 204 216 232
-0.0649436 -0.0670489 -0.2076654 204 216 232
0.1754768 -0.0668374 -0.3485539 204 216 232
0.0619940 0.1687624 -0.3715105 204 216 232
0.0326147 -0.1120519 -0.5475727 204 216 232
-0.1037036 0.1030735 -0.2808852 204 216 232
0.1766526 -0.0863054 -0.4164029 204 216 232
-0.0728324 0.1464638 -0.4380131 204 216 232
-0.0134026 0.0572239 -0.2050616 204 216 232
0.0140567 0.0378194 -0.5579869 204 216 232
-0.1474687 -0.1296565 -0.3343253 204 216 232
0.1505492 -0.0157175 -0.4965226 204 216 232
-0.1422498 -0.1583928 -0.3756936 204 216 232
-0.0742622 -0.0013969 -0.2035348 204 216 232
-0.1487339 0.0681086 -0.4557080 204 216 232
-0.0455028 -0.2024873 -0.4137338 204 216 232
-0.0488911 -0.0831828 -0.5541463 204 216 232
0.1143350 -0.1288118 -0.4902483 204 216 232
0.0151675 -0.0017563 -0.5729833 204 216 232
0.0397828 -0.1964740 -0.4428854 204 216 232
-0.0667301 -0.0375249 -0.2023731 204 216 232
-0.1501555 0.0941141 -0.3693334 204 216 232
-0.0066419 -0.1716930 -0.4869236 204 216 232
0.0318319 -0.2050769 -0.4103604 204 216 232
0.0711019 -0.0734078 -0.5501373 204 216 232
0.1231780 -0.1692431 -0.3932171 204 216 232
-0.1294481 -0.0469177 -0.5203279 204 216 232
0.0474422 0.0631361 -0.5383035 204 216 232
0.1149382 -0.1716775 -0.3472855 204 216 232
-0.0892056 0.0543268 -0.5307412 204 216 232
-0.0851834 0.1496008 -0.4221796 204 216 232
0.0702594 0.1503975 -0.3428868 204 216 232
-0.0996030 -0.0765048 -0.2271984 204 216 232
0.0005872 0.1400493 -0.4854714 204 216 232
-0.0805547 -0.1089344 -0.5264471 204 216 232
0.0452523 -0.0868949 -0.5551339 204 216 232
-0.0483278 -0.0582127 -0.2031312 204 216 232
-0.0838844 -0.0620089 -0.2180074 204 216 232
0.0534884 -0.0549152 -0.5560698 204 216 232
-0.0833941 -0.1240812 -0.2446710 204 216 232
0.0833698 0.1494998 -0.4128192 204 216 232
-0.0011580 0.0964194 -0.2294410 204 216 232
0.1609323 0.0877183 -0.3967362 204 216 232
-0.1032785 0.1418407 -0.3610910 204 216 232
0.1718109 0.0278101 -0.3488539 204 216 232
0.0914170 0.1408417 -0.4370677 204 216 232
0.0954246 0.1227547 -0.2972630 204 216 232
-0.1632648 -0.1097735 -0.3865721 204 216 232
0.0278828 0.0919508 -0.2393332 204 216 232
0.1842957 -0.0623559 -0.3514330 204 216 232
0.0264193 -0.0581505 -0.5650563 204 216 232
-0.0314012 -0.1190938 -0.5391699 204 216 232
-0.0929966 0.0888923 -0.5027907 204 216 232
0.0362097 -0.1817342 -0.3023208 204 216 232
-0.0919934 0.0094769 -0.5392720 204 216 232
0.1047347 -0.1135992 -0.5108231 204 216 232
0.1234363 -0.0034907 -0.2351848 204 216 232
0.0741717 0.1544933 -0.3997634 204 216 232
-0.1486180 -0.1363348 -0.3473511 204 216 232
-0.1694185 -0.0513104 -0.2967733 204 216 232
0.1634437 -0.0986361 -0.3139193 204 216 232
-0.0575622 0.1514931 -0.3305902 204 216 232
0.0171012 -0.0712187 -0.5679898 204 216 232
-0.0713372 -0.0426659 -0.5550942 204 216 232
-0.0923109 0.0700125 -0.2412585 204 216 232
0.1219868 -0.0358336 -0.2306837 204 216 232
-0.0058764 -0.1210395 -0.2219932 204 216 232
-0.0745562 0.1101380 -0.2647627 204 216 232
0.0552374 -0.1424612 -0.2396072 204 216 232
-0.0230339 -0.0122961 -0.5724497 204 216 232
-0.0998836 -0.1661794 -0.4478467 204 216 232
-0.0886397 0.1157195 -0.4679188 204 216 232
-0.0560289 -0.1410009 -0.5220674 204 216 232
-0.1733042 -0.0969875 -0.4251525 204 216 232
-0.1248908 -0.1538441 -0.3289811 204 216 232
-0.1020668 -0.1305912 -0.4956532 204 216 232
0.1486385 -0.0707538 -0.2579963 204 216 232
0.0753021 -0.1687708 -0.2943151 204 216 232
-0.0388910 0.1594661 -0.3561542 204 216 232
0.0992739 -0.1545943 -0.4567263 204 216 232
0.1727948 -0.0149858 -0.3024147 204 216 232
0.1299904 -0.1509735 -0.3697626 204 216 232
-0.1505543 -0.0028889 -0.4889121 204 216 232
0.1696854 -0.0729438 -0.3225598 204 216 232
0.0921090 -0.1436127 -0.2750975 204 216 232
0.0976467 -0.1658795 -0.3086310 204 216 232
-0.0008610 -0.0680956 -0.1963043 204 216 232
-0.1073576 -0.1325471 -0.2707824 204 216 232
0.1106366 0.1404790 -0.3888858 204 216 232
0.0142393 0.0300332 -0.5651020 204 216 232
-0.1645692 -0.0969913 -0.4410059 204 216 232
-0.0556556 0.1005853 -0.5271249 204 216 232
-0.0078007 -0.2106458 -0.3949020 204 216 232
-0.0013492 -0.1968442 -0.4044139 204 216 232
-0.1201877 0.1220333 -0.4419908 204 216 232
-0.0174767 0.1576551 -0.3245681 204 216 232
0.1588919 0.0817482 -0.3896299 204 216 232
-0.0314298 0.0894506 -0.2311437 204 216 232
-0.1732858 0.0217535 -0.3152582 204 216 232
-0.1385181 -0.1518127 -0.4178705 204 216 232
0.0215881 0.0532801 -0.2100307 204 216 232
0.0420529 -0.1393641 -0.2356132 204 216 232
-0.1359256 0.1110593 -0.3458668 204 216 232
0.0552006 -0.1675451 -0.4923738 204 216 232
0.1580554 -0.1025059 -0.4313326 204 216 232
-0.1042278 0.1417820 -0.4045906 204 216 232
-0.0727769 0.1275268 -0.2766397 204 216 232
-0.0366828 0.1652467 -0.3953551 204 216 232
0.1801694 -0.0710600 -0.3813371 204 216 232
0.1660046 -0.0188481 -0.4643637 204 216 232
-0.0533144 0.1280247 -0.2739541 204 216 232
-0.1252263 0.0044655 -0.2394608 204 216 232
0.1625898 -0.0093393 -0.4703922 204 216 232
-0.0638558 0.1561635 -0.4139702 204 216 232
0.0751796 -0.1253914 -0.2437259 204 216 232
0.0335240 -0.0665061 -0.5630096 204 216 232
-0.1278938 0.0839979 -0.4747938 204 216 232
0.0372876 0.1223327 -0.5012053 204 216 232
0.1588477 -0.0055145 -0.4902787 204 216 232
-0.1091983 -0.1242784 -0.5021067 204 216 232
-0.1551347 0.0273114 -0.4594024 204 216 232
0.0918645 0.1475104 -0.3871015 204 216 232
-0.0051895 -0.0692091 -0.1960588 204 216 232
0.1228741 0.1255324 -0.3999151 204 216 232
0.0388104 -0.1988845 -0.4394592 204 216 232
0.0086708 0.1674131 -0.3693144 204 216 232
0.0014123 -0.0667812 -0.1974582 204 216 232
0.1035706 -0.1175727 -0.5113140 204 216 232
-0.0137492 0.0869128 -0.5378336 204 216 232
-0.1140381 0.0016681 -0.2277736 204 216 232
-0.0528618 -0.1488897 -0.5075994 204 216 232
-0.1565388 0.0815945 -0.4261687 204 216 232
-0.1855842 -0.0607256 -0.4217947 204 216 232
-0.1815983 -0.0475026 -0.3502440 204 216 232
0.1390872 -0.1441463 -0.4221182 204 216 232
-0.0189325 -0.2045247 -0.3287657 204 216 232
0.0154418 -0.1096377 -0.5495983 204 216 232
-0.1053371 0.0856095 -0.5016816 204 216 232
-0.1471267 -0.0923726 -0.4737932 204 216 232
0.0379945 -0.1628038 -0.2737099 204 216 232
0.0100747 -0.0759502 -0.5583170 204 216 232
0.0167214 -0.1880527 -0.2972836 204 216 232
0.0514599 0.0404517 -0.2034321 204 216 232
-0.1760557 0.0169856 -0.4486201 204 216 232
0.0322961 -0.0774918 -0.5591429 204 216 232
-0.1538454 0.0326209 -0.2769626 204 216 232
-0.1935024 -0.0473744 -0.3890726 204 216 232
0.0128981 -0.1743194 -0.2820517 204 216 232
0.1887071 -0.0241793 -0.4076465 204 216 232
-0.0921447 0.0624351 -0.5219195 204 216 232
-0.1361733 -0.1030733 -0.2664704 204 216 232
0.1602174 0.0775373 -0.3387909 204 216 232
0.1828103 -0.0277620 -0.3325864 204 216 232
-0.1040898 0.0737593 -0.2522271 204 216 232
0.0033112 0.0046721 -0.5727504 204 216 232
-0.0841548 0.0467162 -0.5285064 204 216 232
-0.0198287 0.0107648 -0.5696555 204 216 232
-0.0176958 0.1447985 -0.4758509 204 216 232
-0.1663861 0.0373707 -0.4452889 204 216 232
0.1420215 -0.0357125 -0.5089305 204 216 232
0.0872650 0.0035001 -0.5499378 204 216 232
-0.1034409 0.0957917 -0.2650136 204 216 232
-0.1109792 -0.1783436 -0.3763270 204 216 232
-0.1047180 -0.1106069 -0.2456007 204 216 232
0.1516200 0.0439525 -0.2797167 204 216 232
-0.1218424 -0.1612481 -0.3998247 204 216 232
0.1621029 -0.1070728 -0.4276302 204 216 232
-0.1705392 -0.0931550 -0.4214947 204 216 232
0.1851386 -0.0589117 -0.3710644 204 216 232
-0.0493217 -0.1468661 -0.2385902 204 216 232
0.1350482 0.0339456 -0.2668212 204 216 232
-0.0332302 -0.1500154 -0.2479812 204 216 232
0.1230143 -0.1452502 -0.4571216 204 216 232
0.1622800 -0.1159572 -0.3592950 204 216 232
0.0567452 -0.1199617 -0.2295918 204 216 232
0.0580895 0.1423860 -0.3053752 204 216 232
-0.0856711 -0.1320648 -0.2565373 204 216 232
0.0628137 0.1006687 -0.2430180 204 216 232
-0.0034715 -0.0167595 -0.5742763 204 216 232
0.0406480 -0.0793811 -0.2062512 204 216 232
0.1149269 -0.0654497 -0.2282175 204 216 232
0.1817583 0.0043981 -0.3918978 204 216 232
0.0769124 -0.1976631 -0.3887797 204 216 232
-0.1138824 0.1344215 -0.3764485 204 216 232
-0.0730797 0.0247231 -0.5426059 204 216 232
0.0365766 -0.1516003 -0.2531904 204 216 232
0.0566697 0.1516007 -0.4435177 204 216 232
0.0750965 -0.0421292 -0.2047563 204 216 232
0.1396722 0.0796023 -0.3090390 204 216 232
-0.1084880 0.1365982 -0.4042343 204 216 232
0.1209105 0.1138153 -0.3137227 204 216 232
-0.1229645 -0.0633364 -0.2417864 204 216 232
0.1684491 -0.0829066 -0.4250932 204 216 232
-0.0753664 0.0046413 -0.2064414 204 216 232
0.1061666 -0.1333699 -0.2739091 204 216 232
0.0465827 -0.1998246 -0.3316656 204 216 232
-0.1116332 -0.0579686 -0.2360273 204 216 232
-0.0838442 -0.0943936 -0.5291032 204 216 232
0.1146672 -0.1533802 -0.4488705 204 216 232
0.0282628 0.0121779 -0.1935859 204 216 232
0.1864055 -0.0167708 -0.3873424 204 216 232
-0.1586331 -0.1208806 -0.3391304 204 216 232
-0.0759047 -0.1730397 -0.2971065 204 216 232
-0.1306108 0.0407331 -0.2625058 204 216 232
-0.0088361 0.1122359 -0.2542017 204 216 232
0.0505271 0.0953703 -0.2297244 204 216 232
-0.1488556 -0.1356233 -0.3483255 204 216 232
-0.0975077 0.1395231 -0.4124427 204 216 232
0.1655337 -0.0227731 -0.4809524 204 216 232
-0.0169804 -0.1140684 -0.5509580 204 216 232
0.1106447 0.0419836 -0.5164181 204 216 232
0.0320062 -0.1898312 -0.4463085 204 216 232
-0.0546023 -0.0461777 -0.5652878 204 216 232
0.0463527 -0.1981707 -0.4167880 204 216 232
-0.0820990 -0.1909583 -0.3708013 204 216 232
-0.1126213 -0.0423632 -0.2315362 204 216 232
-0.0954318 0.1401027 -0.3624249 204 216 232
-0.0577553 0.0386011 -0.2029869 204 216 232
0.0122616 0.0740740 -0.5479572 204 216 232
0.1761783 -0.0200903 -0.3023625 204 216 232
0.1062590 -0.1713699 -0.4098085 204 216 232
-0.0405700 -0.1782119 -0.2948428 204 216 232
0.0942609 -0.0135405 -0.5486177 204 216 232
0.0331113 -0.2042832 -0.3476967 204 216 232
-0.0116376 -0.0041078 -0.1914034 204 216 232
0.0634095 -0.2012735 -0.3594254 204 216 232
0.1090369 0.1110873 -0.4639203 204 216 232
-0.1309922 -0.1594678 -0.3942558 204 216 232
-0.0895395 0.0678057 -0.5207595 204 216 232
0.1799888 -0.0470527 -0.3347219 204 216 232
-0.0809512 -0.0752337 -0.2235202 204 216 232
-0.1022770 -0.0637199 -0.2256152 204 216 232
-0.1759962 -0.0376603 -0.4393900 204 216 232
0.0314777 -0.0889991 -0.1913002 204 216 232
-0.1027122 -0.1364508 -0.4970600 204 216 232
-0.0159901 0.1086567 -0.2323337 204 216 232
0.1185735 -0.0500115 -0.5317600 204 216 232
0.0987110 0.1130811 -0.2820702 204 216 232
0.1590058 -0.0742998 -0.2947492 204 216 232
-0.1267385 -0.0253406 -0.5206922 204 216 232
-0.0171122 0.1198367 -0.5014981 204 216 232
0.0188019 0.1436240 -0.4859793 204 216 232
-0.1189368 0.1226064 -0.4251030 204 216 232
0.0131717 -0.2010239 -0.3577616 204 216 232
0.1070314 0.0861975 -0.2637934 204 216 232
0.0448220 0.1200351 -0.4997415 204 216 232
0.0509748 0.0320487 -0.2024344 204 216 232
-0.0763536 0.0951995 -0.2521779 204 216 232
-0.0205562 -0.1748500 -0.4823680 204 216 232
-0.1302192 0.0953303 -0.3036998 204 216 232
0.0002383 -0.1352519 -0.2293318 204 216 232
0.0909925 -0.1359548 -0.2702509 204 216 232
-0.1722265 -0.0561862 -0.3061225 204 216 232
-0.1343886 0.0784035 -0.2824152 204 216 232
-0.0817666 0.0559069 -0.2336071 204 216 232
-0.1515514 -0.1365374 -0.4056560 204 216 232
0.1182046 -0.1115312 -0.2715706 204 216 232
-0.1445579 -0.1033081 -0.2803332 204 216 232
0.0445597 -0.0240955 -0.5645177 204 216 232
-0.0552699 -0.0225332 -0.5582352 204 216 232
-0.1375055 -0.0603822 -0.5061238 204 216 232
0.1901456 -0.0122417 -0.3570418 204 216 232
-0.0755327 -0.0391975 -0.2064719 204 216 232
-0.1843659 -0.0342118 -0.3456143 204 216 232
0.1495193 -0.0583896 -0.2799567 204 216 232
-0.0474731 -0.1706420 -0.2696736 204 216 232
0.1570756 -0.0284080 -0.4871609 204 216 232
0.0158535 -0.0299271 -0.1931148 204 216 232
-0.1597329 0.0831858 -0.3787790 204 216 232
0.1642134 -0.0767060 -0.3001445 204 216 232
0.1291575 -0.1101345 -0.2823066 204 216 232
-0.1305465 -0.1529334 -0.3587819 204 216 232
-0.1515965 -0.1252917 -0.3260767 204 216 232
-0.1784857 0.0075445 -0.4426273 204 216 232
0.0859424 0.1064217 -0.4823058 204 216 232
0.0533758 -0.1099312 -0.2247825 204 216 232
0.1621472 -0.0146700 -0.2758767 204 216 232
-0.0640087 0.0692293 -0.2199197 204 216 232
-0.0930225 -0.0592772 -0.5341586 204 216 232
-0.1391523 -0.1330891 -0.4511015 204 216 232
-0.0132229 -0.1971441 -0.3096257 204 216 232
-0.1568242 -0.1169996 -0.3847345 204 216 232
-0.0963581 0.1257194 -0.3062563 204 216 232
-0.0543458 -0.1731448 -0.4810807 204 216 232
0.0879247 -0.1873029 -0.3248298 204 216 232
-0.1045626 -0.1822614 -0.3756957 204 216 232
-0.1279916 -0.1067295 -0.2753545 204 216 232
-0.0065551 -0.2108329 -0.3476174 204 216 232
0.1069358 0.1023516 -0.2823441 204 216 232
0.1198000 -0.1110478 -0.4907513 204 216 232
-0.0865666 -0.1521914 -0.4847761 204 216 232
0.0008682 0.0414640 -0.5534959 204 216 232
-0.1162740 0.1008596 -0.4744450 204 216 232
0.0460777 -0.0169816 -0.1978146 204 216 232
-0.0789506 -0.0516060 -0.5544090 204 216 232
-0.0419145 0.1179435 -0.5035126 204 216 232
-0.0753958 0.1138771 -0.2688833 204 216 232
-0.1689081 -0.0900927 -0.3480749 204 216 232
-0.0488039 -0.0060532 -0.2009107 204 216 232
-0.0341732 -0.0705710 -0.5614840 204 216 232
0.0314941 -0.0126100 -0.5665043 204 216 232
-0.0468459 0.0790695 -0.2241144 204 216 232
0.0198798 0.1005696 -0.5241290 204 216 232
-0.1426930 0.0553417 -0.2816465 204 216 232
-0.0732433 -0.1944369 -0.4248942 204 216 232
-0.1543293 0.0888764 -0.3937707 204 216 232
0.1680158 -0.0519326 -0.4535288 204 216 232
-0.1669316 -0.0076642 -0.4758043 204 216 232
0.0862500 0.0453733 -0.2205016 204 216 232
-0.1267686 0.0565965 -0.4968514 204 216 232
-0.0165678 0.0350177 -0.5602235 204 216 232
-0.1761464 0.0242010 -0.4352735 204 216 232
0.0193879 -0.0195331 -0.1899818 204 216 232
-0.1615047 -0.1081236 -0.4300214 204 216 232
-0.0404252 0.1446634 -0.2951387 204 216 232
-0.0449737 0.1489116 -0.2869144 204 216 232
-0.0792026 -0.0266394 -0.2052577 204 216 232
0.1530485 -0.1218672 -0.3512543 204 216 232
-0.1860397 -0.0355265 -0.3423196 204 216 232
0.0050126 -0.0760140 -0.2039046 204 216 232
0.0642039 0.1280156 -0.4832866 204 216 232
-0.0454021 -0.1173312 -0.5346854 204 216 232
-0.1752114 0.0446438 -0.3391757 204 216 232
-0.1100629 -0.0212955 -0.2146225 204 216 232
0.1256025 0.0999637 -0.4666487 204 216 232
0.0279329 0.0810349 -0.5369493 204 216 232
-0.1459165 -0.0653337 -0.4912875 204 216 232
0.1409601 0.1023841 -0.3983282 204 216 232
0.1072377 0.0985580 -0.2804608 204 216 232
0.1437276 -0.0816840 -0.2703544 204 216 232
-0.1817534 0.0377964 -0.3550750 204 216 232
-0.1588406 0.0684186 -0.4246042 204 216 232
-0.1062469 -0.1769563 -0.4068052 204 216 232
-0.0202501 -0.0673133 -0.5747248 204 216 232
0.0155245 -0.0348786 -0.5753633 204 216 232
-0.0217966 0.1735265 -0.3693520 204 216 232
-0.0014959 -0.1288324 -0.2236947 204 216 232
0.0448190 -0.1367280 -0.5161642 204 216 232
-0.0912569 -0.0484299 -0.2159565 204 216 232
-0.1074150 -0.1460239 -0.4628905 204 216 232
0.1863924 0.0211104 -0.3767423 204 216 232
0.1792291 -0.0717520 -0.4312448 204 216 232
-0.0330327 -0.1751690 -0.2714407 204 216 232
-0.0537258 -0.1908139 -0.3302743 204 216 232
0.1598459 -0.1184250 -0.3673902 204 216 232
-0.1738957 -0.0858561 -0.4277214 204 216 232
0.1480616 -0.1140389 -0.3021714 204 216 232
-0.1083570 0.1326154 -0.3697498 204 216 232
0.1287781 0.0326639 -0.2441423 204 216 232
0.0895401 -0.1773972 -0.3332358 204 216 232
-0.0462194 0.1013423 -0.2407828 204 216 232
0.0123026 -0.1019600 -0.5536726 204 216 232
-0.0803918 -0.1085992 -0.2348442 204 216 232
-0.0042782 -0.0276154 -0.1871491 204 216 232
-0.0712067 -0.1660006 -0.4773930 204 216 232
-0.1829250 0.0013142 -0.3404820 204 216 232
0.1265572 -0.0279086 -0.2400228 204 216 232
0.1438565 -0.1386737 -0.4001356 204 216 232
0.0920271 -0.1775681 -0.4195080 204 216 232
0.1184482 0.1150055 -0.3129112 204 216 232
0.0929453 0.1021178 -0.2676953 204 216 232
-0.0237758 0.1655612 -0.4316595 204 216 232
-0.1137379 -0.0622949 -0.2332377 204 216 232
-0.0139538 -0.0771796 -0.2027901 204 216 232
-0.0837711 -0.0715622 -0.5432879 204 216 232
0.1561188 0.0790553 -0.4392533 204 216 232
-0.1230655 0.0589847 -0.4995623 204 216 232
0.1343561 0.0478539 -0.2545712 204 216 232
-0.0645071 -0.1968106 -0.4034044 204 216 232
-0.0391100 0.1655181 -0.3684264 204 216 232
0.1701291 -0.0052195 -0.4583340 204 216 232
0.0950333 0.0706101 -0.2468036 204 216 232
0.1227199 0.0859557 -0.4825048 204 216 232
0.0660297 -0.1924542 -0.3260674 204 216 232
-0.0847373 -0.0550941 -0.2134385 204 216 232
-0.1076994 -0.1693875 -0.3779165 204 216 232
-0.0715118 0.1285973 -0.2900276 204 216 232
-0.1640739 0.0513249 -0.3101285 204 216 232
0.0371437 -0.0193783 -0.1960123 204 216 232
-0.0978844 0.0665885 -0.5197970 204 216 232
0.0767324 -0.1776621 -0.4474860 204 216 232
-0.0512333 0.1568251 -0.3423305 204 216 232
0.1228747 0.0633289 -0.2538298 204 216 232
-0.1783985 0.0503424 -0.3289748 204 216 232
0.1565327 -0.1158919 -0.4047111 204 216 232
-0.0260616 -0.1115558 -0.5500765 204 216 232
-0.0743262 -0.1397804 -0.2493909 204 216 232
0.0717426 0.0098199 -0.2089322 204 216 232
0.1444546 0.0765886 -0.2987239 204 216 232
-0.0507617 0.1487458 -0.3042768 204 216 232
0.1719406 -0.0564960 -0.3090716 204 216 232
-0.0793936 -0.1166537 -0.5211560 204 216 232
-0.1495496 0.0720313 -0.3057685 204 216 232
-0.0217140 0.0254420 -0.2017652 204 216 232
0.1257614 -0.1594993 -0.4148844 204 216 232
-0.1684704 0.0690022 -0.4161261 204 216 232
-0.1494329 0.0341789 -0.2762151 204 216 232
0.0620790 -0.0194719 -0.1960809 204 216 232
-0.0514767 0.0627449 -0.5434012 204 216 232
-0.0013141 0.1195424 -0.2527220 204 216 232
-0.0382533 0.0336817 -0.2020812 204 216 232
0.1072278 0.1265787 -0.4419788 204 216 232
-0.1307142 -0.1053835 -0.4806339 204 216 232
-0.0577280 0.1525256 -0.4325828 204 216 232
-0.1019601 -0.1635960 -0.4379356 204 216 232
0.0201335 -0.0671589 -0.1994784 204 216 232
-0.1604939 0.0096186 -0.2813755 204 216 232
-0.0247239 -0.2042897 -0.4061219 204 216 232
-0.0393625 -0.1682170 -0.4884610 204 216 232
0.1540977 0.0858498 -0.3748814 204 216 232
-0.0829419 0.1305332 -0.2974252 204 216 232
0.1128009 -0.1087414 -0.2582057 204 216 232
0.1152838 -0.1394716 -0.2793790 204 216 232
0.0917206 0.0739781 -0.2524386 204 216 232
0.1759818 -0.0328193 -0.4370282 204 216 232
0.0500955 0.3401601 0.3585354 232 157 180
0.0620228 0.3634508 0.3844900 232 157 180
0.0052882 0.3213350 0.4315632 232 157 180
0.0013950 0.3498953 0.4353630 232 157 180
-0.0552905 0.3682449 0.4033980 232 157 180
-0.0112497 0.3515028 0.3463831 232 157 180
-0.0327637 0.2957338 0.3973731 232 157 180
0.0098011 0.3898852 0.3935985 232 157 180
-0.0310069 0.2955836 0.4025785 232 157 180
-0.0539409 0.3700989 0.3935594 232 157 180
-0.0314066 0.3838027 0.3861221 232 157 180
0.0227930 0.3077710 0.4207061 232 157 180
-0.0167358 0.2913947 0.3812163 232 157 180
0.0086150 0.3705547 0.3562068 232 157 180
-0.0396121 0.3691941 0.4178286 232 157 180
-0.0418714 0.3049645 0.4045712 232 157 180
0.0117893 0.3209489 0.4307547 232 157 180
0.0099007 0.3036210 0.3611667 232 157 180
0.0034402 0.3898709 0.3878419 232 157 180
0.0277075 0.3799382 0.3703691 232 157 180
-0.0453230 0.3391764 0.3542722 232 157 180
-0.0070989 0.3522265 0.3463234 232 157 180
-0.0593309 0.3643777 0.4005322 232 157 180
0.0524580 0.3600071 0.4135201 232 157 180
0.0229172 0.3555566 0.4301286 232 157 180
-0.0025182 0.3848149 0.4101655 232 157 180
-0.0441301 0.3380701 0.4253583 232 157 180
0.0312469 0.3415135 0.3505865 232 157 180
0.0502357 0.3131967 0.4081922 232 157 180
0.0246829 0.2970751 0.4069671 232 157 180
-0.0638220 0.3533797 0.3780238 232 157 180
-0.0419849 0.3126785 0.4155932 232 157 180
0.0370816 0.3034280 0.3712793 232 157 180
-0.0273244 0.2928043 0.3850549 232 157 180
-0.0397758 0.3813782 0.3894782 232 157 180
-0.0190036 0.3150114 0.3537522 232 157 180
0.0027907 0.2950788 0.4095406 232 157 180
-0.0374536 0.3138726 0.3606539 232 157 180
0.0179151 0.3278488 0.3479712 232 157 180
0.0461670 0.3767492 0.3890042 232 157 180
0.0187259 0.3188041 0.4290981 232 157 180
0.0273257 0.3754258 0.3643145 232 157 180
-0.0253931 0.3263394 0.4299874 232 157 180
0.0023286 0.3706371 0.3552752 232 157 180
0.0581775 0.3262181 0.4123205 232 157 180
0.0129860 0.3490148 0.4322302 232 157 180
-0.0471197 0.3105837 0.4142949 232 157 180
-0.0697629 0.3356681 0.3881835 232 157 180
0.0034952 0.3672676 0.4287107 232 157 180
-0.0673461 0.3331340 0.3854426 232 157 180
-0.0081738 0.3839707 0.3694438 232 157 180
0.0448439 0.3142324 0.4141212 232 157 180
-0.0525252 0.3723356 0.3875695 232 157 180
-0.0439953 0.3061975 0.3733394 232 157 180
0.0020562 0.3444519 0.3449122 232 157 180
-0.0338499 0.3074904 0.3652226 232 157 180
0.0131049 0.3062149 0.3563873 232 157 180
0.0022812 0.2910811 0.3877731 232 157 180
-0.0373227 0.3233772 0.4243861 232 157 180
-0.0460576 0.3565556 0.4214495 232 157 180
0.0541562 0.3299656 0.3620070 232 157 180
-0.0523920 0.3639623 0.3681960 232 157 180
0.0646552 0.3207317 0.3988593 232 157 180
-0.0620404 0.3189078 0.3895567 232 157 180
-0.0665906 0.3488278 0.4027247 232 157 180
0.0288867 0.3276586 0.4286908 232 157 180
0.0220992 0.3582119 0.4298201 232 157 180
0.0679075 0.3298151 0.3893979 232 157 180
0.0196695 0.2990306 0.3683594 232 157 180
-0.0255517 0.3118415 0.4244879 232 157 180
0.0172581 0.2933378 0.3802923 232 157 180
-0.0626559 0.3579245 0.4004136 232 157 180
-0.0004927 0.2922021 0.3880239 232 157 180
0.0586018 0.3581282 0.4083468 232 157 180
-0.0689903 0.3508492 0.3881635 232 157 180
-0.0080253 0.3327357 0.3454549 232 157 180
0.0122090 0.3424868 0.4353450 232 157 180
0.0030862 0.3731008 0.4245875 232 157 180
0.0654499 0.3579585 0.3949672 232 157 180
0.0278103 0.2962599 0.3966900 232 157 180
0.0102105 0.3814497 0.4136964 232 157 180
-0.0349652 0.3064076 0.3636455 232 157 180
0.0473278 0.3635107 0.3651033 232 157 180
-0.0025074 0.3642690 0.4294144 232 157 180
-0.0616932 0.3544053 0.3729439 232 157 180
-0.0173027 0.2927735 0.3966637 232 157 180
0.0612815 0.3219353 0.4055303 232 157 180
0.0350989 0.3183829 0.4227208 232 157 180
-0.0533595 0.3098179 0.3997487 232 157 180
0.0205170 0.3529882 0.3497235 232 157 180
0.0580667 0.3281354 0.4127268 232 157 180
0.0408275 0.3070872 0.4110955 232 157 180
-0.0558947 0.3161506 0.3723223 232 157 180
-0.0018662 0.3801401 0.3650090 232 157 180
0.0073637 0.3022388 0.3613025 232 157 180
0.0452028 0.3244898 0.3607855 232 157 180
-0.0706030 0.3334746 0.3834636 232 157 180
-0.0446502 0.3321353 0.3573800 232 157 180
0.0437937 0.3199960 0.4216169 232 157 180
-0.0570552 0.3402094 0.3644959 232 157 180
0.0683199 0.3280320 0.3843052 232 157 180
0.0261381 0.3813637 0.4095172 232 157 180
0.0588022 0.3447060 0.3675168 232 157 180
-0.0220992 0.3862893 0.3762388 232 157 180
-0.0395802 0.3359104 0.3519103 232 157 180
0.0633057 0.3180622 0.3818639 232 157 180
0.0421790 0.3083123 0.3692309 232 157 180
0.0409580 0.3121603 0.4166484 232 157 180
0.0658724 0.3540253 0.3946539 232 157 180
-0.0399740 0.3648974 0.3610566 232 157 180
-0.0330650 0.3818697 0.3758858 232 157 180
0.0166894 0.3392367 0.4326338 232 157 180
-0.0570559 0.3135914 0.4013045 232 157 180
-0.0109992 0.3557050 0.3474623 232 157 180
-0.0534781 0.3726526 0.3933360 232 157 180
-0.0102379 0.3008670 0.3626157 232 157 180
0.0488656 0.3230562 0.4190072 232 157 180
-0.0244347 0.3724936 0.3585824 232 157 180
0.0224970 0.3685164 0.4240260 232 157 180
-0.0619672 0.3354870 0.4100225 232 157 180
0.0288837 0.3653205 0.4227093 232 157 180
0.0482022 0.3114263 0.3724483 232 157 180
-0.0223946 0.3391086 0.3466501 232 157 180
0.0692187 0.3516544 0.3870194 232 157 180
0.0707748 0.3419914 0.3956296 232 157 180
0.0005627 0.3565573 0.3468269 232 157 180
-0.0094216 0.3307634 0.4344901 232 157 180
0.0115591 0.3702410 0.4255237 232 157 180
0.0288507 0.3025309 0.3685854 232 157 180
-0.0144257 0.3879265 0.3930248 232 157 180
-0.0172372 0.3169747 0.4289825 232 157 180
0.0272943 0.3052122 0.4168993 232 157 180
-0.0415139 0.3155996 0.4209664 232 157 180
-0.0315676 0.3758212 0.4125170 232 157 180
0.0436285 0.3058348 0.3719748 232 157 180
0.0665583 0.3224847 0.3976777 232 157 180
-0.0348496 0.3785874 0.4042973 232 157 180
0.0215422 0.2933913 0.3915986 232 157 180
-0.0204254 0.3045738 0.3617817 232 157 180
-0.0095111 0.2910745 0.3871599 232 157 180
0.0546593 0.3105285 0.3822568 232 157 180
-0.0650563 0.3436411 0.3744952 232 157 180
0.0560330 0.3454998 0.3626945 232 157 180
0.0419719 0.3345948 0.4254711 232 157 180
0.0135643 0.3792949 0.4184475 232 157 180
-0.0018993 0.3453563 0.3453492 232 157 180
-0.0644047 0.3267718 0.3741836 232 157 180
0.0364561 0.2984934 0.3997961 232 157 180
-0.0150117 0.3352772 0.4336865 232 157 180
-0.0164625 0.3194902 0.4273522 232 157 180
-0.0430931 0.3738056 0.3722907 232 157 180
-0.0127242 0.2919585 0.3905398 232 157 180
-0.0031380 0.2913832 0.4004183 232 157 180
0.0380530 0.3805325 0.3994002 232 157 180
-0.0317144 0.2973054 0.3815695 232 157 180
-0.0457332 0.3489323 0.4237083 232 157 180
0.0501838 0.3520170 0.4158473 232 157 180
0.0106057 0.3617794 0.3500293 232 157 180
0.0570290 0.3650470 0.3755525 232 157 180
0.0166121 0.3674448 0.4248158 232 157 180
-0.0261310 0.3825676 0.4075951 232 157 180
-0.0190021 0.3341932 0.3478303 232 157 180
0.0550831 0.3675872 0.3987703 232 157 180
0.0107201 0.3878321 0.3828107 232 157 180
-0.0456382 0.3677272 0.4103985 232 157 180
0.0079019 0.2928628 0.3747014 232 157 180
0.0604842 0.3642741 0.3899249 232 157 180
0.0626314 0.3293676 0.3746947 232 157 180
-0.0450754 0.3691903 0.3658437 232 157 180
-0.0365892 0.3817819 0.3962359 232 157 180
0.0362201 0.3569630 0.4246313 232 157 180
-0.0186372 0.3614738 0.3504818 232 157 180
-0.0028700 0.2951819 0.3707971 232 157 180
-0.0182838 0.3053296 0.3606248 232 157 180
-0.0418895 0.3595249 0.4217534 232 157 180
0.0506301 0.3701113 0.4045737 232 157 180
-0.0347845 0.3538434 0.3548538 232 157 180
-0.0428191 0.3470111 0.3537811 232 157 180
-0.0592413 0.3633320 0.4029876 232 157 180
0.0231098 0.3079901 0.3583784 232 157 180
0.0097056 0.3191714 0.4304705 232 157 180
0.0152749 0.3885416 0.3950404 232 157 180
0.0114246 0.3817330 0.4161570 232 157 180
0.0136191 0.3571026 0.3485944 232 157 180
0.0428929 0.3207096 0.4201077 232 157 180
0.0620065 0.3400279 0.3657915 232 157 180
-0.0606170 0.3238212 0.3735483 232 157 180
-0.0207327 0.3802978 0.4085925 232 157 180
0.0671328 0.3396100 0.3806828 232 157 180
-0.0394139 0.3290546 0.3532395 232 157 180
-0.0681758 0.3398765 0.3798816 232 157 180
-0.0223667 0.3133881 0.4260095 232 157 180
0.0315379 0.3067351 0.4147663 232 157 180
0.0247626 0.3773168 0.3615533 232 157 180
0.0016147 0.3815449 0.4170232 232 157 180
0.0187199 0.3652319 0.4264328 232 157 180
0.0233294 0.3776954 0.3639581 232 157 180
-0.0371612 0.2982923 0.3936963 232 157 180
-0.0612043 0.3557327 0.3789390 232 157 180
0.0431360 0.3143282 0.3649629 232 157 180
-0.0632580 0.3490984 0.3755079 232 157 180
-0.0532663 0.3621388 0.3683433 232 157 180
0.0375754 0.3342735 0.3529563 232 157 180
-0.0634101 0.3357677 0.4063728 232 157 180
0.0170994 0.3272322 0.4325433 232 157 180
-0.0651365 0.3605371 0.3937336 232 157 180
0.0294943 0.2938148 0.3949331 232 157 180
-0.0375283 0.3312619 0.3525847 232 157 180
0.0041875 0.2976881 0.4122660 232 157 180
-0.0179357 0.3220268 0.3502959 232 157 180
-0.0494962 0.3352363 0.4229235 232 157 180
-0.0460991 0.3479865 0.3561231 232 157 180
-0.0419658 0.3038189 0.4045366 232 157 180
-0.0271872 0.3548260 0.3522905 232 157 180
0.0204934 0.3017693 0.3665686 232 157 180
0.0451417 0.3767897 0.4028961 232 157 180
0.0100149 0.3895456 0.3884672 232 157 180
0.0473164 0.3759966 0.3945644 232 157 180
0.0358578 0.3814257 0.3952862 232 157 180
-0.0238459 0.3178108 0.4260805 232 157 180
0.0682016 0.3514811 0.3988203 232 157 180
0.0482715 0.3061783 0.3859897 232 157 180
0.0242966 0.2991954 0.3681994 232 157 180
0.0661410 0.3471552 0.3758889 232 157 180
0.0285939 0.3842885 0.3791822 232 157 180
0.0139864 0.2944272 0.3768441 232 157 180
0.0149177 0.2913971 0.3813631 232 157 180
-0.0006817 0.3131821 0.4280225 232 157 180
0.0461516 0.3139133 0.4136949 232 157 180
-0.0358260 0.3354178 0.4288363 232 157 180
0.0494288 0.3054218 0.3992843 232 157 180
-0.0124246 0.3035739 0.3619759 232 157 180
0.0275331 0.3225330 0.3522641 232 157 180
-0.0436412 0.3213086 0.4203984 232 157 180
-0.0429169 0.3043961 0.3765866 232 157 180
-0.0590906 0.3631063 0.3766459 232 157 180
-0.0275818 0.2991475 0.3715360 232 157 180
0.0623058 0.3502596 0.3763807 232 157 180
0.0618368 0.3193725 0.3920313 232 157 180
0.0572108 0.3396747 0.4164518 232 157 180
0.0368783 0.3818147 0.3976183 232 157 180
-0.0670241 0.3492349 0.3796618 232 157 180
-0.0265259 0.3612537 0.4276904 232 157 180
0.0502327 0.3052429 0.3901838 232 157 180
-0.0384613 0.2979654 0.3876695 232 157 180
-0.0245000 0.3811572 0.3711328 232 157 180
-0.0673267 0.3485644 0.3945730 232 157 180
-0.0535632 0.3379985 0.4182125 232 157 180
0.0580202 0.3667312 0.3874879 232 157 180
0.0252526 0.3544899 0.3488649 232 157 180
0.0230986 0.3039988 0.4179006 232 157 180
0.0209913 0.3163245 0.3545803 232 157 180
0.0012439 0.3734074 0.3569990 232 157 180
0.0070244 0.2939491 0.3720516 232 157 180
-0.0031421 0.3098845 0.3550989 232 157 180
0.0440229 0.3629587 0.4192033 232 157 180
0.0672091 0.3329059 0.3946854 232 157 180
0.0143500 0.3904619 0.3926450 232 157 180
0.0451108 0.3016877 0.3897728 232 157 180
-0.0027377 0.3883087 0.4028791 232 157 180
-0.0789090 0.4593159 0.3585928 42 54 73
-0.1233948 0.4525405 0.3635232 42 54 73
-0.0861433 0.4583380 0.3662825 42 54 73
-0.0988751 0.5339602 0.3473620 42 54 73
-0.1375902 0.4846679 0.3462878 42 54 73
-0.0733606 0.4727383 0.3509442 42 54 73
-0.1262545 0.5139294 0.3697179 42 54 73
-0.0735704 0.5070755 0.3616976 42 54 73
-0.1396930 0.4931089 0.3525426 42 54 73
-0.1293640 0.4872144 0.3729296 42 54 73
-0.1039296 0.5125712 0.3759549 42 54 73
-0.1018091 0.4789698 0.3304689 42 54 73
-0.1247157 0.5064512 0.3733156 42 54 73
-0.1073679 0.5247571 0.3390703 42 54 73
-0.0871253 0.4666583 0.3384694 42 54 73
-0.0851355 0.5223389 0.3440806 42 54 73
-0.1333537 0.4853864 0.3394500 42 54 73
-0.1056695 0.4432254 0.3550637 42 54 73
-0.1147917 0.4658191 0.3351841 42 54 73
-0.1266043 0.5232555 0.3479532 42 54 73
-0.0776087 0.5156647 0.3464609 42 54 73
-0.1172279 0.4952680 0.3324864 42 54 73
-0.1220370 0.4808424 0.3343175 42 54 73
-0.0763224 0.4641851 0.3594950 42 54 73
-0.0968459 0.4500346 0.3425604 42 54 73
-0.1211437 0.4521728 0.3642283 42 54 73
-0.0870389 0.4709763 0.3747879 42 54 73
-0.0828711 0.4675011 0.3703948 42 54 73
-0.1281439 0.5182089 0.3666109 42 54 73
-0.0952821 0.4711715 0.3335392 42 54 73
-0.1242981 0.4508342 0.3584642 42 54 73
-0.0910415 0.4473083 0.3517768 42 54 73
-0.0980579 0.4455053 0.3486634 42 54 73
-0.0988861 0.4504346 0.3424539 42 54 73
-0.1115093 0.4442846 0.3593605 42 54 73
-0.1209299 0.5274021 0.3441496 42 54 73
-0.1228368 0.4524293 0.3623666 42 54 73
-0.1205311 0.4998642 0.3769917 42 54 73
-0.0761053 0.4813914 0.3416653 42 54 73
-0.1335806 0.5171206 0.3554513 42 54 73
-0.0887550 0.5305647 0.3519845 42 54 73
-0.0864179 0.5297430 0.3528121 42 54 73
-0.1126639 0.5362218 0.3540561 42 54 73
-0.1038970 0.4794171 0.3305651 42 54 73
-0.0828181 0.4903854 0.3361014 42 54 73
-0.1359376 0.5068026 0.3585241 42 54 73
-0.1085481 0.4426713 0.3559438 42 54 73
-0.1205090 0.4527087 0.3445970 42 54 73
-0.1043353 0.4447045 0.3598868 42 54 73
-0.1021360 0.5375862 0.3510949 42 54 73
-0.1324629 0.4784971 0.3401057 42 54 73
-0.0954630 0.5351785 0.3574286 42 54 73
-0.1101188 0.5358672 0.3541142 42 54 73
-0.0886287 0.4581695 0.3683034 42 54 73
-0.1133085 0.4662216 0.3336546 42 54 73
-0.0735926 0.5068398 0.3612794 42 54 73
-0.0883186 0.4673745 0.3722961 42 54 73
-0.1014993 0.5085223 0.3330420 42 54 73
-0.0710153 0.4950457 0.3600039 42 54 73
-0.0775654 0.5176240 0.3624309 42 54 73
-0.1197005 0.5324336 0.3557792 42 54 73
-0.0873783 0.4998699 0.3343986 42 54 73
-0.1057774 0.4632678 0.3753600 42 54 73
-0.0830997 0.4969983 0.3358923 42 54 73
-0.1086339 0.5274331 0.3398091 42 54 73
-0.1026077 0.5077497 0.3320004 42 54 73
-0.0923437 0.4531067 0.3432161 42 54 73
-0.0809416 0.5189950 0.3654487 42 54 73
-0.0748941 0.4678691 0.3609162 42 54 73
-0.1167497 0.4669527 0.3350838 42 54 73
-0.1276115 0.4899915 0.3744985 42 54 73
-0.1135074 0.5145392 0.3749031 42 54 73
-0.0810490 0.5036952 0.3382886 42 54 73
-0.1312150 0.4634801 0.3624734 42 54 73
-0.0730284 0.5055445 0.3631184 42 54 73
-0.1032122 0.4453787 0.3531880 42 54 73
-0.1007199 0.5205705 0.3739495 42 54 73
-0.1013451 0.4449314 0.3576414 42 54 73
-0.1288535 0.4634863 0.3440487 42 54 73
-0.1047025 0.5360075 0.3545480 42 54 73
-0.1027475 0.4619123 0.3740446 42 54 73
-0.0853876 0.5147129 0.3698560 42 54 73
-0.0937873 0.4698631 0.3335792 42 54 73
-0.1030473 0.4750955 0.3321390 42 54 73
-0.0793115 0.4599096 0.3487463 42 54 73
-0.1166877 0.5345619 0.3550690 42 54 73
-0.1380666 0.4929704 0.3458241 42 54 73
-0.1168964 0.5328212 0.3621246 42 54 73
-0.1296054 0.4598402 0.3629794 42 54 73
-0.1028193 0.4953261 0.3794514 42 54 73
-0.0912057 0.4478090 0.3614811 42 54 73
-0.1062713 0.4464824 0.3455674 42 54 73
-0.1273089 0.4704922 0.3714738 42 54 73
-0.1062139 0.4689740 0.3759010 42 54 73
-0.0718375 0.5065013 0.3588727 42 54 73
-0.0873091 0.5251407 0.3432941 42 54 73
-0.0819717 0.4629215 0.3650999 42 54 73
-0.1244511 0.4836698 0.3339002 42 54 73
-0.1406627 0.4922925 0.3530380 42 54 73
-0.0803394 0.5175415 0.3462362 42 54 73
-0.0696198 0.4976101 0.3554812 42 54 73
-0.0971246 0.4446564 0.3493079 42 54 73
-0.1141963 0.4437085 0.3505364 42 54 73
-0.1265695 0.4651915 0.3404926 42 54 73
-0.1090275 0.4428928 0.3563352 42 54 73
-0.0963415 0.4567445 0.3389224 42 54 73
-0.0964670 0.5308163 0.3456420 42 54 73
-0.0797610 0.4714858 0.3400955 42 54 73
-0.1181926 0.5226980 0.3401763 42 54 73
-0.1091009 0.5001196 0.3793356 42 54 73
-0.0790133 0.5166025 0.3627354 42 54 73
-0.0863587 0.5120071 0.3732595 42 54 73
-0.0887295 0.4879800 0.3331806 42 54 73
-0.0914799 0.4978319 0.3320216 42 54 73
-0.1214563 0.5092201 0.3347161 42 54 73
-0.0860260 0.4566155 0.3449153 42 54 73
-0.0724454 0.4998518 0.3625185 42 54 73
-0.1325181 0.4796150 0.3689816 42 54 73
-0.0848833 0.5290953 0.3514100 42 54 73
-0.0766780 0.4832835 0.3689808 42 54 73
-0.1391796 0.4984282 0.3574758 42 54 73
-0.0802062 0.5168433 0.3459443 42 54 73
-0.1278144 0.4554102 0.3568402 42 54 73
-0.1063939 0.4950592 0.3300753 42 54 73
-0.0919076 0.4821605 0.3767146 42 54 73
-0.1286679 0.4770616 0.3372772 42 54 73
-0.0765598 0.4826534 0.3422572 42 54 73
-0.1022757 0.5205904 0.3364480 42 54 73
-0.1221597 0.5157829 0.3385150 42 54 73
-0.1317386 0.4895321 0.3388446 42 54 73
-0.0705888 0.4833356 0.3527777 42 54 73
-0.1091638 0.5359709 0.3539343 42 54 73
-0.0888644 0.4761696 0.3347319 42 54 73
-0.1380256 0.4788288 0.3617758 42 54 73
-0.1126703 0.5351273 0.3519494 42 54 73
-0.1361673 0.4920368 0.3669913 42 54 73
-0.1295363 0.4559600 0.3550560 42 54 73
-0.0725946 0.5025994 0.3587271 42 54 73
-0.1291294 0.4601046 0.3479473 42 54 73
-0.1221643 0.5310909 0.3556512 42 54 73
-0.0840448 0.4523113 0.3536108 42 54 73
-0.1335386 0.5155581 0.3637060 42 54 73
-0.1315954 0.5186279 0.3484126 42 54 73
-0.0853033 0.4497099 0.3562056 42 54 73
-0.1240235 0.5174383 0.3398670 42 54 73
-0.0872674 0.5016825 0.3339072 42 54 73
-0.1016693 0.4863056 0.3803328 42 54 73
-0.0987299 0.4585111 0.3377643 42 54 73
-0.1345270 0.5008311 0.3651494 42 54 73
-0.1353840 0.5110502 0.3514902 42 54 73
-0.0805998 0.4575787 0.3508704 42 54 73
-0.1107024 0.5357908 0.3495870 42 54 73
-0.1244356 0.5261249 0.3459706 42 54 73
-0.0719320 0.4890831 0.3571774 42 54 73
-0.1231246 0.4671322 0.3723145 42 54 73
-0.1042000 0.4531215 0.3701673 42 54 73
-0.0989534 0.4485558 0.3645578 42 54 73
-0.1104135 0.4493009 0.3665223 42 54 73
-0.1060878 0.4539704 0.3695168 42 54 73
-0.1131503 0.4813419 0.3305902 42 54 73
-0.1136308 0.4947781 0.3787053 42 54 73
-0.0838352 0.5233811 0.3455146 42 54 73
-0.1111365 0.5282977 0.3413917 42 54 73
-0.0897068 0.5181580 0.3396153 42 54 73
-0.1248245 0.5099798 0.3383442 42 54 73
-0.0826719 0.4889525 0.3351839 42 54 73
-0.0781396 0.5174487 0.3614823 42 54 73
-0.1071856 0.4704976 0.3322248 42 54 73
-0.1379683 0.5000608 0.3479894 42 54 73
-0.1383856 0.4991285 0.3553696 42 54 73
-0.1346956 0.5001876 0.3687355 42 54 73
-0.0971365 0.5217835 0.3713726 42 54 73
-0.1051848 0.4858508 0.3297158 42 54 73
-0.0872901 0.5061861 0.3345464 42 54 73
-0.1224308 0.5225509 0.3693154 42 54 73
-0.1070628 0.4617048 0.3346538 42 54 73
-0.0912316 0.5297241 0.3469092 42 54 73
-0.0976088 0.5356149 0.3572707 42 54 73
-0.1192760 0.5337337 0.3572252 42 54 73
-0.1101339 0.5349181 0.3572394 42 54 73
0.1013010 0.4512196 0.3401631 42 54 73
0.1031755 0.4756581 0.3317137 42 54 73
0.0790503 0.5057154 0.3705932 42 54 73
0.0933841 0.4824167 0.3784342 42 54 73
0.0728650 0.5081065 0.3609472 42 54 73
0.1056283 0.5367010 0.3601546 42 54 73
0.1203775 0.4867024 0.3331384 42 54 73
0.0892017 0.4718240 0.3740429 42 54 73
0.1089636 0.5346333 0.3493342 42 54 73
0.1240135 0.5249465 0.3644344 42 54 73
0.0728732 0.4717759 0.3585432 42 54 73
0.1301923 0.4887106 0.3723526 42 54 73
0.1330916 0.5052292 0.3419671 42 54 73
0.1193849 0.4909871 0.3318078 42 54 73
0.1112756 0.4959187 0.3294912 42 54 73
0.0756339 0.4664382 0.3491878 42 54 73
0.1016937 0.5051313 0.3314749 42 54 73
0.1233758 0.4716491 0.3747479 42 54 73
0.1065932 0.4631916 0.3341068 42 54 73
0.1035608 0.5253825 0.3382832 42 54 73
0.0920023 0.5120447 0.3739241 42 54 73
0.0965648 0.5196796 0.3376062 42 54 73
0.1019230 0.5372364 0.3490626 42 54 73
0.1146894 0.5222518 0.3376995 42 54 73
0.0986239 0.4885232 0.3306604 42 54 73
0.0845911 0.4703434 0.3722989 42 54 73
0.1089250 0.5033000 0.3314046 42 54 73
0.1381812 0.5004709 0.3615639 42 54 73
0.1022943 0.4527895 0.3706066 42 54 73
0.1371774 0.5057246 0.3522516 42 54 73
0.1148623 0.4680823 0.3346986 42 54 73
0.0918856 0.4495093 0.3625280 42 54 73
0.1002857 0.5123870 0.3763628 42 54 73
0.1346626 0.4994338 0.3667978 42 54 73
0.1042046 0.5146949 0.3349812 42 54 73
0.0994630 0.5243838 0.3383175 42 54 73
0.1148121 0.4739558 0.3777622 42 54 73
0.1214475 0.4520593 0.3471520 42 54 73
0.0925866 0.4467342 0.3488870 42 54 73
0.0860486 0.4928030 0.3340349 42 54 73
0.0785418 0.4634243 0.3621573 42 54 73
0.0768504 0.5167183 0.3610958 42 54 73
0.0735872 0.5107641 0.3537599 42 54 73
0.0959378 0.4843775 0.3788780 42 54 73
0.1127454 0.4452789 0.3519315 42 54 73
0.1293196 0.4560347 0.3553919 42 54 73
0.1223397 0.5253929 0.3436834 42 54 73
0.1180595 0.4689491 0.3347531 42 54 73
0.0953590 0.4492845 0.3439085 42 54 73
0.1311152 0.4682702 0.3446091 42 54 73
0.0731573 0.4829417 0.3637853 42 54 73
0.1406911 0.4844041 0.3564145 42 54 73
0.1187479 0.5270572 0.3453070 42 54 73
0.0844129 0.4635133 0.3681749 42 54 73
0.0793467 0.4595602 0.3614280 42 54 73
0.0917185 0.4695537 0.3345675 42 54 73
0.0802122 0.5040451 0.3705448 42 54 73
0.0836490 0.4641487 0.3410245 42 54 73
0.0836414 0.4993627 0.3362500 42 54 73
0.1303793 0.4808421 0.3389789 42 54 73
0.0875044 0.4677832 0.3375764 42 54 73
0.0720822 0.4991699 0.3628682 42 54 73
0.1293093 0.5152787 0.3417298 42 54 73
0.0757265 0.5122955 0.3604077 42 54 73
0.0743218 0.5025516 0.3667420 42 54 73
0.0797555 0.4846334 0.3714713 42 54 73
0.0948914 0.4549304 0.3702495 42 54 73
0.1347340 0.4886662 0.3407047 42 54 73
0.1371611 0.4757589 0.3599496 42 54 73
0.0714796 0.4924624 0.3626800 42 54 73
0.0900156 0.4865050 0.3322364 42 54 73
0.1166923 0.5299309 0.3639446 42 54 73
0.0941843 0.5233552 0.3716475 42 54 73
0.1148895 0.4948673 0.3311583 42 54 73
0.0926259 0.5331112 0.3568300 42 54 73
0.0986381 0.5346873 0.3605369 42 54 73
0.0756959 0.4843393 0.3674016 42 54 73
0.1342461 0.4645960 0.3516371 42 54 73
0.0971021 0.5355586 0.3514799 42 54 73
0.0895266 0.5069801 0.3338577 42 54 73
0.1195125 0.4476328 0.3522966 42 54 73
0.0950217 0.4451048 0.3543406 42 54 73
0.0831194 0.4527059 0.3549329 42 54 73
0.1044841 0.5118618 0.3767861 42 54 73
0.1044826 0.5375071 0.3579696 42 54 73
0.1329220 0.4604966 0.3583629 42 54 73
0.0860006 0.4949727 0.3752508 42 54 73
0.1109504 0.5341104 0.3459608 42 54 73
0.0758082 0.5184844 0.3563498 42 54 73
0.1168590 0.4466079 0.3618422 42 54 73
0.1085319 0.4990273 0.3790320 42 54 73
0.0815826 0.4612526 0.3448768 42 54 73
0.1268646 0.4987515 0.3737753 42 54 73
0.0836961 0.4761745 0.3367720 42 54 73
0.0727968 0.4938980 0.3455248 42 54 73
0.0934209 0.4674451 0.3359570 42 54 73
0.0946693 0.4588788 0.3725615 42 54 73
0.0777982 0.5080441 0.3681602 42 54 73
0.1343244 0.4834302 0.3408991 42 54 73
0.1386173 0.4822078 0.3525690 42 54 73
0.0727276 0.5052140 0.3617988 42 54 73
0.1047911 0.5303711 0.3681341 42 54 73
0.1051714 0.5040295 0.3791087 42 54 73
0.0748617 0.5100786 0.3610805 42 54 73
0.0819590 0.4915352 0.3743164 42 54 73
0.0709054 0.5014338 0.3546571 42 54 73
0.1307687 0.4809288 0.3394739 42 54 73
0.0824702 0.4635011 0.3441877 42 54 73
0.1203400 0.5309693 0.3484874 42 54 73
0.1383227 0.4807685 0.3583929 42 54 73
0.0959630 0.4463596 0.3497730 42 54 73
0.1345781 0.4776283 0.3453911 42 54 73
0.0851344 0.5074816 0.3373748 42 54 73
0.1378426 0.4912201 0.3622938 42 54 73
0.0884967 0.4882052 0.3328850 42 54 73
0.0787726 0.4745304 0.3406360 42 54 73
0.1075809 0.4425744 0.3588842 42 54 73
0.1083396 0.4737414 0.3786271 42 54 73
0.1225560 0.5013587 0.3340953 42 54 73
0.1120074 0.4658016 0.3342705 42 54 73
0.1171267 0.5019895 0.3769615 42 54 73
0.0819014 0.4877351 0.3371872 42 54 73
0.1000203 0.5274343 0.3394419 42 54 73
0.1162730 0.5320046 0.3466245 42 54 73
0.1207637 0.5272338 0.3443708 42 54 73
0.1290156 0.4598217 0.3467684 42 54 73
0.1186318 0.5180664 0.3708586 42 54 73
0.0965035 0.4457408 0.3608069 42 54 73
0.0923398 0.4506165 0.3652292 42 54 73
0.0744362 0.4689583 0.3604867 42 54 73
0.1147811 0.4692574 0.3341818 42 54 73
0.1271301 0.4722619 0.3376505 42 54 73
0.0893637 0.4982258 0.3767779 42 54 73
0.0788391 0.4773682 0.3403054 42 54 73
0.1100836 0.5358627 0.3558066 42 54 73
0.1105316 0.5011817 0.3789763 42 54 73
0.1311824 0.4574220 0.3548492 42 54 73
0.1312062 0.4951117 0.3397883 42 54 73
0.1385965 0.4762665 0.3581772 42 54 73
0.1353234 0.5097095 0.3608521 42 54 73
0.0990978 0.4748905 0.3318008 42 54 73
0.1107110 0.4817425 0.3794314 42 54 73
0.1398799 0.4924257 0.3577980 42 54 73
0.1377402 0.5003664 0.3503123 42 54 73
0.0745942 0.5077603 0.3612371 42 54 73
0.0710746 0.4960650 0.3527516 42 54 73
0.1058612 0.4964066 0.3795765 42 54 73
0.1366774 0.4975079 0.3456872 42 54 73
0.1006682 0.4761576 0.3777640 42 54 73
0.0751911 0.4703387 0.3486297 42 54 73
0.1298797 0.4751247 0.3716743 42 54 73
0.1055130 0.5367453 0.3473736 42 54 73
0.1125927 0.4482887 0.3437732 42 54 73
0.1276218 0.4652611 0.3423034 42 54 73
0.1224686 0.4939124 0.3772819 42 54 73
0.0748790 0.4650168 0.3552179 42 54 73
0.0933200 0.4876645 0.3791868 42 54 73
0.0769358 0.5157244 0.3555259 42 54 73
0.1070428 0.4896408 0.3305389 42 54 73
0.0899683 0.5102338 0.3750022 42 54 73
0.0904128 0.4515785 0.3616529 42 54 73
0.1277900 0.4835496 0.3738069 42 54 73
0.0941071 0.5281442 0.3659490 42 54 73
0.0790226 0.5124978 0.3663729 42 54 73
0.0910507 0.4591850 0.3396284 42 54 73
0.0736185 0.5085601 0.3548444 42 54 73
0.0832097 0.4710889 0.3705761 42 54 73
0.0823082 0.5237913 0.3605831 42 54 73
0.1382930 0.4825127 0.3476018 42 54 73
0.1164145 0.5040920 0.3331949 42 54 73
0.1360848 0.4973114 0.3442461 42 54 73
0.0693596 0.4934865 0.3546888 42 54 73
0.0747848 0.5115150 0.3600839 42 54 73
0.1128405 0.4478652 0.3639599 42 54 73
0.0936326 0.5267990 0.3414910 42 54 73
0.1149649 0.4449523 0.3578191 42 54 73
0.0977267 0.5354502 0.3503622 42 54 73
0.0903102 0.4475237 0.3600567 42 54 73
0.1194787 0.4520226 0.3651419 42 54 73
0.1238499 0.4687045 0.3726469 42 54 73
